2026-07-29T21:30:56.271047Z  INFO herdr::platform::macos: raised server file descriptor soft limit previous=256 target=8192
2026-07-29T21:30:56.271820Z  INFO herdr::api::server: api server listening path=/Users/alex/.config/herdr/herdr.sock
2026-07-29T21:30:56.272183Z  INFO herdr::app: using pane scrollback configuration pane_scrollback_limit_bytes=10000000
2026-07-29T21:30:56.296457Z  WARN herdr::app: unknown theme, falling back theme="catppuccin-frappe" fallback="catppuccin"
2026-07-29T21:30:56.298797Z  INFO herdr::logging: checking for updates event="update.check.start" subsystem="update" outcome="started"
2026-07-29T21:30:56.304175Z  INFO herdr::logging: spawning pane terminal event="pane.spawn.start" subsystem="pane" outcome="started" pane_id=1 rows=24 cols=80 scrollback_limit_bytes=10000000
2026-07-29T21:30:56.306437Z  INFO herdr::logging: pane child spawned event="pane.spawned" subsystem="pane" outcome="ok" pane_id=1 pid=48067
2026-07-29T21:30:56.306555Z  INFO herdr::logging: workspace created event="workspace.create" subsystem="workspace" outcome="ok" workspace_id="w1" pane_id=1
2026-07-29T21:30:56.306561Z  INFO herdr::logging: workspace focused event="workspace.focus" subsystem="workspace" outcome="ok" workspace_id="w1"
2026-07-29T21:30:56.306567Z  INFO herdr::logging: tab focused event="tab.focus" subsystem="tab" outcome="ok" workspace_id="w1" tab_id="w1:t1"
2026-07-29T21:30:56.306573Z  INFO herdr::server::headless: created startup workspace cwd=/Users/alex/Downloads
2026-07-29T21:30:56.306668Z  INFO herdr::server::headless: client protocol socket listening path=/Users/alex/.config/herdr/herdr-client.sock
2026-07-29T21:30:56.306687Z  INFO herdr::server::headless: herdr server started api_socket=/Users/alex/.config/herdr/herdr.sock client_socket=/Users/alex/.config/herdr/herdr-client.sock
2026-07-29T21:30:56.306818Z  INFO herdr::logging: herdr starting event="app.startup" subsystem="server" outcome="started" pid=48010
2026-07-29T21:30:56.418816Z  INFO herdr::server::headless: client connected client_id=2 cols=128 rows=70 cell_width_px=0 cell_height_px=0 render_encoding=SemanticFrame
2026-07-29T21:30:56.419171Z  WARN herdr::app: unknown theme, falling back theme="catppuccin-frappe" fallback="catppuccin"
2026-07-29T21:31:01.314959Z  INFO herdr::logging: session saved event="persist.save" subsystem="persist" outcome="ok" path=/Users/alex/.config/herdr/session.json workspaces=1
2026-07-29T21:31:07.161142Z  INFO herdr::logging: api request received event="api.request.start" subsystem="api" outcome="started" request_id="cli:plugin" method="plugin.pane.open" changes_ui=true
2026-07-29T21:31:07.162157Z  INFO herdr::logging: spawning pane terminal event="pane.spawn.start" subsystem="pane" outcome="started" pane_id=2 rows=69 cols=124 scrollback_limit_bytes=10000000
2026-07-29T21:31:07.166332Z  INFO herdr::logging: pane child spawned event="pane.spawned" subsystem="pane" outcome="ok" pane_id=2 pid=48368
2026-07-29T21:31:07.166524Z  INFO herdr::logging: tab focused event="tab.focus" subsystem="tab" outcome="ok" workspace_id="w1" tab_id="w1:t1"
2026-07-29T21:31:07.167191Z  INFO herdr::logging: api request completed event="api.request.complete" subsystem="api" outcome="ok" request_id="cli:plugin" method="plugin.pane.open"
2026-07-29T21:31:12.175802Z  INFO herdr::logging: session saved event="persist.save" subsystem="persist" outcome="ok" path=/Users/alex/.config/herdr/session.json workspaces=1
2026-07-29T21:31:36.043127Z  INFO herdr::logging: api request received event="api.request.start" subsystem="api" outcome="started" request_id="cli:workspace:create" method="workspace.create" changes_ui=true
2026-07-29T21:31:36.043295Z  INFO herdr::logging: spawning pane terminal event="pane.spawn.start" subsystem="pane" outcome="started" pane_id=3 rows=69 cols=124 scrollback_limit_bytes=10000000
2026-07-29T21:31:36.047117Z  INFO herdr::logging: pane child spawned event="pane.spawned" subsystem="pane" outcome="ok" pane_id=3 pid=48392
2026-07-29T21:31:36.047435Z  INFO herdr::logging: workspace created event="workspace.create" subsystem="workspace" outcome="ok" workspace_id="w2" pane_id=3
2026-07-29T21:31:36.047460Z  INFO herdr::logging: workspace focused event="workspace.focus" subsystem="workspace" outcome="ok" workspace_id="w2"
2026-07-29T21:31:36.047468Z  INFO herdr::logging: tab focused event="tab.focus" subsystem="tab" outcome="ok" workspace_id="w2" tab_id="w2:t1"
2026-07-29T21:31:36.047479Z  INFO herdr::logging: workspace renamed event="workspace.rename" subsystem="workspace" outcome="ok" workspace_id="w2"
2026-07-29T21:31:36.049011Z  INFO herdr::logging: api request completed event="api.request.complete" subsystem="api" outcome="ok" request_id="cli:workspace:create" method="workspace.create"
2026-07-29T21:31:36.063677Z  INFO herdr::logging: api request received event="api.request.start" subsystem="api" outcome="started" request_id="cli:notification:show" method="notification.show" changes_ui=true
2026-07-29T21:31:36.063732Z  INFO herdr::logging: api request completed event="api.request.complete" subsystem="api" outcome="ok" request_id="cli:notification:show" method="notification.show"
2026-07-29T21:31:36.064800Z  INFO herdr::logging: pane child exited event="pane.exit" subsystem="pane" outcome="completed" pane_id=2 status="ExitStatus { code: 0, signal: None }"
2026-07-29T21:31:36.065260Z  INFO herdr::pane: pane session terminated pane=2 pid=48368 signal=Hangup
2026-07-29T21:31:41.071983Z  INFO herdr::logging: session saved event="persist.save" subsystem="persist" outcome="ok" path=/Users/alex/.config/herdr/session.json workspaces=2
2026-07-29T21:31:43.760049Z  INFO herdr::server::headless: client detach requested via keybind client_id=2
2026-07-29T21:31:43.763657Z  INFO herdr::server::headless: client disconnected client_id=2
2026-07-29T21:31:48.611602Z  INFO herdr::server::headless: client connected client_id=4 cols=128 rows=70 cell_width_px=0 cell_height_px=0 render_encoding=SemanticFrame
2026-07-29T21:31:48.611652Z  WARN herdr::app: unknown theme, falling back theme="catppuccin-frappe" fallback="catppuccin"
2026-07-29T21:31:48.614117Z  WARN herdr::app: unknown theme, falling back theme="catppuccin-frappe" fallback="catppuccin"
2026-07-29T21:31:52.055017Z  INFO herdr::server::headless: client detach requested via keybind client_id=4
2026-07-29T21:31:52.057324Z  INFO herdr::server::headless: client disconnected client_id=4
2026-07-29T21:32:18.025715Z  INFO herdr::server::headless: client connected client_id=6 cols=128 rows=70 cell_width_px=0 cell_height_px=0 render_encoding=SemanticFrame
2026-07-29T21:32:18.025834Z  WARN herdr::app: unknown theme, falling back theme="catppuccin-frappe" fallback="catppuccin"
2026-07-29T21:32:18.029902Z  WARN herdr::app: unknown theme, falling back theme="catppuccin-frappe" fallback="catppuccin"
2026-07-29T21:32:23.175576Z  WARN herdr::app: unknown theme, falling back theme="catppuccin-frappe" fallback="catppuccin"
2026-07-29T21:32:23.175907Z  WARN herdr::app: unknown theme, falling back theme="catppuccin-frappe" fallback="catppuccin"
2026-07-29T21:32:28.840259Z  INFO herdr::server::headless: client detach requested via keybind client_id=6
2026-07-29T21:32:28.842731Z  INFO herdr::server::headless: client disconnected client_id=6
2026-07-29T21:32:33.170026Z  INFO herdr::server::headless: client connected client_id=8 cols=128 rows=70 cell_width_px=0 cell_height_px=0 render_encoding=SemanticFrame
2026-07-29T21:32:33.170114Z  WARN herdr::app: unknown theme, falling back theme="catppuccin-frappe" fallback="catppuccin"
2026-07-29T21:32:33.174117Z  WARN herdr::app: unknown theme, falling back theme="catppuccin-frappe" fallback="catppuccin"
2026-07-29T21:33:09.417101Z  INFO herdr::server::headless: client detach requested via keybind client_id=8
2026-07-29T21:33:09.419831Z  INFO herdr::server::headless: client disconnected client_id=8
2026-07-29T21:33:26.198952Z  INFO herdr::server::headless: client connected client_id=10 cols=128 rows=70 cell_width_px=0 cell_height_px=0 render_encoding=SemanticFrame
2026-07-29T21:33:26.199046Z  WARN herdr::app: unknown theme, falling back theme="catppuccin-frappe" fallback="catppuccin"
2026-07-29T21:33:26.203439Z  WARN herdr::app: unknown theme, falling back theme="catppuccin-frappe" fallback="catppuccin"
2026-07-29T21:33:30.133568Z  WARN herdr::app: unknown theme, falling back theme="catppuccin-frappe" fallback="catppuccin"
2026-07-29T21:33:30.133984Z  WARN herdr::app: unknown theme, falling back theme="catppuccin-frappe" fallback="catppuccin"
2026-07-29T21:35:14.683383Z  INFO herdr::logging: workspace closed event="workspace.close" subsystem="workspace" outcome="ok" workspace_id="w2"
2026-07-29T21:35:14.685807Z  INFO herdr::logging: pane child exited event="pane.exit" subsystem="pane" outcome="completed" pane_id=3 status="ExitStatus { code: 1, signal: None }"
2026-07-29T21:35:14.706566Z  INFO herdr::pane: pane session terminated pane=3 pid=48392 signal=Hangup
2026-07-29T21:35:14.708389Z  WARN herdr::app::actions: PaneDied for unknown pane pane=3
2026-07-29T21:35:17.405789Z  INFO herdr::logging: workspace closed event="workspace.close" subsystem="workspace" outcome="ok" workspace_id="w1"
2026-07-29T21:35:17.408526Z  INFO herdr::logging: pane child exited event="pane.exit" subsystem="pane" outcome="completed" pane_id=1 status="ExitStatus { code: 1, signal: None }"
2026-07-29T21:35:17.431668Z  INFO herdr::pane: pane session terminated pane=1 pid=48067 signal=Hangup
2026-07-29T21:35:17.433300Z  WARN herdr::app::actions: PaneDied for unknown pane pane=1
2026-07-29T21:35:17.433492Z  INFO herdr::logging: spawning pane terminal event="pane.spawn.start" subsystem="pane" outcome="started" pane_id=4 rows=69 cols=108 scrollback_limit_bytes=10000000
2026-07-29T21:35:17.441327Z  INFO herdr::logging: pane child spawned event="pane.spawned" subsystem="pane" outcome="ok" pane_id=4 pid=51200
2026-07-29T21:35:17.441615Z  INFO herdr::logging: workspace created event="workspace.create" subsystem="workspace" outcome="ok" workspace_id="w3" pane_id=4
2026-07-29T21:35:17.441629Z  INFO herdr::logging: workspace focused event="workspace.focus" subsystem="workspace" outcome="ok" workspace_id="w3"
2026-07-29T21:35:17.441704Z  INFO herdr::logging: tab focused event="tab.focus" subsystem="tab" outcome="ok" workspace_id="w3" tab_id="w3:t1"
2026-07-29T21:35:19.735512Z  INFO herdr::logging: workspace closed event="workspace.close" subsystem="workspace" outcome="ok" workspace_id="w3"
2026-07-29T21:35:19.737796Z  INFO herdr::logging: pane child exited event="pane.exit" subsystem="pane" outcome="completed" pane_id=4 status="ExitStatus { code: 1, signal: None }"
2026-07-29T21:35:19.756863Z  INFO herdr::pane: pane session terminated pane=4 pid=51200 signal=Hangup
2026-07-29T21:35:19.758497Z  WARN herdr::app::actions: PaneDied for unknown pane pane=4
2026-07-29T21:35:19.758700Z  INFO herdr::logging: spawning pane terminal event="pane.spawn.start" subsystem="pane" outcome="started" pane_id=5 rows=69 cols=108 scrollback_limit_bytes=10000000
2026-07-29T21:35:19.766870Z  INFO herdr::logging: pane child spawned event="pane.spawned" subsystem="pane" outcome="ok" pane_id=5 pid=51231
2026-07-29T21:35:19.767132Z  INFO herdr::logging: workspace created event="workspace.create" subsystem="workspace" outcome="ok" workspace_id="w4" pane_id=5
2026-07-29T21:35:19.767144Z  INFO herdr::logging: workspace focused event="workspace.focus" subsystem="workspace" outcome="ok" workspace_id="w4"
2026-07-29T21:35:19.767217Z  INFO herdr::logging: tab focused event="tab.focus" subsystem="tab" outcome="ok" workspace_id="w4" tab_id="w4:t1"
2026-07-29T21:35:21.269823Z  INFO herdr::server::headless: client detach requested via keybind client_id=10
2026-07-29T21:35:21.272286Z  INFO herdr::server::headless: client disconnected client_id=10
2026-07-29T21:35:24.778154Z  INFO herdr::logging: session saved event="persist.save" subsystem="persist" outcome="ok" path=/Users/alex/.config/herdr/session.json workspaces=1
2026-07-29T21:35:42.874225Z  INFO herdr::server::headless: server shutdown initiated
2026-07-29T21:35:42.929300Z  INFO herdr::server::headless: completing server shutdown
2026-07-29T21:35:42.930708Z  INFO herdr::logging: session saved event="persist.save" subsystem="persist" outcome="ok" path=/Users/alex/.config/herdr/session.json workspaces=1
2026-07-29T21:35:42.930768Z  INFO herdr::server::headless: headless server exiting
2026-07-29T21:35:42.933383Z  INFO herdr::logging: pane child exited event="pane.exit" subsystem="pane" outcome="completed" pane_id=5 status="ExitStatus { code: 1, signal: None }"
2026-07-29T21:35:42.952817Z  INFO herdr::pane: pane session terminated pane=5 pid=51231 signal=Hangup
2026-07-29T21:35:42.953850Z  INFO herdr::logging: herdr exiting event="app.shutdown" subsystem="server" outcome="completed" pid=48010
2026-07-29T21:40:14.138215Z  INFO herdr::platform::macos: raised server file descriptor soft limit previous=256 target=8192
2026-07-29T21:40:14.139182Z  INFO herdr::api::server: api server listening path=/Users/alex/.config/herdr/herdr.sock
2026-07-29T21:40:14.139963Z  INFO herdr::logging: spawning pane terminal event="pane.spawn.start" subsystem="pane" outcome="started" pane_id=1 rows=24 cols=80 scrollback_limit_bytes=10000000
2026-07-29T21:40:14.142780Z  INFO herdr::logging: pane child spawned event="pane.spawned" subsystem="pane" outcome="ok" pane_id=1 pid=51499
2026-07-29T21:40:14.142953Z  INFO herdr::logging: session restore evaluated event="persist.restore" subsystem="persist" outcome="ok" workspaces=1
2026-07-29T21:40:14.142969Z  INFO herdr::app: using pane scrollback configuration pane_scrollback_limit_bytes=10000000
2026-07-29T21:40:14.164882Z  WARN herdr::app: unknown theme, falling back theme="catppuccin-frappe" fallback="catppuccin"
2026-07-29T21:40:14.166348Z  INFO herdr::logging: checking for updates event="update.check.start" subsystem="update" outcome="started"
2026-07-29T21:40:14.170369Z  INFO herdr::server::headless: restored session already has workspaces; ignoring startup cwd cwd=/Users/alex/.dotfiles
2026-07-29T21:40:14.170474Z  INFO herdr::server::headless: client protocol socket listening path=/Users/alex/.config/herdr/herdr-client.sock
2026-07-29T21:40:14.170489Z  INFO herdr::server::headless: herdr server started api_socket=/Users/alex/.config/herdr/herdr.sock client_socket=/Users/alex/.config/herdr/herdr-client.sock
2026-07-29T21:40:14.170621Z  INFO herdr::logging: herdr starting event="app.startup" subsystem="server" outcome="started" pid=51498
2026-07-29T21:40:14.244958Z  INFO herdr::server::headless: client connected client_id=2 cols=128 rows=70 cell_width_px=0 cell_height_px=0 render_encoding=SemanticFrame
2026-07-29T21:40:14.245274Z  WARN herdr::app: unknown theme, falling back theme="catppuccin-frappe" fallback="catppuccin"
2026-07-29T21:40:21.770527Z  INFO herdr::server::headless: client detach requested via keybind client_id=2
2026-07-29T21:40:21.772973Z  INFO herdr::server::headless: client disconnected client_id=2
2026-07-29T21:40:30.641144Z  INFO herdr::server::headless: client connected client_id=4 cols=128 rows=70 cell_width_px=0 cell_height_px=0 render_encoding=SemanticFrame
2026-07-29T21:40:30.641232Z  WARN herdr::app: unknown theme, falling back theme="catppuccin-frappe" fallback="catppuccin"
2026-07-29T21:40:30.646049Z  WARN herdr::app: unknown theme, falling back theme="catppuccin-frappe" fallback="catppuccin"
2026-07-29T21:40:33.801026Z  INFO herdr::logging: api request received event="api.request.start" subsystem="api" outcome="started" request_id="cli:plugin" method="plugin.pane.open" changes_ui=true
2026-07-29T21:40:33.801775Z  INFO herdr::logging: spawning pane terminal event="pane.spawn.start" subsystem="pane" outcome="started" pane_id=2 rows=69 cols=108 scrollback_limit_bytes=10000000
2026-07-29T21:40:33.805624Z  INFO herdr::logging: pane child spawned event="pane.spawned" subsystem="pane" outcome="ok" pane_id=2 pid=51890
2026-07-29T21:40:33.805861Z  INFO herdr::logging: tab focused event="tab.focus" subsystem="tab" outcome="ok" workspace_id="w4" tab_id="w4:t1"
2026-07-29T21:40:33.806401Z  INFO herdr::logging: api request completed event="api.request.complete" subsystem="api" outcome="ok" request_id="cli:plugin" method="plugin.pane.open"
2026-07-29T21:40:38.814822Z  INFO herdr::logging: session saved event="persist.save" subsystem="persist" outcome="ok" path=/Users/alex/.config/herdr/session.json workspaces=1
2026-07-29T21:40:41.008573Z  INFO herdr::logging: api request received event="api.request.start" subsystem="api" outcome="started" request_id="cli:workspace:create" method="workspace.create" changes_ui=true
2026-07-29T21:40:41.008776Z  INFO herdr::logging: spawning pane terminal event="pane.spawn.start" subsystem="pane" outcome="started" pane_id=3 rows=69 cols=108 scrollback_limit_bytes=10000000
2026-07-29T21:40:41.013030Z  INFO herdr::logging: pane child spawned event="pane.spawned" subsystem="pane" outcome="ok" pane_id=3 pid=51899
2026-07-29T21:40:41.013289Z  INFO herdr::logging: workspace created event="workspace.create" subsystem="workspace" outcome="ok" workspace_id="w5" pane_id=3
2026-07-29T21:40:41.013299Z  INFO herdr::logging: workspace focused event="workspace.focus" subsystem="workspace" outcome="ok" workspace_id="w5"
2026-07-29T21:40:41.013385Z  INFO herdr::logging: tab focused event="tab.focus" subsystem="tab" outcome="ok" workspace_id="w5" tab_id="w5:t1"
2026-07-29T21:40:41.013395Z  INFO herdr::logging: workspace renamed event="workspace.rename" subsystem="workspace" outcome="ok" workspace_id="w5"
2026-07-29T21:40:41.014970Z  INFO herdr::logging: api request completed event="api.request.complete" subsystem="api" outcome="ok" request_id="cli:workspace:create" method="workspace.create"
2026-07-29T21:40:41.029611Z  INFO herdr::logging: api request received event="api.request.start" subsystem="api" outcome="started" request_id="cli:notification:show" method="notification.show" changes_ui=true
2026-07-29T21:40:41.029666Z  INFO herdr::logging: api request completed event="api.request.complete" subsystem="api" outcome="ok" request_id="cli:notification:show" method="notification.show"
2026-07-29T21:40:41.030691Z  INFO herdr::logging: pane child exited event="pane.exit" subsystem="pane" outcome="completed" pane_id=2 status="ExitStatus { code: 0, signal: None }"
2026-07-29T21:40:41.031088Z  INFO herdr::pane: pane session terminated pane=2 pid=51890 signal=Hangup
2026-07-29T21:40:46.038851Z  INFO herdr::logging: session saved event="persist.save" subsystem="persist" outcome="ok" path=/Users/alex/.config/herdr/session.json workspaces=2
2026-07-29T21:41:22.629040Z  INFO herdr::server::headless: client detach requested via keybind client_id=4
2026-07-29T21:41:22.631491Z  INFO herdr::server::headless: client disconnected client_id=4
2026-07-29T21:41:27.992722Z  INFO herdr::server::headless: server shutdown initiated
2026-07-29T21:41:28.047806Z  INFO herdr::server::headless: completing server shutdown
2026-07-29T21:41:28.049217Z  INFO herdr::logging: session saved event="persist.save" subsystem="persist" outcome="ok" path=/Users/alex/.config/herdr/session.json workspaces=2
2026-07-29T21:41:28.049254Z  INFO herdr::server::headless: headless server exiting
2026-07-29T21:41:28.052409Z  INFO herdr::logging: pane child exited event="pane.exit" subsystem="pane" outcome="completed" pane_id=3 status="ExitStatus { code: 1, signal: None }"
2026-07-29T21:41:28.074509Z  INFO herdr::pane: pane session terminated pane=3 pid=51899 signal=Hangup
2026-07-29T21:41:28.077619Z  INFO herdr::logging: pane child exited event="pane.exit" subsystem="pane" outcome="completed" pane_id=1 status="ExitStatus { code: 1, signal: None }"
2026-07-29T21:41:28.100364Z  INFO herdr::pane: pane session terminated pane=1 pid=51499 signal=Hangup
2026-07-29T21:41:28.101628Z  INFO herdr::logging: herdr exiting event="app.shutdown" subsystem="server" outcome="completed" pid=51498
2026-07-29T21:47:40.367853Z  INFO herdr::platform::macos: raised server file descriptor soft limit previous=256 target=8192
2026-07-29T21:47:40.368657Z  INFO herdr::api::server: api server listening path=/Users/alex/.config/herdr/herdr.sock
2026-07-29T21:47:40.369195Z  INFO herdr::logging: spawning pane terminal event="pane.spawn.start" subsystem="pane" outcome="started" pane_id=1 rows=24 cols=80 scrollback_limit_bytes=10000000
2026-07-29T21:47:40.372373Z  INFO herdr::logging: pane child spawned event="pane.spawned" subsystem="pane" outcome="ok" pane_id=1 pid=56432
2026-07-29T21:47:40.372640Z  INFO herdr::logging: spawning pane terminal event="pane.spawn.start" subsystem="pane" outcome="started" pane_id=2 rows=24 cols=80 scrollback_limit_bytes=10000000
2026-07-29T21:47:40.375160Z  INFO herdr::logging: pane child spawned event="pane.spawned" subsystem="pane" outcome="ok" pane_id=2 pid=56433
2026-07-29T21:47:40.375510Z  INFO herdr::logging: session restore evaluated event="persist.restore" subsystem="persist" outcome="ok" workspaces=2
2026-07-29T21:47:40.375540Z  INFO herdr::app: using pane scrollback configuration pane_scrollback_limit_bytes=10000000
2026-07-29T21:47:40.396369Z  WARN herdr::app: unknown theme, falling back theme="catppuccin-frappe" fallback="catppuccin"
2026-07-29T21:47:40.397282Z  INFO herdr::logging: checking for updates event="update.check.start" subsystem="update" outcome="started"
2026-07-29T21:47:40.402492Z  INFO herdr::server::headless: restored session already has workspaces; ignoring startup cwd cwd=/Users/alex/.dotfiles
2026-07-29T21:47:40.402617Z  INFO herdr::server::headless: client protocol socket listening path=/Users/alex/.config/herdr/herdr-client.sock
2026-07-29T21:47:40.402631Z  INFO herdr::server::headless: herdr server started api_socket=/Users/alex/.config/herdr/herdr.sock client_socket=/Users/alex/.config/herdr/herdr-client.sock
2026-07-29T21:47:40.402756Z  INFO herdr::logging: herdr starting event="app.startup" subsystem="server" outcome="started" pid=56431
2026-07-29T21:47:40.480285Z  INFO herdr::server::headless: client connected client_id=2 cols=128 rows=70 cell_width_px=0 cell_height_px=0 render_encoding=SemanticFrame
2026-07-29T21:47:40.480931Z  WARN herdr::app: unknown theme, falling back theme="catppuccin-frappe" fallback="catppuccin"
2026-07-29T21:47:45.892497Z  INFO herdr::logging: api request received event="api.request.start" subsystem="api" outcome="started" request_id="cli:plugin" method="plugin.pane.open" changes_ui=true
2026-07-29T21:47:45.893284Z  INFO herdr::logging: spawning pane terminal event="pane.spawn.start" subsystem="pane" outcome="started" pane_id=3 rows=69 cols=108 scrollback_limit_bytes=10000000
2026-07-29T21:47:45.897203Z  INFO herdr::logging: pane child spawned event="pane.spawned" subsystem="pane" outcome="ok" pane_id=3 pid=56848
2026-07-29T21:47:45.897467Z  INFO herdr::logging: tab focused event="tab.focus" subsystem="tab" outcome="ok" workspace_id="w5" tab_id="w5:t1"
2026-07-29T21:47:45.898088Z  INFO herdr::logging: api request completed event="api.request.complete" subsystem="api" outcome="ok" request_id="cli:plugin" method="plugin.pane.open"
2026-07-29T21:47:50.905636Z  INFO herdr::logging: session saved event="persist.save" subsystem="persist" outcome="ok" path=/Users/alex/.config/herdr/session.json workspaces=2
2026-07-29T21:48:08.991757Z  INFO herdr::logging: api request received event="api.request.start" subsystem="api" outcome="started" request_id="cli:workspace:focus" method="workspace.focus" changes_ui=true
2026-07-29T21:48:08.991852Z  INFO herdr::logging: workspace focused event="workspace.focus" subsystem="workspace" outcome="ok" workspace_id="w5"
2026-07-29T21:48:08.991942Z  INFO herdr::logging: tab focused event="tab.focus" subsystem="tab" outcome="ok" workspace_id="w5" tab_id="w5:t1"
2026-07-29T21:48:08.991974Z  INFO herdr::logging: api request completed event="api.request.complete" subsystem="api" outcome="ok" request_id="cli:workspace:focus" method="workspace.focus"
2026-07-29T21:48:09.008750Z  INFO herdr::logging: api request received event="api.request.start" subsystem="api" outcome="started" request_id="cli:notification:show" method="notification.show" changes_ui=true
2026-07-29T21:48:09.008825Z  INFO herdr::logging: api request completed event="api.request.complete" subsystem="api" outcome="ok" request_id="cli:notification:show" method="notification.show"
2026-07-29T21:48:09.010005Z  INFO herdr::logging: pane child exited event="pane.exit" subsystem="pane" outcome="completed" pane_id=3 status="ExitStatus { code: 0, signal: None }"
2026-07-29T21:48:09.010556Z  INFO herdr::pane: pane session terminated pane=3 pid=56848 signal=Hangup
2026-07-29T21:48:14.017116Z  INFO herdr::logging: session saved event="persist.save" subsystem="persist" outcome="ok" path=/Users/alex/.config/herdr/session.json workspaces=2
2026-07-29T21:50:52.677311Z  WARN herdr::app: unknown theme, falling back theme="catppuccin-frappe" fallback="catppuccin"
2026-07-29T21:50:52.677679Z  WARN herdr::app: unknown theme, falling back theme="catppuccin-frappe" fallback="catppuccin"
2026-07-29T21:50:55.951305Z  INFO herdr::logging: api request received event="api.request.start" subsystem="api" outcome="started" request_id="cli:plugin" method="plugin.pane.open" changes_ui=true
2026-07-29T21:50:55.952141Z  INFO herdr::logging: spawning pane terminal event="pane.spawn.start" subsystem="pane" outcome="started" pane_id=4 rows=69 cols=108 scrollback_limit_bytes=10000000
2026-07-29T21:50:55.956053Z  INFO herdr::logging: pane child spawned event="pane.spawned" subsystem="pane" outcome="ok" pane_id=4 pid=56887
2026-07-29T21:50:55.956329Z  INFO herdr::logging: tab focused event="tab.focus" subsystem="tab" outcome="ok" workspace_id="w5" tab_id="w5:t1"
2026-07-29T21:50:55.957014Z  INFO herdr::logging: api request completed event="api.request.complete" subsystem="api" outcome="ok" request_id="cli:plugin" method="plugin.pane.open"
2026-07-29T21:51:00.847092Z  INFO herdr::logging: pane child exited event="pane.exit" subsystem="pane" outcome="completed" pane_id=4 status="ExitStatus { code: 0, signal: None }"
2026-07-29T21:51:00.849060Z  INFO herdr::pane: pane session terminated pane=4 pid=56887 signal=Hangup
2026-07-29T21:51:02.569804Z  INFO herdr::server::headless: client detach requested via keybind client_id=2
2026-07-29T21:51:02.572602Z  INFO herdr::server::headless: client disconnected client_id=2
2026-07-29T21:51:05.854496Z  INFO herdr::logging: session saved event="persist.save" subsystem="persist" outcome="ok" path=/Users/alex/.config/herdr/session.json workspaces=2
2026-07-29T21:51:07.628027Z  INFO herdr::server::headless: server shutdown initiated
2026-07-29T21:51:07.683169Z  INFO herdr::server::headless: completing server shutdown
2026-07-29T21:51:07.684536Z  INFO herdr::logging: session saved event="persist.save" subsystem="persist" outcome="ok" path=/Users/alex/.config/herdr/session.json workspaces=2
2026-07-29T21:51:07.684570Z  INFO herdr::server::headless: headless server exiting
2026-07-29T21:51:07.687577Z  INFO herdr::logging: pane child exited event="pane.exit" subsystem="pane" outcome="completed" pane_id=1 status="ExitStatus { code: 1, signal: None }"
2026-07-29T21:51:07.708480Z  INFO herdr::pane: pane session terminated pane=1 pid=56432 signal=Hangup
2026-07-29T21:51:07.711618Z  INFO herdr::logging: pane child exited event="pane.exit" subsystem="pane" outcome="completed" pane_id=2 status="ExitStatus { code: 1, signal: None }"
2026-07-29T21:51:07.734406Z  INFO herdr::pane: pane session terminated pane=2 pid=56433 signal=Hangup
2026-07-29T21:51:07.735591Z  INFO herdr::logging: herdr exiting event="app.shutdown" subsystem="server" outcome="completed" pid=56431
2026-07-29T21:51:10.282022Z  INFO herdr::platform::macos: raised server file descriptor soft limit previous=256 target=8192
2026-07-29T21:51:10.282809Z  INFO herdr::api::server: api server listening path=/Users/alex/.config/herdr/herdr.sock
2026-07-29T21:51:10.283347Z  INFO herdr::logging: spawning pane terminal event="pane.spawn.start" subsystem="pane" outcome="started" pane_id=1 rows=24 cols=80 scrollback_limit_bytes=10000000
2026-07-29T21:51:10.286264Z  INFO herdr::logging: pane child spawned event="pane.spawned" subsystem="pane" outcome="ok" pane_id=1 pid=56945
2026-07-29T21:51:10.286494Z  INFO herdr::logging: spawning pane terminal event="pane.spawn.start" subsystem="pane" outcome="started" pane_id=2 rows=24 cols=80 scrollback_limit_bytes=10000000
2026-07-29T21:51:10.288731Z  INFO herdr::logging: pane child spawned event="pane.spawned" subsystem="pane" outcome="ok" pane_id=2 pid=56946
2026-07-29T21:51:10.289006Z  INFO herdr::logging: session restore evaluated event="persist.restore" subsystem="persist" outcome="ok" workspaces=2
2026-07-29T21:51:10.289035Z  INFO herdr::app: using pane scrollback configuration pane_scrollback_limit_bytes=10000000
2026-07-29T21:51:10.308598Z  WARN herdr::app: unknown theme, falling back theme="catppuccin-frappe" fallback="catppuccin"
2026-07-29T21:51:10.309547Z  INFO herdr::logging: checking for updates event="update.check.start" subsystem="update" outcome="started"
2026-07-29T21:51:10.314671Z  INFO herdr::server::headless: restored session already has workspaces; ignoring startup cwd cwd=/Users/alex/.dotfiles
2026-07-29T21:51:10.314836Z  INFO herdr::server::headless: client protocol socket listening path=/Users/alex/.config/herdr/herdr-client.sock
2026-07-29T21:51:10.314861Z  INFO herdr::server::headless: herdr server started api_socket=/Users/alex/.config/herdr/herdr.sock client_socket=/Users/alex/.config/herdr/herdr-client.sock
2026-07-29T21:51:10.314994Z  INFO herdr::logging: herdr starting event="app.startup" subsystem="server" outcome="started" pid=56944
2026-07-29T21:51:10.391713Z  INFO herdr::server::headless: client connected client_id=2 cols=128 rows=70 cell_width_px=0 cell_height_px=0 render_encoding=SemanticFrame
2026-07-29T21:51:10.392191Z  WARN herdr::app: unknown theme, falling back theme="catppuccin-frappe" fallback="catppuccin"
2026-07-29T21:51:13.872881Z  INFO herdr::logging: api request received event="api.request.start" subsystem="api" outcome="started" request_id="cli:plugin" method="plugin.pane.open" changes_ui=true
2026-07-29T21:51:13.873774Z  INFO herdr::logging: spawning pane terminal event="pane.spawn.start" subsystem="pane" outcome="started" pane_id=3 rows=69 cols=108 scrollback_limit_bytes=10000000
2026-07-29T21:51:13.878075Z  INFO herdr::logging: pane child spawned event="pane.spawned" subsystem="pane" outcome="ok" pane_id=3 pid=57361
2026-07-29T21:51:13.878340Z  INFO herdr::logging: tab focused event="tab.focus" subsystem="tab" outcome="ok" workspace_id="w5" tab_id="w5:t1"
2026-07-29T21:51:13.878874Z  INFO herdr::logging: api request completed event="api.request.complete" subsystem="api" outcome="ok" request_id="cli:plugin" method="plugin.pane.open"
2026-07-29T21:51:16.940117Z  INFO herdr::logging: pane child exited event="pane.exit" subsystem="pane" outcome="completed" pane_id=3 status="ExitStatus { code: 0, signal: None }"
2026-07-29T21:51:16.942204Z  INFO herdr::pane: pane session terminated pane=3 pid=57361 signal=Hangup
2026-07-29T21:51:21.947521Z  INFO herdr::logging: session saved event="persist.save" subsystem="persist" outcome="ok" path=/Users/alex/.config/herdr/session.json workspaces=2
2026-07-29T21:51:32.756198Z  INFO herdr::logging: workspace closed event="workspace.close" subsystem="workspace" outcome="ok" workspace_id="w5"
2026-07-29T21:51:32.758607Z  INFO herdr::logging: pane child exited event="pane.exit" subsystem="pane" outcome="completed" pane_id=2 status="ExitStatus { code: 1, signal: None }"
2026-07-29T21:51:32.781997Z  INFO herdr::pane: pane session terminated pane=2 pid=56946 signal=Hangup
2026-07-29T21:51:32.783694Z  WARN herdr::app::actions: PaneDied for unknown pane pane=2
2026-07-29T21:51:34.638675Z  INFO herdr::logging: api request received event="api.request.start" subsystem="api" outcome="started" request_id="cli:plugin" method="plugin.pane.open" changes_ui=true
2026-07-29T21:51:34.639554Z  INFO herdr::logging: spawning pane terminal event="pane.spawn.start" subsystem="pane" outcome="started" pane_id=4 rows=69 cols=108 scrollback_limit_bytes=10000000
2026-07-29T21:51:34.643682Z  INFO herdr::logging: pane child spawned event="pane.spawned" subsystem="pane" outcome="ok" pane_id=4 pid=57372
2026-07-29T21:51:34.643920Z  INFO herdr::logging: tab focused event="tab.focus" subsystem="tab" outcome="ok" workspace_id="w4" tab_id="w4:t1"
2026-07-29T21:51:34.644509Z  INFO herdr::logging: api request completed event="api.request.complete" subsystem="api" outcome="ok" request_id="cli:plugin" method="plugin.pane.open"
2026-07-29T21:51:39.648316Z  INFO herdr::logging: session saved event="persist.save" subsystem="persist" outcome="ok" path=/Users/alex/.config/herdr/session.json workspaces=1
2026-07-29T21:51:39.966917Z  INFO herdr::logging: api request received event="api.request.start" subsystem="api" outcome="started" request_id="cli:workspace:create" method="workspace.create" changes_ui=true
2026-07-29T21:51:39.967089Z  INFO herdr::logging: spawning pane terminal event="pane.spawn.start" subsystem="pane" outcome="started" pane_id=5 rows=69 cols=108 scrollback_limit_bytes=10000000
2026-07-29T21:51:39.970931Z  INFO herdr::logging: pane child spawned event="pane.spawned" subsystem="pane" outcome="ok" pane_id=5 pid=57381
2026-07-29T21:51:39.971191Z  INFO herdr::logging: workspace created event="workspace.create" subsystem="workspace" outcome="ok" workspace_id="w6" pane_id=5
2026-07-29T21:51:39.971202Z  INFO herdr::logging: workspace focused event="workspace.focus" subsystem="workspace" outcome="ok" workspace_id="w6"
2026-07-29T21:51:39.971298Z  INFO herdr::logging: tab focused event="tab.focus" subsystem="tab" outcome="ok" workspace_id="w6" tab_id="w6:t1"
2026-07-29T21:51:39.971309Z  INFO herdr::logging: workspace renamed event="workspace.rename" subsystem="workspace" outcome="ok" workspace_id="w6"
2026-07-29T21:51:39.972793Z  INFO herdr::logging: api request completed event="api.request.complete" subsystem="api" outcome="ok" request_id="cli:workspace:create" method="workspace.create"
2026-07-29T21:51:39.987046Z  INFO herdr::logging: api request received event="api.request.start" subsystem="api" outcome="started" request_id="cli:notification:show" method="notification.show" changes_ui=true
2026-07-29T21:51:39.987093Z  INFO herdr::logging: api request completed event="api.request.complete" subsystem="api" outcome="ok" request_id="cli:notification:show" method="notification.show"
2026-07-29T21:51:39.988073Z  INFO herdr::logging: pane child exited event="pane.exit" subsystem="pane" outcome="completed" pane_id=4 status="ExitStatus { code: 0, signal: None }"
2026-07-29T21:51:39.988442Z  INFO herdr::pane: pane session terminated pane=4 pid=57372 signal=Hangup
2026-07-29T21:51:42.455207Z  INFO herdr::logging: workspace closed event="workspace.close" subsystem="workspace" outcome="ok" workspace_id="w6"
2026-07-29T21:51:42.457609Z  INFO herdr::logging: pane child exited event="pane.exit" subsystem="pane" outcome="completed" pane_id=5 status="ExitStatus { code: 1, signal: None }"
2026-07-29T21:51:42.480971Z  INFO herdr::pane: pane session terminated pane=5 pid=57381 signal=Hangup
2026-07-29T21:51:42.482489Z  WARN herdr::app::actions: PaneDied for unknown pane pane=5
2026-07-29T21:51:47.488734Z  INFO herdr::logging: session saved event="persist.save" subsystem="persist" outcome="ok" path=/Users/alex/.config/herdr/session.json workspaces=1
2026-07-29T21:51:49.488631Z  INFO herdr::logging: workspace closed event="workspace.close" subsystem="workspace" outcome="ok" workspace_id="w4"
2026-07-29T21:51:49.490856Z  INFO herdr::logging: pane child exited event="pane.exit" subsystem="pane" outcome="completed" pane_id=1 status="ExitStatus { code: 1, signal: None }"
2026-07-29T21:51:49.512109Z  INFO herdr::pane: pane session terminated pane=1 pid=56945 signal=Hangup
2026-07-29T21:51:49.513729Z  WARN herdr::app::actions: PaneDied for unknown pane pane=1
2026-07-29T21:51:49.513899Z  INFO herdr::logging: spawning pane terminal event="pane.spawn.start" subsystem="pane" outcome="started" pane_id=6 rows=69 cols=108 scrollback_limit_bytes=10000000
2026-07-29T21:51:49.521689Z  INFO herdr::logging: pane child spawned event="pane.spawned" subsystem="pane" outcome="ok" pane_id=6 pid=57429
2026-07-29T21:51:49.521945Z  INFO herdr::logging: workspace created event="workspace.create" subsystem="workspace" outcome="ok" workspace_id="w7" pane_id=6
2026-07-29T21:51:49.521957Z  INFO herdr::logging: workspace focused event="workspace.focus" subsystem="workspace" outcome="ok" workspace_id="w7"
2026-07-29T21:51:49.522103Z  INFO herdr::logging: tab focused event="tab.focus" subsystem="tab" outcome="ok" workspace_id="w7" tab_id="w7:t1"
2026-07-29T21:51:54.532529Z  INFO herdr::logging: session saved event="persist.save" subsystem="persist" outcome="ok" path=/Users/alex/.config/herdr/session.json workspaces=1
2026-07-29T21:52:24.115108Z  INFO herdr::logging: api request received event="api.request.start" subsystem="api" outcome="started" request_id="cli:plugin" method="plugin.pane.open" changes_ui=true
2026-07-29T21:52:24.116302Z  INFO herdr::logging: spawning pane terminal event="pane.spawn.start" subsystem="pane" outcome="started" pane_id=7 rows=69 cols=108 scrollback_limit_bytes=10000000
2026-07-29T21:52:24.120882Z  INFO herdr::logging: pane child spawned event="pane.spawned" subsystem="pane" outcome="ok" pane_id=7 pid=57464
2026-07-29T21:52:24.121129Z  INFO herdr::logging: tab focused event="tab.focus" subsystem="tab" outcome="ok" workspace_id="w7" tab_id="w7:t1"
2026-07-29T21:52:24.121827Z  INFO herdr::logging: api request completed event="api.request.complete" subsystem="api" outcome="ok" request_id="cli:plugin" method="plugin.pane.open"
2026-07-29T21:52:28.125291Z  INFO herdr::logging: api request received event="api.request.start" subsystem="api" outcome="started" request_id="cli:workspace:create" method="workspace.create" changes_ui=true
2026-07-29T21:52:28.125474Z  INFO herdr::logging: spawning pane terminal event="pane.spawn.start" subsystem="pane" outcome="started" pane_id=8 rows=69 cols=108 scrollback_limit_bytes=10000000
2026-07-29T21:52:28.129217Z  INFO herdr::logging: pane child spawned event="pane.spawned" subsystem="pane" outcome="ok" pane_id=8 pid=57473
2026-07-29T21:52:28.129480Z  INFO herdr::logging: workspace created event="workspace.create" subsystem="workspace" outcome="ok" workspace_id="w8" pane_id=8
2026-07-29T21:52:28.129491Z  INFO herdr::logging: workspace focused event="workspace.focus" subsystem="workspace" outcome="ok" workspace_id="w8"
2026-07-29T21:52:28.129577Z  INFO herdr::logging: tab focused event="tab.focus" subsystem="tab" outcome="ok" workspace_id="w8" tab_id="w8:t1"
2026-07-29T21:52:28.129589Z  INFO herdr::logging: workspace renamed event="workspace.rename" subsystem="workspace" outcome="ok" workspace_id="w8"
2026-07-29T21:52:28.131096Z  INFO herdr::logging: api request completed event="api.request.complete" subsystem="api" outcome="ok" request_id="cli:workspace:create" method="workspace.create"
2026-07-29T21:52:28.145480Z  INFO herdr::logging: api request received event="api.request.start" subsystem="api" outcome="started" request_id="cli:notification:show" method="notification.show" changes_ui=true
2026-07-29T21:52:28.145534Z  INFO herdr::logging: api request completed event="api.request.complete" subsystem="api" outcome="ok" request_id="cli:notification:show" method="notification.show"
2026-07-29T21:52:28.146610Z  INFO herdr::logging: pane child exited event="pane.exit" subsystem="pane" outcome="completed" pane_id=7 status="ExitStatus { code: 0, signal: None }"
2026-07-29T21:52:28.147114Z  INFO herdr::pane: pane session terminated pane=7 pid=57464 signal=Hangup
2026-07-29T21:52:33.150724Z  INFO herdr::logging: session saved event="persist.save" subsystem="persist" outcome="ok" path=/Users/alex/.config/herdr/session.json workspaces=2
2026-07-29T21:53:40.698757Z  WARN herdr::app: unknown theme, falling back theme="catppuccin-frappe" fallback="catppuccin"
2026-07-29T21:53:40.699080Z  WARN herdr::app: unknown theme, falling back theme="catppuccin-frappe" fallback="catppuccin"
2026-07-29T21:53:46.803284Z  INFO herdr::logging: workspace closed event="workspace.close" subsystem="workspace" outcome="ok" workspace_id="w8"
2026-07-29T21:53:46.806643Z  INFO herdr::logging: pane child exited event="pane.exit" subsystem="pane" outcome="completed" pane_id=8 status="ExitStatus { code: 1, signal: None }"
2026-07-29T21:53:46.829613Z  INFO herdr::pane: pane session terminated pane=8 pid=57473 signal=Hangup
2026-07-29T21:53:46.830495Z  WARN herdr::app::actions: PaneDied for unknown pane pane=8
2026-07-29T21:53:49.363283Z  WARN herdr::app: unknown theme, falling back theme="catppuccin-frappe" fallback="catppuccin"
2026-07-29T21:53:49.363745Z  WARN herdr::app: unknown theme, falling back theme="catppuccin-frappe" fallback="catppuccin"
2026-07-29T21:53:51.642184Z  INFO herdr::logging: api request received event="api.request.start" subsystem="api" outcome="started" request_id="cli:plugin" method="plugin.pane.open" changes_ui=true
2026-07-29T21:53:51.643095Z  INFO herdr::logging: spawning pane terminal event="pane.spawn.start" subsystem="pane" outcome="started" pane_id=9 rows=69 cols=108 scrollback_limit_bytes=10000000
2026-07-29T21:53:51.646936Z  INFO herdr::logging: pane child spawned event="pane.spawned" subsystem="pane" outcome="ok" pane_id=9 pid=58955
2026-07-29T21:53:51.647122Z  INFO herdr::logging: tab focused event="tab.focus" subsystem="tab" outcome="ok" workspace_id="w7" tab_id="w7:t1"
2026-07-29T21:53:51.647598Z  INFO herdr::logging: api request completed event="api.request.complete" subsystem="api" outcome="ok" request_id="cli:plugin" method="plugin.pane.open"
2026-07-29T21:53:54.862885Z  INFO herdr::logging: api request received event="api.request.start" subsystem="api" outcome="started" request_id="cli:workspace:create" method="workspace.create" changes_ui=true
2026-07-29T21:53:54.863059Z  INFO herdr::logging: spawning pane terminal event="pane.spawn.start" subsystem="pane" outcome="started" pane_id=10 rows=69 cols=108 scrollback_limit_bytes=10000000
2026-07-29T21:53:54.866867Z  INFO herdr::logging: pane child spawned event="pane.spawned" subsystem="pane" outcome="ok" pane_id=10 pid=58964
2026-07-29T21:53:54.867117Z  INFO herdr::logging: workspace created event="workspace.create" subsystem="workspace" outcome="ok" workspace_id="w9" pane_id=10
2026-07-29T21:53:54.867127Z  INFO herdr::logging: workspace focused event="workspace.focus" subsystem="workspace" outcome="ok" workspace_id="w9"
2026-07-29T21:53:54.867204Z  INFO herdr::logging: tab focused event="tab.focus" subsystem="tab" outcome="ok" workspace_id="w9" tab_id="w9:t1"
2026-07-29T21:53:54.867213Z  INFO herdr::logging: workspace renamed event="workspace.rename" subsystem="workspace" outcome="ok" workspace_id="w9"
2026-07-29T21:53:54.868936Z  INFO herdr::logging: api request completed event="api.request.complete" subsystem="api" outcome="ok" request_id="cli:workspace:create" method="workspace.create"
2026-07-29T21:53:54.882391Z  INFO herdr::logging: api request received event="api.request.start" subsystem="api" outcome="started" request_id="cli:notification:show" method="notification.show" changes_ui=true
2026-07-29T21:53:54.882439Z  INFO herdr::logging: api request completed event="api.request.complete" subsystem="api" outcome="ok" request_id="cli:notification:show" method="notification.show"
2026-07-29T21:53:54.883458Z  INFO herdr::logging: pane child exited event="pane.exit" subsystem="pane" outcome="completed" pane_id=9 status="ExitStatus { code: 0, signal: None }"
2026-07-29T21:53:54.883826Z  INFO herdr::pane: pane session terminated pane=9 pid=58955 signal=Hangup
2026-07-29T21:53:58.722523Z  INFO herdr::logging: workspace closed event="workspace.close" subsystem="workspace" outcome="ok" workspace_id="w9"
2026-07-29T21:53:58.724809Z  INFO herdr::logging: pane child exited event="pane.exit" subsystem="pane" outcome="completed" pane_id=10 status="ExitStatus { code: 1, signal: None }"
2026-07-29T21:53:58.746227Z  INFO herdr::pane: pane session terminated pane=10 pid=58964 signal=Hangup
2026-07-29T21:53:58.747951Z  WARN herdr::app::actions: PaneDied for unknown pane pane=10
2026-07-29T21:54:02.250022Z  WARN herdr::app: unknown theme, falling back theme="catppuccin-frappe" fallback="catppuccin"
2026-07-29T21:54:02.250371Z  WARN herdr::app: unknown theme, falling back theme="catppuccin-frappe" fallback="catppuccin"
2026-07-29T21:54:03.756102Z  INFO herdr::logging: session saved event="persist.save" subsystem="persist" outcome="ok" path=/Users/alex/.config/herdr/session.json workspaces=1
2026-07-29T21:54:29.139902Z  INFO herdr::logging: api request received event="api.request.start" subsystem="api" outcome="started" request_id="cli:plugin" method="plugin.pane.open" changes_ui=true
2026-07-29T21:54:29.140813Z  INFO herdr::logging: spawning pane terminal event="pane.spawn.start" subsystem="pane" outcome="started" pane_id=11 rows=69 cols=108 scrollback_limit_bytes=10000000
2026-07-29T21:54:29.145274Z  INFO herdr::logging: pane child spawned event="pane.spawned" subsystem="pane" outcome="ok" pane_id=11 pid=59016
2026-07-29T21:54:29.145575Z  INFO herdr::logging: tab focused event="tab.focus" subsystem="tab" outcome="ok" workspace_id="w7" tab_id="w7:t1"
2026-07-29T21:54:29.146116Z  INFO herdr::logging: api request completed event="api.request.complete" subsystem="api" outcome="ok" request_id="cli:plugin" method="plugin.pane.open"
2026-07-29T21:54:34.149624Z  INFO herdr::logging: session saved event="persist.save" subsystem="persist" outcome="ok" path=/Users/alex/.config/herdr/session.json workspaces=1
2026-07-29T21:55:07.975857Z  INFO herdr::logging: pane child exited event="pane.exit" subsystem="pane" outcome="completed" pane_id=11 status="ExitStatus { code: 0, signal: None }"
2026-07-29T21:55:07.977638Z  INFO herdr::pane: pane session terminated pane=11 pid=59016 signal=Hangup
2026-07-29T21:55:10.312335Z  INFO herdr::logging: api request received event="api.request.start" subsystem="api" outcome="started" request_id="cli:plugin" method="plugin.pane.open" changes_ui=true
2026-07-29T21:55:10.313278Z  INFO herdr::logging: spawning pane terminal event="pane.spawn.start" subsystem="pane" outcome="started" pane_id=12 rows=69 cols=108 scrollback_limit_bytes=10000000
2026-07-29T21:55:10.317503Z  INFO herdr::logging: pane child spawned event="pane.spawned" subsystem="pane" outcome="ok" pane_id=12 pid=59344
2026-07-29T21:55:10.317768Z  INFO herdr::logging: tab focused event="tab.focus" subsystem="tab" outcome="ok" workspace_id="w7" tab_id="w7:t1"
2026-07-29T21:55:10.318435Z  INFO herdr::logging: api request completed event="api.request.complete" subsystem="api" outcome="ok" request_id="cli:plugin" method="plugin.pane.open"
2026-07-29T21:55:12.673193Z  INFO herdr::logging: api request received event="api.request.start" subsystem="api" outcome="started" request_id="cli:workspace:create" method="workspace.create" changes_ui=true
2026-07-29T21:55:12.673356Z  INFO herdr::logging: spawning pane terminal event="pane.spawn.start" subsystem="pane" outcome="started" pane_id=13 rows=69 cols=108 scrollback_limit_bytes=10000000
2026-07-29T21:55:12.677108Z  INFO herdr::logging: pane child spawned event="pane.spawned" subsystem="pane" outcome="ok" pane_id=13 pid=59353
2026-07-29T21:55:12.677380Z  INFO herdr::logging: workspace created event="workspace.create" subsystem="workspace" outcome="ok" workspace_id="wA" pane_id=13
2026-07-29T21:55:12.677391Z  INFO herdr::logging: workspace focused event="workspace.focus" subsystem="workspace" outcome="ok" workspace_id="wA"
2026-07-29T21:55:12.677479Z  INFO herdr::logging: tab focused event="tab.focus" subsystem="tab" outcome="ok" workspace_id="wA" tab_id="wA:t1"
2026-07-29T21:55:12.677491Z  INFO herdr::logging: workspace renamed event="workspace.rename" subsystem="workspace" outcome="ok" workspace_id="wA"
2026-07-29T21:55:12.678997Z  INFO herdr::logging: api request completed event="api.request.complete" subsystem="api" outcome="ok" request_id="cli:workspace:create" method="workspace.create"
2026-07-29T21:55:12.693653Z  INFO herdr::logging: api request received event="api.request.start" subsystem="api" outcome="started" request_id="cli:notification:show" method="notification.show" changes_ui=true
2026-07-29T21:55:12.693722Z  INFO herdr::logging: api request completed event="api.request.complete" subsystem="api" outcome="ok" request_id="cli:notification:show" method="notification.show"
2026-07-29T21:55:12.694773Z  INFO herdr::logging: pane child exited event="pane.exit" subsystem="pane" outcome="completed" pane_id=12 status="ExitStatus { code: 0, signal: None }"
2026-07-29T21:55:12.695222Z  INFO herdr::pane: pane session terminated pane=12 pid=59344 signal=Hangup
2026-07-29T21:55:17.703131Z  INFO herdr::logging: session saved event="persist.save" subsystem="persist" outcome="ok" path=/Users/alex/.config/herdr/session.json workspaces=2
2026-07-29T21:58:34.437034Z  INFO herdr::logging: api request received event="api.request.start" subsystem="api" outcome="started" request_id="cli:plugin" method="plugin.pane.open" changes_ui=true
2026-07-29T21:58:34.438258Z  INFO herdr::logging: spawning pane terminal event="pane.spawn.start" subsystem="pane" outcome="started" pane_id=14 rows=69 cols=108 scrollback_limit_bytes=10000000
2026-07-29T21:58:34.442796Z  INFO herdr::logging: pane child spawned event="pane.spawned" subsystem="pane" outcome="ok" pane_id=14 pid=60818
2026-07-29T21:58:34.443094Z  INFO herdr::logging: tab focused event="tab.focus" subsystem="tab" outcome="ok" workspace_id="wA" tab_id="wA:t1"
2026-07-29T21:58:34.443684Z  INFO herdr::logging: api request completed event="api.request.complete" subsystem="api" outcome="ok" request_id="cli:plugin" method="plugin.pane.open"
2026-07-29T21:58:39.449324Z  INFO herdr::logging: session saved event="persist.save" subsystem="persist" outcome="ok" path=/Users/alex/.config/herdr/session.json workspaces=2
2026-07-29T21:58:39.973818Z  INFO herdr::logging: api request received event="api.request.start" subsystem="api" outcome="started" request_id="cli:workspace:create" method="workspace.create" changes_ui=true
2026-07-29T21:58:39.973970Z  INFO herdr::logging: spawning pane terminal event="pane.spawn.start" subsystem="pane" outcome="started" pane_id=15 rows=69 cols=108 scrollback_limit_bytes=10000000
2026-07-29T21:58:39.977827Z  INFO herdr::logging: pane child spawned event="pane.spawned" subsystem="pane" outcome="ok" pane_id=15 pid=60827
2026-07-29T21:58:39.978133Z  INFO herdr::logging: workspace created event="workspace.create" subsystem="workspace" outcome="ok" workspace_id="wB" pane_id=15
2026-07-29T21:58:39.978148Z  INFO herdr::logging: workspace focused event="workspace.focus" subsystem="workspace" outcome="ok" workspace_id="wB"
2026-07-29T21:58:39.978227Z  INFO herdr::logging: tab focused event="tab.focus" subsystem="tab" outcome="ok" workspace_id="wB" tab_id="wB:t1"
2026-07-29T21:58:39.978240Z  INFO herdr::logging: workspace renamed event="workspace.rename" subsystem="workspace" outcome="ok" workspace_id="wB"
2026-07-29T21:58:39.979854Z  INFO herdr::logging: api request completed event="api.request.complete" subsystem="api" outcome="ok" request_id="cli:workspace:create" method="workspace.create"
2026-07-29T21:58:39.987078Z  INFO herdr::logging: api request received event="api.request.start" subsystem="api" outcome="started" request_id="cli:tab:rename" method="tab.rename" changes_ui=true
2026-07-29T21:58:39.987160Z  INFO herdr::logging: tab renamed event="tab.rename" subsystem="tab" outcome="ok" workspace_id="wB" tab_id="wB:t1"
2026-07-29T21:58:39.987683Z  INFO herdr::logging: api request completed event="api.request.complete" subsystem="api" outcome="ok" request_id="cli:tab:rename" method="tab.rename"
2026-07-29T21:58:39.993829Z  INFO herdr::logging: api request received event="api.request.start" subsystem="api" outcome="started" request_id="cli:tab:create" method="tab.create" changes_ui=true
2026-07-29T21:58:39.993912Z  INFO herdr::logging: spawning pane terminal event="pane.spawn.start" subsystem="pane" outcome="started" pane_id=16 rows=69 cols=108 scrollback_limit_bytes=10000000
2026-07-29T21:58:39.997062Z  INFO herdr::logging: pane child spawned event="pane.spawned" subsystem="pane" outcome="ok" pane_id=16 pid=60830
2026-07-29T21:58:39.997187Z  INFO herdr::logging: tab renamed event="tab.rename" subsystem="tab" outcome="ok" workspace_id="wB" tab_id="wB:t2"
2026-07-29T21:58:39.997994Z  INFO herdr::logging: api request completed event="api.request.complete" subsystem="api" outcome="ok" request_id="cli:tab:create" method="tab.create"
2026-07-29T21:58:40.002969Z  INFO herdr::logging: api request received event="api.request.start" subsystem="api" outcome="started" request_id="cli:tab:create" method="tab.create" changes_ui=true
2026-07-29T21:58:40.003055Z  INFO herdr::logging: spawning pane terminal event="pane.spawn.start" subsystem="pane" outcome="started" pane_id=17 rows=69 cols=108 scrollback_limit_bytes=10000000
2026-07-29T21:58:40.005540Z  INFO herdr::logging: pane child spawned event="pane.spawned" subsystem="pane" outcome="ok" pane_id=17 pid=60832
2026-07-29T21:58:40.005645Z  INFO herdr::logging: tab renamed event="tab.rename" subsystem="tab" outcome="ok" workspace_id="wB" tab_id="wB:t3"
2026-07-29T21:58:40.006345Z  INFO herdr::logging: api request completed event="api.request.complete" subsystem="api" outcome="ok" request_id="cli:tab:create" method="tab.create"
2026-07-29T21:58:40.024227Z  INFO herdr::logging: api request received event="api.request.start" subsystem="api" outcome="started" request_id="cli:notification:show" method="notification.show" changes_ui=true
2026-07-29T21:58:40.024279Z  INFO herdr::logging: api request completed event="api.request.complete" subsystem="api" outcome="ok" request_id="cli:notification:show" method="notification.show"
2026-07-29T21:58:40.025023Z  INFO herdr::logging: pane child exited event="pane.exit" subsystem="pane" outcome="completed" pane_id=14 status="ExitStatus { code: 0, signal: None }"
2026-07-29T21:58:40.025337Z  INFO herdr::pane: pane session terminated pane=14 pid=60818 signal=Hangup
2026-07-29T21:58:40.533147Z  INFO herdr::pane: agent changed pane=15 previous_agent=None agent=Some(Claude) process=claude pgid=Some(60930)
2026-07-29T21:58:45.029259Z  INFO herdr::logging: session saved event="persist.save" subsystem="persist" outcome="ok" path=/Users/alex/.config/herdr/session.json workspaces=3
2026-07-29T21:58:53.000215Z  INFO herdr::logging: session saved event="persist.save" subsystem="persist" outcome="ok" path=/Users/alex/.config/herdr/session.json workspaces=3
2026-07-29T21:59:18.634893Z  INFO herdr::logging: tab focused event="tab.focus" subsystem="tab" outcome="ok" workspace_id="wB" tab_id="wB:t2"
2026-07-29T21:59:20.801907Z  INFO herdr::logging: tab focused event="tab.focus" subsystem="tab" outcome="ok" workspace_id="wB" tab_id="wB:t3"
2026-07-29T21:59:23.082112Z  INFO herdr::logging: tab focused event="tab.focus" subsystem="tab" outcome="ok" workspace_id="wB" tab_id="wB:t2"
2026-07-29T21:59:24.101978Z  INFO herdr::logging: tab focused event="tab.focus" subsystem="tab" outcome="ok" workspace_id="wB" tab_id="wB:t1"
2026-07-29T21:59:25.617131Z  INFO herdr::logging: tab focused event="tab.focus" subsystem="tab" outcome="ok" workspace_id="wB" tab_id="wB:t2"
2026-07-29T21:59:26.344966Z  INFO herdr::logging: tab focused event="tab.focus" subsystem="tab" outcome="ok" workspace_id="wB" tab_id="wB:t3"
2026-07-29T21:59:31.352458Z  INFO herdr::logging: session saved event="persist.save" subsystem="persist" outcome="ok" path=/Users/alex/.config/herdr/session.json workspaces=3
2026-07-29T21:59:35.311272Z  INFO herdr::logging: workspace closed event="workspace.close" subsystem="workspace" outcome="ok" workspace_id="wB"
2026-07-29T21:59:35.314386Z  INFO herdr::logging: pane child exited event="pane.exit" subsystem="pane" outcome="completed" pane_id=15 status="ExitStatus { code: 1, signal: None }"
2026-07-29T21:59:35.509965Z  INFO herdr::pane: pane session terminated pane=15 pid=60827 signal=Hangup
2026-07-29T21:59:35.511178Z  INFO herdr::logging: pane child exited event="pane.exit" subsystem="pane" outcome="completed" pane_id=16 status="ExitStatus { code: 1, signal: None }"
2026-07-29T21:59:35.535530Z  INFO herdr::pane: pane session terminated pane=16 pid=60830 signal=Hangup
2026-07-29T21:59:35.536399Z  INFO herdr::logging: pane child exited event="pane.exit" subsystem="pane" outcome="completed" pane_id=17 status="ExitStatus { code: 1, signal: None }"
2026-07-29T21:59:35.560907Z  INFO herdr::pane: pane session terminated pane=17 pid=60832 signal=Hangup
2026-07-29T21:59:35.561414Z  WARN herdr::app::actions: PaneDied for unknown pane pane=15
2026-07-29T21:59:35.561425Z  WARN herdr::app::actions: PaneDied for unknown pane pane=16
2026-07-29T21:59:35.561429Z  WARN herdr::app::actions: PaneDied for unknown pane pane=17
2026-07-29T21:59:40.567536Z  INFO herdr::logging: session saved event="persist.save" subsystem="persist" outcome="ok" path=/Users/alex/.config/herdr/session.json workspaces=2
2026-07-29T22:00:00.403654Z  INFO herdr::logging: workspace closed event="workspace.close" subsystem="workspace" outcome="ok" workspace_id="wA"
2026-07-29T22:00:00.407125Z  INFO herdr::logging: pane child exited event="pane.exit" subsystem="pane" outcome="completed" pane_id=13 status="ExitStatus { code: 1, signal: None }"
2026-07-29T22:00:00.429733Z  INFO herdr::pane: pane session terminated pane=13 pid=59353 signal=Hangup
2026-07-29T22:00:00.430580Z  WARN herdr::app::actions: PaneDied for unknown pane pane=13
2026-07-29T22:00:02.874467Z  INFO herdr::server::headless: client detach requested via keybind client_id=2
2026-07-29T22:00:02.879877Z  INFO herdr::server::headless: client disconnected client_id=2
2026-07-29T22:00:05.438865Z  INFO herdr::logging: session saved event="persist.save" subsystem="persist" outcome="ok" path=/Users/alex/.config/herdr/session.json workspaces=1
2026-07-29T22:00:06.696316Z  INFO herdr::server::headless: server shutdown initiated
2026-07-29T22:00:06.751392Z  INFO herdr::server::headless: completing server shutdown
2026-07-29T22:00:06.754867Z  INFO herdr::logging: session saved event="persist.save" subsystem="persist" outcome="ok" path=/Users/alex/.config/herdr/session.json workspaces=1
2026-07-29T22:00:06.754887Z  INFO herdr::server::headless: headless server exiting
2026-07-29T22:00:06.757057Z  INFO herdr::logging: pane child exited event="pane.exit" subsystem="pane" outcome="completed" pane_id=6 status="ExitStatus { code: 1, signal: None }"
2026-07-29T22:00:06.776301Z  INFO herdr::pane: pane session terminated pane=6 pid=57429 signal=Hangup
2026-07-29T22:00:06.777148Z  INFO herdr::logging: herdr exiting event="app.shutdown" subsystem="server" outcome="completed" pid=56944
2026-07-29T22:01:42.846654Z  INFO herdr::platform::macos: raised server file descriptor soft limit previous=256 target=8192
2026-07-29T22:01:42.847412Z  INFO herdr::api::server: api server listening path=/Users/alex/.config/herdr/herdr.sock
2026-07-29T22:01:42.847929Z  INFO herdr::logging: spawning pane terminal event="pane.spawn.start" subsystem="pane" outcome="started" pane_id=1 rows=24 cols=80 scrollback_limit_bytes=10000000
2026-07-29T22:01:42.850999Z  INFO herdr::logging: pane child spawned event="pane.spawned" subsystem="pane" outcome="ok" pane_id=1 pid=65202
2026-07-29T22:01:42.851172Z  INFO herdr::logging: session restore evaluated event="persist.restore" subsystem="persist" outcome="ok" workspaces=1
2026-07-29T22:01:42.851189Z  INFO herdr::app: using pane scrollback configuration pane_scrollback_limit_bytes=10000000
2026-07-29T22:01:42.874457Z  WARN herdr::app: unknown theme, falling back theme="catppuccin-frappe" fallback="catppuccin"
2026-07-29T22:01:42.875688Z  INFO herdr::logging: checking for updates event="update.check.start" subsystem="update" outcome="started"
2026-07-29T22:01:42.880038Z  INFO herdr::server::headless: restored session already has workspaces; ignoring startup cwd cwd=/Users/alex/.dotfiles
2026-07-29T22:01:42.880141Z  INFO herdr::server::headless: client protocol socket listening path=/Users/alex/.config/herdr/herdr-client.sock
2026-07-29T22:01:42.880155Z  INFO herdr::server::headless: herdr server started api_socket=/Users/alex/.config/herdr/herdr.sock client_socket=/Users/alex/.config/herdr/herdr-client.sock
2026-07-29T22:01:42.880261Z  INFO herdr::logging: herdr starting event="app.startup" subsystem="server" outcome="started" pid=65201
2026-07-29T22:01:42.969460Z  INFO herdr::server::headless: client connected client_id=2 cols=128 rows=70 cell_width_px=0 cell_height_px=0 render_encoding=SemanticFrame
2026-07-29T22:01:42.969785Z  WARN herdr::app: unknown theme, falling back theme="catppuccin-frappe" fallback="catppuccin"
2026-07-29T22:01:44.726296Z  INFO herdr::logging: api request received event="api.request.start" subsystem="api" outcome="started" request_id="cli:plugin" method="plugin.pane.open" changes_ui=true
2026-07-29T22:01:44.727156Z  INFO herdr::logging: spawning pane terminal event="pane.spawn.start" subsystem="pane" outcome="started" pane_id=2 rows=69 cols=108 scrollback_limit_bytes=10000000
2026-07-29T22:01:44.730649Z  INFO herdr::logging: pane child spawned event="pane.spawned" subsystem="pane" outcome="ok" pane_id=2 pid=65505
2026-07-29T22:01:44.730840Z  INFO herdr::logging: tab focused event="tab.focus" subsystem="tab" outcome="ok" workspace_id="w7" tab_id="w7:t1"
2026-07-29T22:01:44.731319Z  INFO herdr::logging: api request completed event="api.request.complete" subsystem="api" outcome="ok" request_id="cli:plugin" method="plugin.pane.open"
2026-07-29T22:01:47.572352Z  INFO herdr::logging: api request received event="api.request.start" subsystem="api" outcome="started" request_id="cli:workspace:create" method="workspace.create" changes_ui=true
2026-07-29T22:01:47.572649Z  INFO herdr::logging: spawning pane terminal event="pane.spawn.start" subsystem="pane" outcome="started" pane_id=3 rows=69 cols=108 scrollback_limit_bytes=10000000
2026-07-29T22:01:47.579979Z  INFO herdr::logging: pane child spawned event="pane.spawned" subsystem="pane" outcome="ok" pane_id=3 pid=65571
2026-07-29T22:01:47.580299Z  INFO herdr::logging: workspace created event="workspace.create" subsystem="workspace" outcome="ok" workspace_id="w8" pane_id=3
2026-07-29T22:01:47.580312Z  INFO herdr::logging: workspace focused event="workspace.focus" subsystem="workspace" outcome="ok" workspace_id="w8"
2026-07-29T22:01:47.580400Z  INFO herdr::logging: tab focused event="tab.focus" subsystem="tab" outcome="ok" workspace_id="w8" tab_id="w8:t1"
2026-07-29T22:01:47.580412Z  INFO herdr::logging: workspace renamed event="workspace.rename" subsystem="workspace" outcome="ok" workspace_id="w8"
2026-07-29T22:01:47.581938Z  INFO herdr::logging: api request completed event="api.request.complete" subsystem="api" outcome="ok" request_id="cli:workspace:create" method="workspace.create"
2026-07-29T22:01:47.589628Z  INFO herdr::logging: api request received event="api.request.start" subsystem="api" outcome="started" request_id="cli:tab:rename" method="tab.rename" changes_ui=true
2026-07-29T22:01:47.589687Z  INFO herdr::logging: tab renamed event="tab.rename" subsystem="tab" outcome="ok" workspace_id="w8" tab_id="w8:t1"
2026-07-29T22:01:47.590113Z  INFO herdr::logging: api request completed event="api.request.complete" subsystem="api" outcome="ok" request_id="cli:tab:rename" method="tab.rename"
2026-07-29T22:01:47.595424Z  INFO herdr::logging: api request received event="api.request.start" subsystem="api" outcome="started" request_id="cli:tab:create" method="tab.create" changes_ui=true
2026-07-29T22:01:47.595491Z  INFO herdr::logging: spawning pane terminal event="pane.spawn.start" subsystem="pane" outcome="started" pane_id=4 rows=69 cols=108 scrollback_limit_bytes=10000000
2026-07-29T22:01:47.598231Z  INFO herdr::logging: pane child spawned event="pane.spawned" subsystem="pane" outcome="ok" pane_id=4 pid=65574
2026-07-29T22:01:47.598341Z  INFO herdr::logging: tab renamed event="tab.rename" subsystem="tab" outcome="ok" workspace_id="w8" tab_id="w8:t2"
2026-07-29T22:01:47.599135Z  INFO herdr::logging: api request completed event="api.request.complete" subsystem="api" outcome="ok" request_id="cli:tab:create" method="tab.create"
2026-07-29T22:01:47.603626Z  INFO herdr::logging: api request received event="api.request.start" subsystem="api" outcome="started" request_id="cli:tab:create" method="tab.create" changes_ui=true
2026-07-29T22:01:47.603703Z  INFO herdr::logging: spawning pane terminal event="pane.spawn.start" subsystem="pane" outcome="started" pane_id=5 rows=69 cols=108 scrollback_limit_bytes=10000000
2026-07-29T22:01:47.605975Z  INFO herdr::logging: pane child spawned event="pane.spawned" subsystem="pane" outcome="ok" pane_id=5 pid=65576
2026-07-29T22:01:47.606083Z  INFO herdr::logging: tab renamed event="tab.rename" subsystem="tab" outcome="ok" workspace_id="w8" tab_id="w8:t3"
2026-07-29T22:01:47.606858Z  INFO herdr::logging: api request completed event="api.request.complete" subsystem="api" outcome="ok" request_id="cli:tab:create" method="tab.create"
2026-07-29T22:01:47.623858Z  INFO herdr::logging: api request received event="api.request.start" subsystem="api" outcome="started" request_id="cli:notification:show" method="notification.show" changes_ui=true
2026-07-29T22:01:47.623923Z  INFO herdr::logging: api request completed event="api.request.complete" subsystem="api" outcome="ok" request_id="cli:notification:show" method="notification.show"
2026-07-29T22:01:47.624608Z  INFO herdr::logging: pane child exited event="pane.exit" subsystem="pane" outcome="completed" pane_id=2 status="ExitStatus { code: 0, signal: None }"
2026-07-29T22:01:47.624899Z  INFO herdr::pane: pane session terminated pane=2 pid=65505 signal=Hangup
2026-07-29T22:01:48.134408Z  INFO herdr::pane: agent changed pane=3 previous_agent=None agent=Some(Claude) process=claude pgid=Some(65717)
2026-07-29T22:01:51.898315Z  INFO herdr::logging: tab focused event="tab.focus" subsystem="tab" outcome="ok" workspace_id="w8" tab_id="w8:t2"
2026-07-29T22:01:53.713402Z  INFO herdr::logging: tab focused event="tab.focus" subsystem="tab" outcome="ok" workspace_id="w8" tab_id="w8:t3"
2026-07-29T22:01:57.568586Z  INFO herdr::logging: tab focused event="tab.focus" subsystem="tab" outcome="ok" workspace_id="w8" tab_id="w8:t1"
2026-07-29T22:02:02.573465Z  INFO herdr::logging: session saved event="persist.save" subsystem="persist" outcome="ok" path=/Users/alex/.config/herdr/session.json workspaces=2
2026-07-29T22:02:52.056452Z  INFO herdr::logging: tab focused event="tab.focus" subsystem="tab" outcome="ok" workspace_id="w8" tab_id="w8:t3"
2026-07-29T22:02:57.065310Z  INFO herdr::logging: session saved event="persist.save" subsystem="persist" outcome="ok" path=/Users/alex/.config/herdr/session.json workspaces=2
2026-07-29T22:03:44.384992Z  INFO herdr::logging: workspace closed event="workspace.close" subsystem="workspace" outcome="ok" workspace_id="w8"
2026-07-29T22:03:44.390173Z  INFO herdr::logging: pane child exited event="pane.exit" subsystem="pane" outcome="completed" pane_id=3 status="ExitStatus { code: 1, signal: None }"
2026-07-29T22:03:44.753399Z  INFO herdr::pane: pane session terminated pane=3 pid=65571 signal=Terminate
2026-07-29T22:03:44.755336Z  INFO herdr::logging: pane child exited event="pane.exit" subsystem="pane" outcome="completed" pane_id=4 status="ExitStatus { code: 1, signal: None }"
2026-07-29T22:03:44.779126Z  INFO herdr::pane: pane session terminated pane=4 pid=65574 signal=Hangup
2026-07-29T22:03:44.781552Z  INFO herdr::logging: pane child exited event="pane.exit" subsystem="pane" outcome="completed" pane_id=5 status="ExitStatus { code: 1, signal: None }"
2026-07-29T22:03:44.805622Z  INFO herdr::pane: pane session terminated pane=5 pid=65576 signal=Hangup
2026-07-29T22:03:44.806484Z  WARN herdr::app::actions: PaneDied for unknown pane pane=3
2026-07-29T22:03:44.806502Z  WARN herdr::app::actions: PaneDied for unknown pane pane=4
2026-07-29T22:03:44.806508Z  WARN herdr::app::actions: PaneDied for unknown pane pane=5
2026-07-29T22:03:47.001109Z  INFO herdr::server::headless: client detach requested via keybind client_id=2
2026-07-29T22:03:47.006138Z  INFO herdr::server::headless: client disconnected client_id=2
2026-07-29T22:03:49.815173Z  INFO herdr::logging: session saved event="persist.save" subsystem="persist" outcome="ok" path=/Users/alex/.config/herdr/session.json workspaces=1
2026-07-29T22:03:51.723114Z  INFO herdr::server::headless: server shutdown initiated
2026-07-29T22:03:51.778179Z  INFO herdr::server::headless: completing server shutdown
2026-07-29T22:03:51.778824Z  INFO herdr::logging: session saved event="persist.save" subsystem="persist" outcome="ok" path=/Users/alex/.config/herdr/session.json workspaces=1
2026-07-29T22:03:51.778839Z  INFO herdr::server::headless: headless server exiting
2026-07-29T22:03:51.780351Z  INFO herdr::logging: pane child exited event="pane.exit" subsystem="pane" outcome="completed" pane_id=1 status="ExitStatus { code: 1, signal: None }"
2026-07-29T22:03:51.804313Z  INFO herdr::pane: pane session terminated pane=1 pid=65202 signal=Hangup
2026-07-29T22:03:51.805089Z  INFO herdr::logging: herdr exiting event="app.shutdown" subsystem="server" outcome="completed" pid=65201
2026-07-30T15:41:48.162850Z  INFO herdr::platform::macos: raised server file descriptor soft limit previous=256 target=8192
2026-07-30T15:41:48.163494Z  WARN herdr::config::keybinds: config diagnostic empty custom command: keys.command[0].command; disabling custom command
2026-07-30T15:41:48.163773Z  INFO herdr::api::server: api server listening path=/Users/alex/.config/herdr/herdr.sock
2026-07-30T15:41:48.164035Z  WARN herdr::config::keybinds: config diagnostic empty custom command: keys.command[0].command; disabling custom command
2026-07-30T15:41:48.164465Z  INFO herdr::logging: spawning pane terminal event="pane.spawn.start" subsystem="pane" outcome="started" pane_id=1 rows=24 cols=80 scrollback_limit_bytes=10000000
2026-07-30T15:41:48.168494Z  INFO herdr::logging: pane child spawned event="pane.spawned" subsystem="pane" outcome="ok" pane_id=1 pid=75202
2026-07-30T15:41:48.168671Z  INFO herdr::logging: session restore evaluated event="persist.restore" subsystem="persist" outcome="ok" workspaces=1
2026-07-30T15:41:48.168728Z  INFO herdr::app: using pane scrollback configuration pane_scrollback_limit_bytes=10000000
2026-07-30T15:41:48.190387Z  WARN herdr::app: unknown theme, falling back theme="catppuccin-frappe" fallback="catppuccin"
2026-07-30T15:41:48.190412Z  WARN herdr::config::keybinds: config diagnostic empty custom command: keys.command[0].command; disabling custom command
2026-07-30T15:41:48.193027Z  INFO herdr::logging: checking for updates event="update.check.start" subsystem="update" outcome="started"
2026-07-30T15:41:48.193140Z  WARN herdr::config::keybinds: config diagnostic empty custom command: keys.command[0].command; disabling custom command
2026-07-30T15:41:48.193336Z  WARN herdr::config::keybinds: config diagnostic empty custom command: keys.command[0].command; disabling custom command
2026-07-30T15:41:48.197806Z  INFO herdr::server::headless: restored session already has workspaces; ignoring startup cwd cwd=/Users/alex/.dotfiles
2026-07-30T15:41:48.197902Z  INFO herdr::server::headless: client protocol socket listening path=/Users/alex/.config/herdr/herdr-client.sock
2026-07-30T15:41:48.197917Z  INFO herdr::server::headless: herdr server started api_socket=/Users/alex/.config/herdr/herdr.sock client_socket=/Users/alex/.config/herdr/herdr-client.sock
2026-07-30T15:41:48.198047Z  INFO herdr::logging: herdr starting event="app.startup" subsystem="server" outcome="started" pid=75201
2026-07-30T15:41:48.322135Z  INFO herdr::server::headless: client connected client_id=2 cols=151 rows=47 cell_width_px=0 cell_height_px=0 render_encoding=SemanticFrame
2026-07-30T15:41:48.322501Z  WARN herdr::app: unknown theme, falling back theme="catppuccin-frappe" fallback="catppuccin"
2026-07-30T15:41:56.984033Z  INFO herdr::server::headless: client detach requested via keybind client_id=2
2026-07-30T15:41:56.986881Z  INFO herdr::server::headless: client disconnected client_id=2
2026-07-30T15:58:30.568232Z  INFO herdr::logging: api request received event="api.request.start" subsystem="api" outcome="started" request_id="cli:server:reload-config" method="server.reload_config" changes_ui=true
2026-07-30T15:58:30.570051Z  WARN herdr::config::keybinds: config diagnostic empty custom command: keys.command[0].command; disabling custom command
2026-07-30T15:58:30.570077Z  WARN herdr::config::keybinds: config diagnostic prefix+shift+t: kept keys.rename_tab, disabled keys.command[1].key
2026-07-30T15:58:30.570164Z  WARN herdr::app: unknown theme, falling back theme="catppuccin-frappe" fallback="catppuccin"
2026-07-30T15:58:30.570232Z  INFO herdr::logging: api request completed event="api.request.complete" subsystem="api" outcome="ok" request_id="cli:server:reload-config" method="server.reload_config"
2026-07-30T15:59:14.579203Z  INFO herdr::logging: api request received event="api.request.start" subsystem="api" outcome="started" request_id="cli:server:reload-config" method="server.reload_config" changes_ui=true
2026-07-30T15:59:14.579545Z  WARN herdr::config::keybinds: config diagnostic prefix+shift+t: kept keys.rename_tab, disabled keys.command[0].key
2026-07-30T15:59:14.579646Z  WARN herdr::app: unknown theme, falling back theme="catppuccin-frappe" fallback="catppuccin"
2026-07-30T15:59:14.579714Z  INFO herdr::logging: api request completed event="api.request.complete" subsystem="api" outcome="ok" request_id="cli:server:reload-config" method="server.reload_config"
2026-07-30T15:59:45.812265Z  INFO herdr::logging: api request received event="api.request.start" subsystem="api" outcome="started" request_id="cli:server:reload-config" method="server.reload_config" changes_ui=true
2026-07-30T15:59:45.812611Z  WARN herdr::config::keybinds: config diagnostic prefix+shift+t: kept keys.rename_tab, disabled keys.command[0].key
2026-07-30T15:59:45.812692Z  WARN herdr::app: unknown theme, falling back theme="catppuccin-frappe" fallback="catppuccin"
2026-07-30T15:59:45.812761Z  INFO herdr::logging: api request completed event="api.request.complete" subsystem="api" outcome="ok" request_id="cli:server:reload-config" method="server.reload_config"
2026-07-30T16:01:31.185328Z  INFO herdr::logging: api request received event="api.request.start" subsystem="api" outcome="started" request_id="cli:server:reload-config" method="server.reload_config" changes_ui=true
2026-07-30T16:01:31.185878Z  WARN herdr::config::keybinds: config diagnostic prefix+shift+t: kept keys.rename_tab, disabled keys.command[0].key
2026-07-30T16:01:31.185971Z  WARN herdr::app: unknown theme, falling back theme="catppuccin-frappe" fallback="catppuccin"
2026-07-30T16:01:31.186037Z  INFO herdr::logging: api request completed event="api.request.complete" subsystem="api" outcome="ok" request_id="cli:server:reload-config" method="server.reload_config"
2026-07-30T16:03:16.448348Z  INFO herdr::logging: api request received event="api.request.start" subsystem="api" outcome="started" request_id="cli:server:reload-config" method="server.reload_config" changes_ui=true
2026-07-30T16:03:16.448897Z  WARN herdr::app: unknown theme, falling back theme="catppuccin-frappe" fallback="catppuccin"
2026-07-30T16:03:16.448958Z  INFO herdr::logging: api request completed event="api.request.complete" subsystem="api" outcome="ok" request_id="cli:server:reload-config" method="server.reload_config"
2026-07-30T16:03:39.467128Z  INFO herdr::logging: api request received event="api.request.start" subsystem="api" outcome="started" request_id="cli:plugin" method="plugin.pane.open" changes_ui=true
2026-07-30T16:03:39.468521Z  INFO herdr::logging: spawning pane terminal event="pane.spawn.start" subsystem="pane" outcome="started" pane_id=2 rows=23 cols=60 scrollback_limit_bytes=10000000
2026-07-30T16:03:39.472512Z  INFO herdr::logging: pane child spawned event="pane.spawned" subsystem="pane" outcome="ok" pane_id=2 pid=85904
2026-07-30T16:03:39.472835Z  INFO herdr::logging: tab focused event="tab.focus" subsystem="tab" outcome="ok" workspace_id="w7" tab_id="w7:t1"
2026-07-30T16:03:39.473392Z  INFO herdr::logging: api request completed event="api.request.complete" subsystem="api" outcome="ok" request_id="cli:plugin" method="plugin.pane.open"
2026-07-30T16:03:44.477000Z  INFO herdr::logging: session saved event="persist.save" subsystem="persist" outcome="ok" path=/Users/alex/.config/herdr/session.json workspaces=1
2026-07-30T16:03:52.796985Z  INFO herdr::server::headless: client connected client_id=4 cols=151 rows=47 cell_width_px=0 cell_height_px=0 render_encoding=SemanticFrame
2026-07-30T16:03:52.797105Z  WARN herdr::app: unknown theme, falling back theme="catppuccin-frappe" fallback="catppuccin"
2026-07-30T16:03:52.798860Z  WARN herdr::app: unknown theme, falling back theme="catppuccin-frappe" fallback="catppuccin"
2026-07-30T16:04:07.196051Z  INFO herdr::logging: pane child exited event="pane.exit" subsystem="pane" outcome="completed" pane_id=2 status="ExitStatus { code: 0, signal: None }"
2026-07-30T16:04:07.196608Z  INFO herdr::pane: pane session terminated pane=2 pid=85904 signal=Hangup
2026-07-30T16:04:10.724543Z  INFO herdr::logging: api request received event="api.request.start" subsystem="api" outcome="started" request_id="cli:plugin" method="plugin.pane.open" changes_ui=true
2026-07-30T16:04:10.725540Z  INFO herdr::logging: spawning pane terminal event="pane.spawn.start" subsystem="pane" outcome="started" pane_id=3 rows=46 cols=131 scrollback_limit_bytes=10000000
2026-07-30T16:04:10.729716Z  INFO herdr::logging: pane child spawned event="pane.spawned" subsystem="pane" outcome="ok" pane_id=3 pid=85984
2026-07-30T16:04:10.729962Z  INFO herdr::logging: tab focused event="tab.focus" subsystem="tab" outcome="ok" workspace_id="w7" tab_id="w7:t1"
2026-07-30T16:04:10.730498Z  INFO herdr::logging: api request completed event="api.request.complete" subsystem="api" outcome="ok" request_id="cli:plugin" method="plugin.pane.open"
2026-07-30T16:04:15.120786Z  INFO herdr::logging: api request received event="api.request.start" subsystem="api" outcome="started" request_id="cli:workspace:create" method="workspace.create" changes_ui=true
2026-07-30T16:04:15.120962Z  INFO herdr::logging: spawning pane terminal event="pane.spawn.start" subsystem="pane" outcome="started" pane_id=4 rows=46 cols=131 scrollback_limit_bytes=10000000
2026-07-30T16:04:15.124704Z  INFO herdr::logging: pane child spawned event="pane.spawned" subsystem="pane" outcome="ok" pane_id=4 pid=85997
2026-07-30T16:04:15.125082Z  INFO herdr::logging: workspace created event="workspace.create" subsystem="workspace" outcome="ok" workspace_id="w8" pane_id=4
2026-07-30T16:04:15.125121Z  INFO herdr::logging: workspace renamed event="workspace.rename" subsystem="workspace" outcome="ok" workspace_id="w8"
2026-07-30T16:04:15.126581Z  INFO herdr::logging: api request completed event="api.request.complete" subsystem="api" outcome="ok" request_id="cli:workspace:create" method="workspace.create"
2026-07-30T16:04:15.135065Z  INFO herdr::logging: api request received event="api.request.start" subsystem="api" outcome="started" request_id="cli:workspace:focus" method="workspace.focus" changes_ui=true
2026-07-30T16:04:15.135125Z  INFO herdr::logging: workspace focused event="workspace.focus" subsystem="workspace" outcome="ok" workspace_id="w8"
2026-07-30T16:04:15.135202Z  INFO herdr::logging: tab focused event="tab.focus" subsystem="tab" outcome="ok" workspace_id="w8" tab_id="w8:t1"
2026-07-30T16:04:15.135233Z  INFO herdr::logging: api request completed event="api.request.complete" subsystem="api" outcome="ok" request_id="cli:workspace:focus" method="workspace.focus"
2026-07-30T16:04:15.150474Z  INFO herdr::logging: api request received event="api.request.start" subsystem="api" outcome="started" request_id="cli:tab:create" method="tab.create" changes_ui=true
2026-07-30T16:04:15.150551Z  INFO herdr::logging: spawning pane terminal event="pane.spawn.start" subsystem="pane" outcome="started" pane_id=5 rows=46 cols=131 scrollback_limit_bytes=10000000
2026-07-30T16:04:15.153131Z  INFO herdr::logging: pane child spawned event="pane.spawned" subsystem="pane" outcome="ok" pane_id=5 pid=86001
2026-07-30T16:04:15.153239Z  INFO herdr::logging: tab renamed event="tab.rename" subsystem="tab" outcome="ok" workspace_id="w8" tab_id="w8:t2"
2026-07-30T16:04:15.153791Z  INFO herdr::logging: api request completed event="api.request.complete" subsystem="api" outcome="ok" request_id="cli:tab:create" method="tab.create"
2026-07-30T16:04:15.158598Z  INFO herdr::logging: api request received event="api.request.start" subsystem="api" outcome="started" request_id="cli:tab:focus" method="tab.focus" changes_ui=true
2026-07-30T16:04:15.158671Z  INFO herdr::logging: tab focused event="tab.focus" subsystem="tab" outcome="ok" workspace_id="w8" tab_id="w8:t2"
2026-07-30T16:04:15.158691Z  INFO herdr::logging: api request completed event="api.request.complete" subsystem="api" outcome="ok" request_id="cli:tab:focus" method="tab.focus"
2026-07-30T16:04:15.167804Z  INFO herdr::logging: api request received event="api.request.start" subsystem="api" outcome="started" request_id="cli:tab:create" method="tab.create" changes_ui=true
2026-07-30T16:04:15.167864Z  INFO herdr::logging: spawning pane terminal event="pane.spawn.start" subsystem="pane" outcome="started" pane_id=6 rows=46 cols=131 scrollback_limit_bytes=10000000
2026-07-30T16:04:15.169792Z  INFO herdr::logging: pane child spawned event="pane.spawned" subsystem="pane" outcome="ok" pane_id=6 pid=86005
2026-07-30T16:04:15.169886Z  INFO herdr::logging: tab renamed event="tab.rename" subsystem="tab" outcome="ok" workspace_id="w8" tab_id="w8:t3"
2026-07-30T16:04:15.170382Z  INFO herdr::logging: api request completed event="api.request.complete" subsystem="api" outcome="ok" request_id="cli:tab:create" method="tab.create"
2026-07-30T16:04:15.171773Z  INFO herdr::logging: pane child exited event="pane.exit" subsystem="pane" outcome="completed" pane_id=3 status="ExitStatus { code: 0, signal: None }"
2026-07-30T16:04:15.171985Z  INFO herdr::pane: pane session terminated pane=3 pid=85984 signal=Hangup
2026-07-30T16:04:19.481575Z  INFO herdr::logging: api request received event="api.request.start" subsystem="api" outcome="started" request_id="cli:plugin" method="plugin.pane.open" changes_ui=true
2026-07-30T16:04:19.482287Z  INFO herdr::logging: spawning pane terminal event="pane.spawn.start" subsystem="pane" outcome="started" pane_id=7 rows=46 cols=131 scrollback_limit_bytes=10000000
2026-07-30T16:04:19.486204Z  INFO herdr::logging: pane child spawned event="pane.spawned" subsystem="pane" outcome="ok" pane_id=7 pid=87380
2026-07-30T16:04:19.486438Z  INFO herdr::logging: tab focused event="tab.focus" subsystem="tab" outcome="ok" workspace_id="w8" tab_id="w8:t2"
2026-07-30T16:04:19.486887Z  INFO herdr::logging: api request completed event="api.request.complete" subsystem="api" outcome="ok" request_id="cli:plugin" method="plugin.pane.open"
2026-07-30T16:04:24.492887Z  INFO herdr::logging: session saved event="persist.save" subsystem="persist" outcome="ok" path=/Users/alex/.config/herdr/session.json workspaces=2
2026-07-30T16:04:48.610501Z  INFO herdr::logging: api request received event="api.request.start" subsystem="api" outcome="started" request_id="cli:workspace:create" method="workspace.create" changes_ui=true
2026-07-30T16:04:48.610695Z  INFO herdr::logging: spawning pane terminal event="pane.spawn.start" subsystem="pane" outcome="started" pane_id=8 rows=46 cols=131 scrollback_limit_bytes=10000000
2026-07-30T16:04:48.614744Z  INFO herdr::logging: pane child spawned event="pane.spawned" subsystem="pane" outcome="ok" pane_id=8 pid=87433
2026-07-30T16:04:48.618374Z  INFO herdr::logging: workspace created event="workspace.create" subsystem="workspace" outcome="ok" workspace_id="w9" pane_id=8
2026-07-30T16:04:48.618414Z  INFO herdr::logging: workspace renamed event="workspace.rename" subsystem="workspace" outcome="ok" workspace_id="w9"
2026-07-30T16:04:48.619861Z  INFO herdr::logging: api request completed event="api.request.complete" subsystem="api" outcome="ok" request_id="cli:workspace:create" method="workspace.create"
2026-07-30T16:04:48.628641Z  INFO herdr::logging: api request received event="api.request.start" subsystem="api" outcome="started" request_id="cli:workspace:focus" method="workspace.focus" changes_ui=true
2026-07-30T16:04:48.628698Z  INFO herdr::logging: workspace focused event="workspace.focus" subsystem="workspace" outcome="ok" workspace_id="w9"
2026-07-30T16:04:48.628763Z  INFO herdr::logging: tab focused event="tab.focus" subsystem="tab" outcome="ok" workspace_id="w9" tab_id="w9:t1"
2026-07-30T16:04:48.628789Z  INFO herdr::logging: api request completed event="api.request.complete" subsystem="api" outcome="ok" request_id="cli:workspace:focus" method="workspace.focus"
2026-07-30T16:04:48.643623Z  INFO herdr::logging: api request received event="api.request.start" subsystem="api" outcome="started" request_id="cli:tab:create" method="tab.create" changes_ui=true
2026-07-30T16:04:48.643700Z  INFO herdr::logging: spawning pane terminal event="pane.spawn.start" subsystem="pane" outcome="started" pane_id=9 rows=46 cols=131 scrollback_limit_bytes=10000000
2026-07-30T16:04:48.646176Z  INFO herdr::logging: pane child spawned event="pane.spawned" subsystem="pane" outcome="ok" pane_id=9 pid=87437
2026-07-30T16:04:48.646268Z  INFO herdr::logging: tab renamed event="tab.rename" subsystem="tab" outcome="ok" workspace_id="w9" tab_id="w9:t2"
2026-07-30T16:04:48.646759Z  INFO herdr::logging: api request completed event="api.request.complete" subsystem="api" outcome="ok" request_id="cli:tab:create" method="tab.create"
2026-07-30T16:04:48.651488Z  INFO herdr::logging: api request received event="api.request.start" subsystem="api" outcome="started" request_id="cli:tab:focus" method="tab.focus" changes_ui=true
2026-07-30T16:04:48.651567Z  INFO herdr::logging: tab focused event="tab.focus" subsystem="tab" outcome="ok" workspace_id="w9" tab_id="w9:t2"
2026-07-30T16:04:48.651587Z  INFO herdr::logging: api request completed event="api.request.complete" subsystem="api" outcome="ok" request_id="cli:tab:focus" method="tab.focus"
2026-07-30T16:04:48.660144Z  INFO herdr::logging: api request received event="api.request.start" subsystem="api" outcome="started" request_id="cli:tab:create" method="tab.create" changes_ui=true
2026-07-30T16:04:48.660209Z  INFO herdr::logging: spawning pane terminal event="pane.spawn.start" subsystem="pane" outcome="started" pane_id=10 rows=46 cols=131 scrollback_limit_bytes=10000000
2026-07-30T16:04:48.662446Z  INFO herdr::logging: pane child spawned event="pane.spawned" subsystem="pane" outcome="ok" pane_id=10 pid=87444
2026-07-30T16:04:48.662551Z  INFO herdr::logging: tab renamed event="tab.rename" subsystem="tab" outcome="ok" workspace_id="w9" tab_id="w9:t3"
2026-07-30T16:04:48.663045Z  INFO herdr::logging: api request completed event="api.request.complete" subsystem="api" outcome="ok" request_id="cli:tab:create" method="tab.create"
2026-07-30T16:04:48.671228Z  INFO herdr::logging: api request received event="api.request.start" subsystem="api" outcome="started" request_id="cli:tab:create" method="tab.create" changes_ui=true
2026-07-30T16:04:48.671302Z  INFO herdr::logging: spawning pane terminal event="pane.spawn.start" subsystem="pane" outcome="started" pane_id=11 rows=46 cols=131 scrollback_limit_bytes=10000000
2026-07-30T16:04:48.673328Z  INFO herdr::logging: pane child spawned event="pane.spawned" subsystem="pane" outcome="ok" pane_id=11 pid=87447
2026-07-30T16:04:48.673456Z  INFO herdr::logging: tab renamed event="tab.rename" subsystem="tab" outcome="ok" workspace_id="w9" tab_id="w9:t4"
2026-07-30T16:04:48.673911Z  INFO herdr::logging: api request completed event="api.request.complete" subsystem="api" outcome="ok" request_id="cli:tab:create" method="tab.create"
2026-07-30T16:04:48.676121Z  INFO herdr::logging: pane child exited event="pane.exit" subsystem="pane" outcome="completed" pane_id=7 status="ExitStatus { code: 0, signal: None }"
2026-07-30T16:04:48.676333Z  INFO herdr::pane: pane session terminated pane=7 pid=87380 signal=Hangup
2026-07-30T16:04:49.200368Z  INFO herdr::pane: agent changed pane=9 previous_agent=None agent=Some(Claude) process=claude pgid=Some(87623)
2026-07-30T16:04:54.707689Z  INFO herdr::logging: session saved event="persist.save" subsystem="persist" outcome="ok" path=/Users/alex/.config/herdr/session.json workspaces=3
2026-07-30T16:05:07.679649Z  INFO herdr::logging: tab focused event="tab.focus" subsystem="tab" outcome="ok" workspace_id="w9" tab_id="w9:t3"
2026-07-30T16:05:08.945210Z  INFO herdr::logging: tab focused event="tab.focus" subsystem="tab" outcome="ok" workspace_id="w9" tab_id="w9:t4"
2026-07-30T16:05:10.420164Z  INFO herdr::logging: tab focused event="tab.focus" subsystem="tab" outcome="ok" workspace_id="w9" tab_id="w9:t3"
2026-07-30T16:05:11.045141Z  INFO herdr::logging: tab focused event="tab.focus" subsystem="tab" outcome="ok" workspace_id="w9" tab_id="w9:t2"
2026-07-30T16:05:16.052292Z  INFO herdr::logging: session saved event="persist.save" subsystem="persist" outcome="ok" path=/Users/alex/.config/herdr/session.json workspaces=3
2026-07-30T16:05:19.170652Z  INFO herdr::logging: api request received event="api.request.start" subsystem="api" outcome="started" request_id="cli:plugin" method="plugin.pane.open" changes_ui=true
2026-07-30T16:05:19.171450Z  INFO herdr::logging: spawning pane terminal event="pane.spawn.start" subsystem="pane" outcome="started" pane_id=12 rows=46 cols=131 scrollback_limit_bytes=10000000
2026-07-30T16:05:19.175924Z  INFO herdr::logging: pane child spawned event="pane.spawned" subsystem="pane" outcome="ok" pane_id=12 pid=88955
2026-07-30T16:05:19.176195Z  INFO herdr::logging: tab focused event="tab.focus" subsystem="tab" outcome="ok" workspace_id="w9" tab_id="w9:t2"
2026-07-30T16:05:19.176742Z  INFO herdr::logging: api request completed event="api.request.complete" subsystem="api" outcome="ok" request_id="cli:plugin" method="plugin.pane.open"
2026-07-30T16:05:24.183923Z  INFO herdr::logging: session saved event="persist.save" subsystem="persist" outcome="ok" path=/Users/alex/.config/herdr/session.json workspaces=3
2026-07-30T16:05:48.189555Z  INFO herdr::logging: pane child exited event="pane.exit" subsystem="pane" outcome="completed" pane_id=12 status="ExitStatus { code: 0, signal: None }"
2026-07-30T16:05:48.193085Z  INFO herdr::pane: pane session terminated pane=12 pid=88955 signal=Hangup
2026-07-30T16:05:53.198423Z  INFO herdr::logging: session saved event="persist.save" subsystem="persist" outcome="ok" path=/Users/alex/.config/herdr/session.json workspaces=3
2026-07-30T16:11:48.221853Z  INFO herdr::logging: checking for updates event="update.check.start" subsystem="update" outcome="started"
2026-07-30T16:33:28.350210Z  INFO herdr::server::headless: client detach requested via keybind client_id=4
2026-07-30T16:33:28.358841Z  INFO herdr::server::headless: client disconnected client_id=4
2026-07-30T16:33:33.294386Z  INFO herdr::server::headless: server shutdown initiated
2026-07-30T16:33:33.349241Z  INFO herdr::server::headless: completing server shutdown
2026-07-30T16:33:33.352963Z  INFO herdr::logging: session saved event="persist.save" subsystem="persist" outcome="ok" path=/Users/alex/.config/herdr/session.json workspaces=3
2026-07-30T16:33:33.353000Z  INFO herdr::server::headless: headless server exiting
2026-07-30T16:33:33.356483Z  INFO herdr::logging: pane child exited event="pane.exit" subsystem="pane" outcome="completed" pane_id=9 status="ExitStatus { code: 1, signal: None }"
2026-07-30T16:33:33.612654Z  INFO herdr::pane: pane session terminated pane=9 pid=87437 signal=Hangup
2026-07-30T16:33:33.613797Z  INFO herdr::logging: pane child exited event="pane.exit" subsystem="pane" outcome="completed" pane_id=8 status="ExitStatus { code: 1, signal: None }"
2026-07-30T16:33:33.638122Z  INFO herdr::pane: pane session terminated pane=8 pid=87433 signal=Hangup
2026-07-30T16:33:33.639230Z  INFO herdr::logging: pane child exited event="pane.exit" subsystem="pane" outcome="completed" pane_id=4 status="ExitStatus { code: 1, signal: None }"
2026-07-30T16:33:33.663528Z  INFO herdr::pane: pane session terminated pane=4 pid=85997 signal=Hangup
2026-07-30T16:33:33.664948Z  INFO herdr::logging: pane child exited event="pane.exit" subsystem="pane" outcome="completed" pane_id=5 status="ExitStatus { code: 1, signal: None }"
2026-07-30T16:33:33.689091Z  INFO herdr::pane: pane session terminated pane=5 pid=86001 signal=Hangup
2026-07-30T16:33:33.690333Z  INFO herdr::logging: pane child exited event="pane.exit" subsystem="pane" outcome="completed" pane_id=11 status="ExitStatus { code: 1, signal: None }"
2026-07-30T16:33:33.714603Z  INFO herdr::pane: pane session terminated pane=11 pid=87447 signal=Hangup
2026-07-30T16:33:33.715790Z  INFO herdr::logging: pane child exited event="pane.exit" subsystem="pane" outcome="completed" pane_id=6 status="ExitStatus { code: 1, signal: None }"
2026-07-30T16:33:33.740023Z  INFO herdr::pane: pane session terminated pane=6 pid=86005 signal=Hangup
2026-07-30T16:33:33.741434Z  INFO herdr::logging: pane child exited event="pane.exit" subsystem="pane" outcome="completed" pane_id=1 status="ExitStatus { code: 1, signal: None }"
2026-07-30T16:33:33.765565Z  INFO herdr::pane: pane session terminated pane=1 pid=75202 signal=Hangup
2026-07-30T16:33:33.767862Z  INFO herdr::logging: pane child exited event="pane.exit" subsystem="pane" outcome="completed" pane_id=10 status="ExitStatus { code: 1, signal: None }"
2026-07-30T16:33:33.787996Z  INFO herdr::pane: pane session terminated pane=10 pid=87444 signal=Hangup
2026-07-30T16:33:33.788655Z  INFO herdr::logging: herdr exiting event="app.shutdown" subsystem="server" outcome="completed" pid=75201
2026-07-30T16:45:29.442755Z  INFO herdr::platform::macos: raised server file descriptor soft limit previous=256 target=8192
2026-07-30T16:45:29.443796Z  INFO herdr::api::server: api server listening path=/Users/alex/.config/herdr/herdr.sock
2026-07-30T16:45:29.444539Z  INFO herdr::logging: spawning pane terminal event="pane.spawn.start" subsystem="pane" outcome="started" pane_id=1 rows=24 cols=80 scrollback_limit_bytes=10000000
2026-07-30T16:45:29.447814Z  INFO herdr::logging: pane child spawned event="pane.spawned" subsystem="pane" outcome="ok" pane_id=1 pid=96345
2026-07-30T16:45:29.448042Z  INFO herdr::logging: spawning pane terminal event="pane.spawn.start" subsystem="pane" outcome="started" pane_id=2 rows=24 cols=80 scrollback_limit_bytes=10000000
2026-07-30T16:45:29.450183Z  INFO herdr::logging: pane child spawned event="pane.spawned" subsystem="pane" outcome="ok" pane_id=2 pid=96346
2026-07-30T16:45:29.450343Z  INFO herdr::logging: spawning pane terminal event="pane.spawn.start" subsystem="pane" outcome="started" pane_id=3 rows=24 cols=80 scrollback_limit_bytes=10000000
2026-07-30T16:45:29.453696Z  INFO herdr::logging: pane child spawned event="pane.spawned" subsystem="pane" outcome="ok" pane_id=3 pid=96347
2026-07-30T16:45:29.453836Z  INFO herdr::logging: spawning pane terminal event="pane.spawn.start" subsystem="pane" outcome="started" pane_id=4 rows=24 cols=80 scrollback_limit_bytes=10000000
2026-07-30T16:45:29.456064Z  INFO herdr::logging: pane child spawned event="pane.spawned" subsystem="pane" outcome="ok" pane_id=4 pid=96348
2026-07-30T16:45:29.456370Z  INFO herdr::logging: spawning pane terminal event="pane.spawn.start" subsystem="pane" outcome="started" pane_id=5 rows=24 cols=80 scrollback_limit_bytes=10000000
2026-07-30T16:45:29.458815Z  INFO herdr::logging: pane child spawned event="pane.spawned" subsystem="pane" outcome="ok" pane_id=5 pid=96349
2026-07-30T16:45:29.459078Z  INFO herdr::logging: spawning pane terminal event="pane.spawn.start" subsystem="pane" outcome="started" pane_id=7 rows=24 cols=80 scrollback_limit_bytes=10000000
2026-07-30T16:45:29.461198Z  INFO herdr::logging: pane child spawned event="pane.spawned" subsystem="pane" outcome="ok" pane_id=7 pid=96350
2026-07-30T16:45:29.461357Z  INFO herdr::logging: spawning pane terminal event="pane.spawn.start" subsystem="pane" outcome="started" pane_id=8 rows=24 cols=80 scrollback_limit_bytes=10000000
2026-07-30T16:45:29.463779Z  INFO herdr::logging: pane child spawned event="pane.spawned" subsystem="pane" outcome="ok" pane_id=8 pid=96351
2026-07-30T16:45:29.464105Z  INFO herdr::logging: session restore evaluated event="persist.restore" subsystem="persist" outcome="ok" workspaces=3
2026-07-30T16:45:29.464132Z  INFO herdr::app: using pane scrollback configuration pane_scrollback_limit_bytes=10000000
2026-07-30T16:45:29.489142Z  WARN herdr::app: unknown theme, falling back theme="catppuccin-frappe" fallback="catppuccin"
2026-07-30T16:45:29.490129Z  INFO herdr::logging: checking for updates event="update.check.start" subsystem="update" outcome="started"
2026-07-30T16:45:29.495610Z  INFO herdr::server::headless: restored session already has workspaces; ignoring startup cwd cwd=/Users/alex/.dotfiles
2026-07-30T16:45:29.495713Z  INFO herdr::server::headless: client protocol socket listening path=/Users/alex/.config/herdr/herdr-client.sock
2026-07-30T16:45:29.495726Z  INFO herdr::server::headless: herdr server started api_socket=/Users/alex/.config/herdr/herdr.sock client_socket=/Users/alex/.config/herdr/herdr-client.sock
2026-07-30T16:45:29.495753Z  INFO herdr::logging: herdr starting event="app.startup" subsystem="server" outcome="started" pid=96344
2026-07-30T16:45:29.632260Z  INFO herdr::server::headless: client connected client_id=2 cols=151 rows=47 cell_width_px=0 cell_height_px=0 render_encoding=SemanticFrame
2026-07-30T16:45:29.633408Z  WARN herdr::app: unknown theme, falling back theme="catppuccin-frappe" fallback="catppuccin"
2026-07-30T16:45:29.649769Z  INFO herdr::logging: spawning pane terminal event="pane.spawn.start" subsystem="pane" outcome="started" pane_id=6 rows=46 cols=131 scrollback_limit_bytes=10000000
2026-07-30T16:45:29.652848Z  INFO herdr::logging: pane child spawned event="pane.spawned" subsystem="pane" outcome="ok" pane_id=6 pid=96667
2026-07-30T16:45:30.210006Z  INFO herdr::pane: agent changed pane=6 previous_agent=None agent=Some(Claude) process=claude pgid=Some(96813)
2026-07-30T16:45:31.122146Z  INFO herdr::pane: agent changed pane=6 previous_agent=Some(Claude) agent=None pgid=Some(96667)
2026-07-30T16:45:35.826680Z  INFO herdr::logging: session saved event="persist.save" subsystem="persist" outcome="ok" path=/Users/alex/.config/herdr/session.json workspaces=3
2026-07-30T16:45:36.455400Z  INFO herdr::server::headless: client detach requested via keybind client_id=2
2026-07-30T16:45:36.458442Z  INFO herdr::server::headless: client disconnected client_id=2
2026-07-30T16:45:38.508846Z  INFO herdr::server::headless: client connected client_id=4 cols=151 rows=47 cell_width_px=0 cell_height_px=0 render_encoding=SemanticFrame
2026-07-30T16:45:38.508939Z  WARN herdr::app: unknown theme, falling back theme="catppuccin-frappe" fallback="catppuccin"
2026-07-30T16:45:38.512832Z  WARN herdr::app: unknown theme, falling back theme="catppuccin-frappe" fallback="catppuccin"
2026-07-30T16:45:43.425554Z  INFO herdr::logging: workspace closed event="workspace.close" subsystem="workspace" outcome="ok" workspace_id="w9"
2026-07-30T16:45:43.428666Z  INFO herdr::logging: pane child exited event="pane.exit" subsystem="pane" outcome="completed" pane_id=5 status="ExitStatus { code: 1, signal: None }"
2026-07-30T16:45:43.451682Z  INFO herdr::pane: pane session terminated pane=5 pid=96349 signal=Hangup
2026-07-30T16:45:43.455157Z  INFO herdr::logging: pane child exited event="pane.exit" subsystem="pane" outcome="completed" pane_id=6 status="ExitStatus { code: 1, signal: None }"
2026-07-30T16:45:43.477570Z  INFO herdr::pane: pane session terminated pane=6 pid=96667 signal=Hangup
2026-07-30T16:45:43.480610Z  INFO herdr::logging: pane child exited event="pane.exit" subsystem="pane" outcome="completed" pane_id=7 status="ExitStatus { code: 1, signal: None }"
2026-07-30T16:45:43.503225Z  INFO herdr::pane: pane session terminated pane=7 pid=96350 signal=Hangup
2026-07-30T16:45:43.505266Z  INFO herdr::logging: pane child exited event="pane.exit" subsystem="pane" outcome="completed" pane_id=8 status="ExitStatus { code: 1, signal: None }"
2026-07-30T16:45:43.524826Z  INFO herdr::pane: pane session terminated pane=8 pid=96351 signal=Hangup
2026-07-30T16:45:43.525839Z  WARN herdr::app::actions: PaneDied for unknown pane pane=5
2026-07-30T16:45:43.525871Z  WARN herdr::app::actions: PaneDied for unknown pane pane=6
2026-07-30T16:45:43.525891Z  WARN herdr::app::actions: PaneDied for unknown pane pane=7
2026-07-30T16:45:43.525911Z  WARN herdr::app::actions: PaneDied for unknown pane pane=8
2026-07-30T16:45:44.842108Z  INFO herdr::logging: workspace closed event="workspace.close" subsystem="workspace" outcome="ok" workspace_id="w8"
2026-07-30T16:45:44.844603Z  INFO herdr::logging: pane child exited event="pane.exit" subsystem="pane" outcome="completed" pane_id=2 status="ExitStatus { code: 1, signal: None }"
2026-07-30T16:45:44.863988Z  INFO herdr::pane: pane session terminated pane=2 pid=96346 signal=Hangup
2026-07-30T16:45:44.867138Z  INFO herdr::logging: pane child exited event="pane.exit" subsystem="pane" outcome="completed" pane_id=3 status="ExitStatus { code: 1, signal: None }"
2026-07-30T16:45:44.889965Z  INFO herdr::pane: pane session terminated pane=3 pid=96347 signal=Hangup
2026-07-30T16:45:44.892838Z  INFO herdr::logging: pane child exited event="pane.exit" subsystem="pane" outcome="completed" pane_id=4 status="ExitStatus { code: 1, signal: None }"
2026-07-30T16:45:44.911873Z  INFO herdr::pane: pane session terminated pane=4 pid=96348 signal=Hangup
2026-07-30T16:45:44.912537Z  WARN herdr::app::actions: PaneDied for unknown pane pane=2
2026-07-30T16:45:44.912559Z  WARN herdr::app::actions: PaneDied for unknown pane pane=3
2026-07-30T16:45:44.912570Z  WARN herdr::app::actions: PaneDied for unknown pane pane=4
2026-07-30T16:45:49.917685Z  INFO herdr::logging: session saved event="persist.save" subsystem="persist" outcome="ok" path=/Users/alex/.config/herdr/session.json workspaces=1
2026-07-30T16:45:53.702164Z  INFO herdr::server::headless: client detach requested via keybind client_id=4
2026-07-30T16:45:53.705315Z  INFO herdr::server::headless: client disconnected client_id=4
2026-07-30T16:49:40.938274Z  INFO herdr::server::headless: client connected client_id=6 cols=151 rows=47 cell_width_px=0 cell_height_px=0 render_encoding=SemanticFrame
2026-07-30T16:49:40.941058Z  WARN herdr::app: unknown theme, falling back theme="catppuccin-frappe" fallback="catppuccin"
2026-07-30T16:49:40.941841Z  WARN herdr::app: unknown theme, falling back theme="catppuccin-frappe" fallback="catppuccin"
2026-07-30T16:49:51.049553Z  INFO herdr::server::headless: client detach requested via keybind client_id=6
2026-07-30T16:49:51.051771Z  INFO herdr::server::headless: client disconnected client_id=6
2026-07-30T16:50:00.287211Z  INFO herdr::logging: api request received event="api.request.start" subsystem="api" outcome="started" request_id="cli:server:reload-config" method="server.reload_config" changes_ui=true
2026-07-30T16:50:00.287704Z  WARN herdr::app: unknown theme, falling back theme="catppuccin-frappe" fallback="catppuccin"
2026-07-30T16:50:00.287780Z  INFO herdr::logging: api request completed event="api.request.complete" subsystem="api" outcome="ok" request_id="cli:server:reload-config" method="server.reload_config"
2026-07-30T16:50:06.488508Z  INFO herdr::server::headless: server shutdown initiated
2026-07-30T16:50:06.543617Z  INFO herdr::server::headless: completing server shutdown
2026-07-30T16:50:06.544669Z  INFO herdr::logging: session saved event="persist.save" subsystem="persist" outcome="ok" path=/Users/alex/.config/herdr/session.json workspaces=1
2026-07-30T16:50:06.544704Z  INFO herdr::server::headless: headless server exiting
2026-07-30T16:50:06.547805Z  INFO herdr::logging: pane child exited event="pane.exit" subsystem="pane" outcome="completed" pane_id=1 status="ExitStatus { code: 1, signal: None }"
2026-07-30T16:50:06.568978Z  INFO herdr::pane: pane session terminated pane=1 pid=96345 signal=Hangup
2026-07-30T16:50:06.569630Z  INFO herdr::logging: herdr exiting event="app.shutdown" subsystem="server" outcome="completed" pid=96344
2026-07-30T16:50:08.681739Z  INFO herdr::platform::macos: raised server file descriptor soft limit previous=256 target=8192
2026-07-30T16:50:08.682538Z  INFO herdr::api::server: api server listening path=/Users/alex/.config/herdr/herdr.sock
2026-07-30T16:50:08.683096Z  INFO herdr::logging: spawning pane terminal event="pane.spawn.start" subsystem="pane" outcome="started" pane_id=1 rows=24 cols=80 scrollback_limit_bytes=10000000
2026-07-30T16:50:08.686848Z  INFO herdr::logging: pane child spawned event="pane.spawned" subsystem="pane" outcome="ok" pane_id=1 pid=868
2026-07-30T16:50:08.687066Z  INFO herdr::logging: session restore evaluated event="persist.restore" subsystem="persist" outcome="ok" workspaces=1
2026-07-30T16:50:08.687084Z  INFO herdr::app: using pane scrollback configuration pane_scrollback_limit_bytes=10000000
2026-07-30T16:50:08.708531Z  WARN herdr::app: unknown theme, falling back theme="catppuccin-frappe" fallback="catppuccin"
2026-07-30T16:50:08.709771Z  INFO herdr::logging: checking for updates event="update.check.start" subsystem="update" outcome="started"
2026-07-30T16:50:08.714321Z  INFO herdr::server::headless: restored session already has workspaces; ignoring startup cwd cwd=/Users/alex/.dotfiles
2026-07-30T16:50:08.714432Z  INFO herdr::server::headless: client protocol socket listening path=/Users/alex/.config/herdr/herdr-client.sock
2026-07-30T16:50:08.714446Z  INFO herdr::server::headless: herdr server started api_socket=/Users/alex/.config/herdr/herdr.sock client_socket=/Users/alex/.config/herdr/herdr-client.sock
2026-07-30T16:50:08.714574Z  INFO herdr::logging: herdr starting event="app.startup" subsystem="server" outcome="started" pid=867
2026-07-30T16:50:08.965971Z  INFO herdr::server::headless: client connected client_id=2 cols=151 rows=47 cell_width_px=0 cell_height_px=0 render_encoding=SemanticFrame
2026-07-30T16:50:08.966258Z  WARN herdr::app: unknown theme, falling back theme="catppuccin-frappe" fallback="catppuccin"
2026-07-30T16:50:14.415980Z  INFO herdr::server::headless: client detach requested via keybind client_id=2
2026-07-30T16:50:14.418494Z  INFO herdr::server::headless: client disconnected client_id=2
2026-07-30T16:50:46.260316Z  INFO herdr::logging: api request received event="api.request.start" subsystem="api" outcome="started" request_id="cli:server:reload-config" method="server.reload_config" changes_ui=true
2026-07-30T16:50:46.260728Z  WARN herdr::app: unknown theme, falling back theme="catppuccin-frappe" fallback="catppuccin"
2026-07-30T16:50:46.260792Z  INFO herdr::logging: api request completed event="api.request.complete" subsystem="api" outcome="ok" request_id="cli:server:reload-config" method="server.reload_config"
2026-07-30T16:50:52.065288Z  INFO herdr::server::headless: client connected client_id=4 cols=151 rows=47 cell_width_px=0 cell_height_px=0 render_encoding=SemanticFrame
2026-07-30T16:50:52.065387Z  WARN herdr::app: unknown theme, falling back theme="catppuccin-frappe" fallback="catppuccin"
2026-07-30T16:50:52.069674Z  WARN herdr::app: unknown theme, falling back theme="catppuccin-frappe" fallback="catppuccin"
2026-07-30T16:51:20.887592Z  INFO herdr::logging: spawning pane terminal event="pane.spawn.start" subsystem="pane" outcome="started" pane_id=2 rows=46 cols=131 scrollback_limit_bytes=10000000
2026-07-30T16:51:20.895739Z  INFO herdr::logging: pane child spawned event="pane.spawned" subsystem="pane" outcome="ok" pane_id=2 pid=2833
2026-07-30T16:51:20.896111Z  INFO herdr::logging: tab focused event="tab.focus" subsystem="tab" outcome="ok" workspace_id="w7" tab_id="w7:t2"
2026-07-30T16:51:23.262346Z  INFO herdr::server::headless: client detach requested via keybind client_id=4
2026-07-30T16:51:23.267556Z  INFO herdr::server::headless: client disconnected client_id=4
2026-07-30T16:51:25.902560Z  INFO herdr::logging: session saved event="persist.save" subsystem="persist" outcome="ok" path=/Users/alex/.config/herdr/session.json workspaces=1
2026-07-30T16:51:30.382011Z  INFO herdr::server::headless: server shutdown initiated
2026-07-30T16:51:30.437085Z  INFO herdr::server::headless: completing server shutdown
2026-07-30T16:51:30.438376Z  INFO herdr::logging: session saved event="persist.save" subsystem="persist" outcome="ok" path=/Users/alex/.config/herdr/session.json workspaces=1
2026-07-30T16:51:30.438410Z  INFO herdr::server::headless: headless server exiting
2026-07-30T16:51:30.441425Z  INFO herdr::logging: pane child exited event="pane.exit" subsystem="pane" outcome="completed" pane_id=2 status="ExitStatus { code: 1, signal: None }"
2026-07-30T16:51:30.463907Z  INFO herdr::pane: pane session terminated pane=2 pid=2833 signal=Hangup
2026-07-30T16:51:30.467251Z  INFO herdr::logging: pane child exited event="pane.exit" subsystem="pane" outcome="completed" pane_id=1 status="ExitStatus { code: 1, signal: None }"
2026-07-30T16:51:30.489796Z  INFO herdr::pane: pane session terminated pane=1 pid=868 signal=Hangup
2026-07-30T16:51:30.490786Z  INFO herdr::logging: herdr exiting event="app.shutdown" subsystem="server" outcome="completed" pid=867
2026-07-30T16:51:58.680294Z  INFO herdr::platform::macos: raised server file descriptor soft limit previous=256 target=8192
2026-07-30T16:51:58.681302Z  INFO herdr::api::server: api server listening path=/Users/alex/.config/herdr/herdr.sock
2026-07-30T16:51:58.682110Z  INFO herdr::logging: spawning pane terminal event="pane.spawn.start" subsystem="pane" outcome="started" pane_id=1 rows=24 cols=80 scrollback_limit_bytes=10000000
2026-07-30T16:51:58.685731Z  INFO herdr::logging: pane child spawned event="pane.spawned" subsystem="pane" outcome="ok" pane_id=1 pid=5764
2026-07-30T16:51:58.685956Z  INFO herdr::logging: spawning pane terminal event="pane.spawn.start" subsystem="pane" outcome="started" pane_id=2 rows=24 cols=80 scrollback_limit_bytes=10000000
2026-07-30T16:51:58.688556Z  INFO herdr::logging: pane child spawned event="pane.spawned" subsystem="pane" outcome="ok" pane_id=2 pid=5765
2026-07-30T16:51:58.688762Z  INFO herdr::logging: session restore evaluated event="persist.restore" subsystem="persist" outcome="ok" workspaces=1
2026-07-30T16:51:58.688778Z  INFO herdr::app: using pane scrollback configuration pane_scrollback_limit_bytes=10000000
2026-07-30T16:51:58.709136Z  WARN herdr::app: unknown theme, falling back theme="catppuccin-frappe" fallback="catppuccin"
2026-07-30T16:51:58.710343Z  INFO herdr::logging: checking for updates event="update.check.start" subsystem="update" outcome="started"
2026-07-30T16:51:58.715812Z  INFO herdr::server::headless: restored session already has workspaces; ignoring startup cwd cwd=/Users/alex/.dotfiles
2026-07-30T16:51:58.716004Z  INFO herdr::server::headless: client protocol socket listening path=/Users/alex/.config/herdr/herdr-client.sock
2026-07-30T16:51:58.716053Z  INFO herdr::server::headless: herdr server started api_socket=/Users/alex/.config/herdr/herdr.sock client_socket=/Users/alex/.config/herdr/herdr-client.sock
2026-07-30T16:51:58.716296Z  INFO herdr::logging: herdr starting event="app.startup" subsystem="server" outcome="started" pid=5763
2026-07-30T16:51:58.793021Z  INFO herdr::server::headless: client connected client_id=2 cols=151 rows=47 cell_width_px=0 cell_height_px=0 render_encoding=SemanticFrame
2026-07-30T16:51:58.793537Z  WARN herdr::app: unknown theme, falling back theme="catppuccin-frappe" fallback="catppuccin"
2026-07-30T16:52:51.565431Z  INFO herdr::server::headless: client detach requested via keybind client_id=2
2026-07-30T16:52:51.570517Z  INFO herdr::server::headless: client disconnected client_id=2
2026-07-30T16:53:56.494061Z  INFO herdr::server::headless: server shutdown initiated
2026-07-30T16:53:56.547896Z  INFO herdr::server::headless: completing server shutdown
2026-07-30T16:53:56.549381Z  INFO herdr::logging: session saved event="persist.save" subsystem="persist" outcome="ok" path=/Users/alex/.config/herdr/session.json workspaces=1
2026-07-30T16:53:56.549414Z  INFO herdr::server::headless: headless server exiting
2026-07-30T16:53:56.552080Z  INFO herdr::logging: pane child exited event="pane.exit" subsystem="pane" outcome="completed" pane_id=1 status="ExitStatus { code: 1, signal: None }"
2026-07-30T16:53:56.575303Z  INFO herdr::pane: pane session terminated pane=1 pid=5764 signal=Hangup
2026-07-30T16:53:56.578524Z  INFO herdr::logging: pane child exited event="pane.exit" subsystem="pane" outcome="completed" pane_id=2 status="ExitStatus { code: 1, signal: None }"
2026-07-30T16:53:56.601120Z  INFO herdr::pane: pane session terminated pane=2 pid=5765 signal=Hangup
2026-07-30T16:53:56.601925Z  INFO herdr::logging: herdr exiting event="app.shutdown" subsystem="server" outcome="completed" pid=5763
2026-07-30T16:54:00.767079Z  INFO herdr::platform::macos: raised server file descriptor soft limit previous=256 target=8192
2026-07-30T16:54:00.767792Z  INFO herdr::api::server: api server listening path=/Users/alex/.config/herdr/herdr.sock
2026-07-30T16:54:00.768376Z  INFO herdr::logging: spawning pane terminal event="pane.spawn.start" subsystem="pane" outcome="started" pane_id=1 rows=24 cols=80 scrollback_limit_bytes=10000000
2026-07-30T16:54:00.771566Z  INFO herdr::logging: pane child spawned event="pane.spawned" subsystem="pane" outcome="ok" pane_id=1 pid=8003
2026-07-30T16:54:00.771775Z  INFO herdr::logging: spawning pane terminal event="pane.spawn.start" subsystem="pane" outcome="started" pane_id=2 rows=24 cols=80 scrollback_limit_bytes=10000000
2026-07-30T16:54:00.774000Z  INFO herdr::logging: pane child spawned event="pane.spawned" subsystem="pane" outcome="ok" pane_id=2 pid=8004
2026-07-30T16:54:00.774173Z  INFO herdr::logging: session restore evaluated event="persist.restore" subsystem="persist" outcome="ok" workspaces=1
2026-07-30T16:54:00.774188Z  INFO herdr::app: using pane scrollback configuration pane_scrollback_limit_bytes=10000000
2026-07-30T16:54:00.792399Z  WARN herdr::app: unknown theme, falling back theme="catppuccin-frappe" fallback="catppuccin"
2026-07-30T16:54:00.793521Z  INFO herdr::logging: checking for updates event="update.check.start" subsystem="update" outcome="started"
2026-07-30T16:54:00.797960Z  INFO herdr::server::headless: restored session already has workspaces; ignoring startup cwd cwd=/Users/alex/.dotfiles
2026-07-30T16:54:00.798065Z  INFO herdr::server::headless: client protocol socket listening path=/Users/alex/.config/herdr/herdr-client.sock
2026-07-30T16:54:00.798082Z  INFO herdr::server::headless: herdr server started api_socket=/Users/alex/.config/herdr/herdr.sock client_socket=/Users/alex/.config/herdr/herdr-client.sock
2026-07-30T16:54:00.798206Z  INFO herdr::logging: herdr starting event="app.startup" subsystem="server" outcome="started" pid=8002
2026-07-30T16:54:00.875545Z  INFO herdr::server::headless: client connected client_id=2 cols=151 rows=47 cell_width_px=0 cell_height_px=0 render_encoding=SemanticFrame
2026-07-30T16:54:00.875960Z  WARN herdr::app: unknown theme, falling back theme="catppuccin-frappe" fallback="catppuccin"
2026-07-30T16:54:03.323320Z  INFO herdr::logging: api request received event="api.request.start" subsystem="api" outcome="started" request_id="cli:plugin" method="plugin.action.invoke" changes_ui=true
2026-07-30T16:54:03.324235Z  INFO herdr::logging: api request completed event="api.request.complete" subsystem="api" outcome="ok" request_id="cli:plugin" method="plugin.action.invoke"
2026-07-30T16:54:08.389494Z  INFO herdr::app::actions: copied selection to clipboard
2026-07-30T16:54:30.748141Z  INFO herdr::server::headless: client detach requested via keybind client_id=2
2026-07-30T16:54:30.750288Z  INFO herdr::server::headless: client disconnected client_id=2
2026-07-30T16:55:03.565842Z  INFO herdr::server::headless: server shutdown initiated
2026-07-30T16:55:03.620923Z  INFO herdr::server::headless: completing server shutdown
2026-07-30T16:55:03.621956Z  INFO herdr::logging: session saved event="persist.save" subsystem="persist" outcome="ok" path=/Users/alex/.config/herdr/session.json workspaces=1
2026-07-30T16:55:03.621983Z  INFO herdr::server::headless: headless server exiting
2026-07-30T16:55:03.624578Z  INFO herdr::logging: pane child exited event="pane.exit" subsystem="pane" outcome="completed" pane_id=1 status="ExitStatus { code: 1, signal: None }"
2026-07-30T16:55:03.646590Z  INFO herdr::pane: pane session terminated pane=1 pid=8003 signal=Hangup
2026-07-30T16:55:03.650083Z  INFO herdr::logging: pane child exited event="pane.exit" subsystem="pane" outcome="completed" pane_id=2 status="ExitStatus { code: 1, signal: None }"
2026-07-30T16:55:03.671876Z  INFO herdr::pane: pane session terminated pane=2 pid=8004 signal=Hangup
2026-07-30T16:55:03.672800Z  INFO herdr::logging: herdr exiting event="app.shutdown" subsystem="server" outcome="completed" pid=8002
2026-07-30T16:55:05.950133Z  INFO herdr::platform::macos: raised server file descriptor soft limit previous=256 target=8192
2026-07-30T16:55:05.950890Z  INFO herdr::api::server: api server listening path=/Users/alex/.config/herdr/herdr.sock
2026-07-30T16:55:05.951407Z  INFO herdr::logging: spawning pane terminal event="pane.spawn.start" subsystem="pane" outcome="started" pane_id=1 rows=24 cols=80 scrollback_limit_bytes=10000000
2026-07-30T16:55:05.954301Z  INFO herdr::logging: pane child spawned event="pane.spawned" subsystem="pane" outcome="ok" pane_id=1 pid=9958
2026-07-30T16:55:05.954456Z  INFO herdr::logging: spawning pane terminal event="pane.spawn.start" subsystem="pane" outcome="started" pane_id=2 rows=24 cols=80 scrollback_limit_bytes=10000000
2026-07-30T16:55:05.956664Z  INFO herdr::logging: pane child spawned event="pane.spawned" subsystem="pane" outcome="ok" pane_id=2 pid=9959
2026-07-30T16:55:05.956832Z  INFO herdr::logging: session restore evaluated event="persist.restore" subsystem="persist" outcome="ok" workspaces=1
2026-07-30T16:55:05.956848Z  INFO herdr::app: using pane scrollback configuration pane_scrollback_limit_bytes=10000000
2026-07-30T16:55:05.976605Z  WARN herdr::app: unknown theme, falling back theme="catppuccin-frappe" fallback="catppuccin"
2026-07-30T16:55:05.977364Z  INFO herdr::logging: checking for updates event="update.check.start" subsystem="update" outcome="started"
2026-07-30T16:55:05.982979Z  INFO herdr::server::headless: restored session already has workspaces; ignoring startup cwd cwd=/Users/alex/.dotfiles
2026-07-30T16:55:05.983128Z  INFO herdr::server::headless: client protocol socket listening path=/Users/alex/.config/herdr/herdr-client.sock
2026-07-30T16:55:05.983152Z  INFO herdr::server::headless: herdr server started api_socket=/Users/alex/.config/herdr/herdr.sock client_socket=/Users/alex/.config/herdr/herdr-client.sock
2026-07-30T16:55:05.983288Z  INFO herdr::logging: herdr starting event="app.startup" subsystem="server" outcome="started" pid=9957
2026-07-30T16:55:06.060023Z  INFO herdr::server::headless: client connected client_id=2 cols=151 rows=47 cell_width_px=0 cell_height_px=0 render_encoding=SemanticFrame
2026-07-30T16:55:06.060502Z  WARN herdr::app: unknown theme, falling back theme="catppuccin-frappe" fallback="catppuccin"
2026-07-30T16:56:24.961793Z  INFO herdr::logging: api request received event="api.request.start" subsystem="api" outcome="started" request_id="cli:server:reload-config" method="server.reload_config" changes_ui=true
2026-07-30T16:56:24.962333Z  WARN herdr::app: unknown theme, falling back theme="catppuccin-frappe" fallback="catppuccin"
2026-07-30T16:56:24.962425Z  INFO herdr::logging: api request completed event="api.request.complete" subsystem="api" outcome="ok" request_id="cli:server:reload-config" method="server.reload_config"
2026-07-30T16:56:30.483950Z  INFO herdr::logging: api request received event="api.request.start" subsystem="api" outcome="started" request_id="cli:plugin" method="plugin.pane.open" changes_ui=true
2026-07-30T16:56:30.484611Z  INFO herdr::logging: spawning pane terminal event="pane.spawn.start" subsystem="pane" outcome="started" pane_id=3 rows=46 cols=131 scrollback_limit_bytes=10000000
2026-07-30T16:56:30.488491Z  INFO herdr::logging: pane child spawned event="pane.spawned" subsystem="pane" outcome="ok" pane_id=3 pid=11837
2026-07-30T16:56:30.488692Z  INFO herdr::logging: tab focused event="tab.focus" subsystem="tab" outcome="ok" workspace_id="w7" tab_id="w7:t2"
2026-07-30T16:56:30.489064Z  INFO herdr::logging: api request completed event="api.request.complete" subsystem="api" outcome="ok" request_id="cli:plugin" method="plugin.pane.open"
2026-07-30T16:56:35.491759Z  INFO herdr::logging: session saved event="persist.save" subsystem="persist" outcome="ok" path=/Users/alex/.config/herdr/session.json workspaces=1
2026-07-30T16:57:01.468755Z  INFO herdr::logging: api request received event="api.request.start" subsystem="api" outcome="started" request_id="cli:workspace:create" method="workspace.create" changes_ui=true
2026-07-30T16:57:01.468928Z  INFO herdr::logging: spawning pane terminal event="pane.spawn.start" subsystem="pane" outcome="started" pane_id=4 rows=46 cols=131 scrollback_limit_bytes=10000000
2026-07-30T16:57:01.472470Z  INFO herdr::logging: pane child spawned event="pane.spawned" subsystem="pane" outcome="ok" pane_id=4 pid=11874
2026-07-30T16:57:01.472723Z  INFO herdr::logging: workspace created event="workspace.create" subsystem="workspace" outcome="ok" workspace_id="w8" pane_id=4
2026-07-30T16:57:01.472734Z  INFO herdr::logging: workspace renamed event="workspace.rename" subsystem="workspace" outcome="ok" workspace_id="w8"
2026-07-30T16:57:01.473849Z  INFO herdr::logging: api request completed event="api.request.complete" subsystem="api" outcome="ok" request_id="cli:workspace:create" method="workspace.create"
2026-07-30T16:57:01.483505Z  INFO herdr::logging: api request received event="api.request.start" subsystem="api" outcome="started" request_id="cli:tab:rename" method="tab.rename" changes_ui=true
2026-07-30T16:57:01.483599Z  INFO herdr::logging: tab renamed event="tab.rename" subsystem="tab" outcome="ok" workspace_id="w8" tab_id="w8:t1"
2026-07-30T16:57:01.484039Z  INFO herdr::logging: api request completed event="api.request.complete" subsystem="api" outcome="ok" request_id="cli:tab:rename" method="tab.rename"
2026-07-30T16:57:01.493753Z  INFO herdr::logging: api request received event="api.request.start" subsystem="api" outcome="started" request_id="cli:pane:rename" method="pane.rename" changes_ui=true
2026-07-30T16:57:01.494036Z  INFO herdr::logging: api request completed event="api.request.complete" subsystem="api" outcome="ok" request_id="cli:pane:rename" method="pane.rename"
2026-07-30T16:57:01.503816Z  INFO herdr::logging: api request received event="api.request.start" subsystem="api" outcome="started" request_id="cli:pane:split" method="pane.split" changes_ui=true
2026-07-30T16:57:01.503885Z  INFO herdr::logging: spawning pane terminal event="pane.spawn.start" subsystem="pane" outcome="started" pane_id=5 rows=46 cols=131 scrollback_limit_bytes=10000000
2026-07-30T16:57:01.506192Z  INFO herdr::logging: pane child spawned event="pane.spawned" subsystem="pane" outcome="ok" pane_id=5 pid=11879
2026-07-30T16:57:01.506658Z  INFO herdr::logging: api request completed event="api.request.complete" subsystem="api" outcome="ok" request_id="cli:pane:split" method="pane.split"
2026-07-30T16:57:01.510700Z  INFO herdr::logging: api request received event="api.request.start" subsystem="api" outcome="started" request_id="cli:pane:rename" method="pane.rename" changes_ui=true
2026-07-30T16:57:01.510809Z  INFO herdr::logging: api request completed event="api.request.complete" subsystem="api" outcome="ok" request_id="cli:pane:rename" method="pane.rename"
2026-07-30T16:57:01.518898Z  INFO herdr::logging: api request received event="api.request.start" subsystem="api" outcome="started" request_id="cli:tab:create" method="tab.create" changes_ui=true
2026-07-30T16:57:01.518961Z  INFO herdr::logging: spawning pane terminal event="pane.spawn.start" subsystem="pane" outcome="started" pane_id=6 rows=46 cols=131 scrollback_limit_bytes=10000000
2026-07-30T16:57:01.521002Z  INFO herdr::logging: pane child spawned event="pane.spawned" subsystem="pane" outcome="ok" pane_id=6 pid=11886
2026-07-30T16:57:01.521073Z  INFO herdr::logging: tab renamed event="tab.rename" subsystem="tab" outcome="ok" workspace_id="w8" tab_id="w8:t2"
2026-07-30T16:57:01.521582Z  INFO herdr::logging: api request completed event="api.request.complete" subsystem="api" outcome="ok" request_id="cli:tab:create" method="tab.create"
2026-07-30T16:57:01.525157Z  INFO herdr::logging: api request received event="api.request.start" subsystem="api" outcome="started" request_id="cli:pane:rename" method="pane.rename" changes_ui=true
2026-07-30T16:57:01.525279Z  INFO herdr::logging: api request completed event="api.request.complete" subsystem="api" outcome="ok" request_id="cli:pane:rename" method="pane.rename"
2026-07-30T16:57:01.533099Z  INFO herdr::logging: api request received event="api.request.start" subsystem="api" outcome="started" request_id="cli:tab:focus" method="tab.focus" changes_ui=true
2026-07-30T16:57:01.533151Z  INFO herdr::logging: workspace focused event="workspace.focus" subsystem="workspace" outcome="ok" workspace_id="w8"
2026-07-30T16:57:01.533214Z  INFO herdr::logging: tab focused event="tab.focus" subsystem="tab" outcome="ok" workspace_id="w8" tab_id="w8:t1"
2026-07-30T16:57:01.533246Z  INFO herdr::logging: api request completed event="api.request.complete" subsystem="api" outcome="ok" request_id="cli:tab:focus" method="tab.focus"
2026-07-30T16:57:01.536947Z  INFO herdr::logging: api request received event="api.request.start" subsystem="api" outcome="started" request_id="cli:workspace:focus" method="workspace.focus" changes_ui=true
2026-07-30T16:57:01.536977Z  INFO herdr::logging: workspace focused event="workspace.focus" subsystem="workspace" outcome="ok" workspace_id="w8"
2026-07-30T16:57:01.537011Z  INFO herdr::logging: tab focused event="tab.focus" subsystem="tab" outcome="ok" workspace_id="w8" tab_id="w8:t1"
2026-07-30T16:57:01.537035Z  INFO herdr::logging: api request completed event="api.request.complete" subsystem="api" outcome="ok" request_id="cli:workspace:focus" method="workspace.focus"
2026-07-30T16:57:01.538669Z  INFO herdr::logging: pane child exited event="pane.exit" subsystem="pane" outcome="completed" pane_id=3 status="ExitStatus { code: 0, signal: None }"
2026-07-30T16:57:01.538908Z  INFO herdr::pane: pane session terminated pane=3 pid=11837 signal=Hangup
2026-07-30T16:57:02.059512Z  INFO herdr::pane: agent changed pane=5 previous_agent=None agent=Some(Claude) process=claude pgid=Some(12035)
2026-07-30T16:57:07.200681Z  INFO herdr::logging: session saved event="persist.save" subsystem="persist" outcome="ok" path=/Users/alex/.config/herdr/session.json workspaces=2
2026-07-30T16:57:31.371764Z  INFO herdr::logging: tab focused event="tab.focus" subsystem="tab" outcome="ok" workspace_id="w8" tab_id="w8:t1"
2026-07-30T16:57:33.245420Z  INFO herdr::logging: tab focused event="tab.focus" subsystem="tab" outcome="ok" workspace_id="w8" tab_id="w8:t1"
2026-07-30T16:57:34.314460Z  INFO herdr::logging: tab focused event="tab.focus" subsystem="tab" outcome="ok" workspace_id="w8" tab_id="w8:t1"
2026-07-30T16:57:39.322388Z  INFO herdr::logging: session saved event="persist.save" subsystem="persist" outcome="ok" path=/Users/alex/.config/herdr/session.json workspaces=2
2026-07-30T16:57:40.424965Z  INFO herdr::logging: api request received event="api.request.start" subsystem="api" outcome="started" request_id="cli:plugin" method="plugin.pane.open" changes_ui=true
2026-07-30T16:57:40.425429Z  INFO herdr::logging: spawning pane terminal event="pane.spawn.start" subsystem="pane" outcome="started" pane_id=7 rows=46 cols=39 scrollback_limit_bytes=10000000
2026-07-30T16:57:40.427901Z  INFO herdr::logging: pane child spawned event="pane.spawned" subsystem="pane" outcome="ok" pane_id=7 pid=13443
2026-07-30T16:57:40.428039Z  INFO herdr::logging: tab focused event="tab.focus" subsystem="tab" outcome="ok" workspace_id="w8" tab_id="w8:t1"
2026-07-30T16:57:40.428342Z  INFO herdr::logging: api request completed event="api.request.complete" subsystem="api" outcome="ok" request_id="cli:plugin" method="plugin.pane.open"
2026-07-30T16:57:45.432829Z  INFO herdr::logging: session saved event="persist.save" subsystem="persist" outcome="ok" path=/Users/alex/.config/herdr/session.json workspaces=2
2026-07-30T16:57:45.460233Z  INFO herdr::logging: api request received event="api.request.start" subsystem="api" outcome="started" request_id="cli:workspace:create" method="workspace.create" changes_ui=true
2026-07-30T16:57:45.460410Z  INFO herdr::logging: spawning pane terminal event="pane.spawn.start" subsystem="pane" outcome="started" pane_id=8 rows=46 cols=131 scrollback_limit_bytes=10000000
2026-07-30T16:57:45.464324Z  INFO herdr::logging: pane child spawned event="pane.spawned" subsystem="pane" outcome="ok" pane_id=8 pid=13452
2026-07-30T16:57:45.464824Z  INFO herdr::logging: workspace created event="workspace.create" subsystem="workspace" outcome="ok" workspace_id="w9" pane_id=8
2026-07-30T16:57:45.464835Z  INFO herdr::logging: workspace renamed event="workspace.rename" subsystem="workspace" outcome="ok" workspace_id="w9"
2026-07-30T16:57:45.465985Z  INFO herdr::logging: api request completed event="api.request.complete" subsystem="api" outcome="ok" request_id="cli:workspace:create" method="workspace.create"
2026-07-30T16:57:45.476025Z  INFO herdr::logging: api request received event="api.request.start" subsystem="api" outcome="started" request_id="cli:tab:rename" method="tab.rename" changes_ui=true
2026-07-30T16:57:45.476116Z  INFO herdr::logging: tab renamed event="tab.rename" subsystem="tab" outcome="ok" workspace_id="w9" tab_id="w9:t1"
2026-07-30T16:57:45.476552Z  INFO herdr::logging: api request completed event="api.request.complete" subsystem="api" outcome="ok" request_id="cli:tab:rename" method="tab.rename"
2026-07-30T16:57:45.483273Z  INFO herdr::logging: api request received event="api.request.start" subsystem="api" outcome="started" request_id="cli:pane:rename" method="pane.rename" changes_ui=true
2026-07-30T16:57:45.483464Z  INFO herdr::logging: api request completed event="api.request.complete" subsystem="api" outcome="ok" request_id="cli:pane:rename" method="pane.rename"
2026-07-30T16:57:45.493568Z  INFO herdr::logging: api request received event="api.request.start" subsystem="api" outcome="started" request_id="cli:pane:split" method="pane.split" changes_ui=true
2026-07-30T16:57:45.493645Z  INFO herdr::logging: spawning pane terminal event="pane.spawn.start" subsystem="pane" outcome="started" pane_id=9 rows=46 cols=131 scrollback_limit_bytes=10000000
2026-07-30T16:57:45.496359Z  INFO herdr::logging: pane child spawned event="pane.spawned" subsystem="pane" outcome="ok" pane_id=9 pid=13457
2026-07-30T16:57:45.496811Z  INFO herdr::logging: api request completed event="api.request.complete" subsystem="api" outcome="ok" request_id="cli:pane:split" method="pane.split"
2026-07-30T16:57:45.500916Z  INFO herdr::logging: api request received event="api.request.start" subsystem="api" outcome="started" request_id="cli:pane:rename" method="pane.rename" changes_ui=true
2026-07-30T16:57:45.501048Z  INFO herdr::logging: api request completed event="api.request.complete" subsystem="api" outcome="ok" request_id="cli:pane:rename" method="pane.rename"
2026-07-30T16:57:45.509161Z  INFO herdr::logging: api request received event="api.request.start" subsystem="api" outcome="started" request_id="cli:tab:create" method="tab.create" changes_ui=true
2026-07-30T16:57:45.509229Z  INFO herdr::logging: spawning pane terminal event="pane.spawn.start" subsystem="pane" outcome="started" pane_id=10 rows=46 cols=131 scrollback_limit_bytes=10000000
2026-07-30T16:57:45.511416Z  INFO herdr::logging: pane child spawned event="pane.spawned" subsystem="pane" outcome="ok" pane_id=10 pid=13463
2026-07-30T16:57:45.511490Z  INFO herdr::logging: tab renamed event="tab.rename" subsystem="tab" outcome="ok" workspace_id="w9" tab_id="w9:t2"
2026-07-30T16:57:45.511999Z  INFO herdr::logging: api request completed event="api.request.complete" subsystem="api" outcome="ok" request_id="cli:tab:create" method="tab.create"
2026-07-30T16:57:45.515733Z  INFO herdr::logging: api request received event="api.request.start" subsystem="api" outcome="started" request_id="cli:pane:rename" method="pane.rename" changes_ui=true
2026-07-30T16:57:45.515876Z  INFO herdr::logging: api request completed event="api.request.complete" subsystem="api" outcome="ok" request_id="cli:pane:rename" method="pane.rename"
2026-07-30T16:57:45.523734Z  INFO herdr::logging: api request received event="api.request.start" subsystem="api" outcome="started" request_id="cli:tab:focus" method="tab.focus" changes_ui=true
2026-07-30T16:57:45.523778Z  INFO herdr::logging: workspace focused event="workspace.focus" subsystem="workspace" outcome="ok" workspace_id="w9"
2026-07-30T16:57:45.523870Z  INFO herdr::logging: tab focused event="tab.focus" subsystem="tab" outcome="ok" workspace_id="w9" tab_id="w9:t1"
2026-07-30T16:57:45.523905Z  INFO herdr::logging: api request completed event="api.request.complete" subsystem="api" outcome="ok" request_id="cli:tab:focus" method="tab.focus"
2026-07-30T16:57:45.528027Z  INFO herdr::logging: api request received event="api.request.start" subsystem="api" outcome="started" request_id="cli:workspace:focus" method="workspace.focus" changes_ui=true
2026-07-30T16:57:45.528071Z  INFO herdr::logging: workspace focused event="workspace.focus" subsystem="workspace" outcome="ok" workspace_id="w9"
2026-07-30T16:57:45.528109Z  INFO herdr::logging: tab focused event="tab.focus" subsystem="tab" outcome="ok" workspace_id="w9" tab_id="w9:t1"
2026-07-30T16:57:45.528136Z  INFO herdr::logging: api request completed event="api.request.complete" subsystem="api" outcome="ok" request_id="cli:workspace:focus" method="workspace.focus"
2026-07-30T16:57:45.529865Z  INFO herdr::logging: pane child exited event="pane.exit" subsystem="pane" outcome="completed" pane_id=7 status="ExitStatus { code: 0, signal: None }"
2026-07-30T16:57:45.530047Z  INFO herdr::pane: pane session terminated pane=7 pid=13443 signal=Hangup
2026-07-30T16:57:46.060294Z  INFO herdr::pane: agent changed pane=9 previous_agent=None agent=Some(Claude) process=claude pgid=Some(13628)
2026-07-30T16:57:50.932961Z  INFO herdr::logging: session saved event="persist.save" subsystem="persist" outcome="ok" path=/Users/alex/.config/herdr/session.json workspaces=3
2026-07-30T16:58:17.824038Z  INFO herdr::logging: api request received event="api.request.start" subsystem="api" outcome="started" request_id="cli:server:reload-config" method="server.reload_config" changes_ui=true
2026-07-30T16:58:17.824860Z  WARN herdr::app: unknown theme, falling back theme="catppuccin-frappe" fallback="catppuccin"
2026-07-30T16:58:17.824925Z  INFO herdr::logging: api request completed event="api.request.complete" subsystem="api" outcome="ok" request_id="cli:server:reload-config" method="server.reload_config"
2026-07-30T16:58:20.875977Z  INFO herdr::logging: workspace closed event="workspace.close" subsystem="workspace" outcome="ok" workspace_id="w9"
2026-07-30T16:58:20.878519Z  INFO herdr::logging: pane child exited event="pane.exit" subsystem="pane" outcome="completed" pane_id=9 status="ExitStatus { code: 1, signal: None }"
2026-07-30T16:58:21.261402Z  INFO herdr::pane: pane session terminated pane=9 pid=13457 signal=Terminate
2026-07-30T16:58:21.262446Z  INFO herdr::logging: pane child exited event="pane.exit" subsystem="pane" outcome="completed" pane_id=8 status="ExitStatus { code: 1, signal: None }"
2026-07-30T16:58:21.286847Z  INFO herdr::pane: pane session terminated pane=8 pid=13452 signal=Hangup
2026-07-30T16:58:21.287838Z  INFO herdr::logging: pane child exited event="pane.exit" subsystem="pane" outcome="completed" pane_id=10 status="ExitStatus { code: 1, signal: None }"
2026-07-30T16:58:21.312211Z  INFO herdr::pane: pane session terminated pane=10 pid=13463 signal=Hangup
2026-07-30T16:58:21.312743Z  WARN herdr::app::actions: PaneDied for unknown pane pane=9
2026-07-30T16:58:21.312753Z  WARN herdr::app::actions: PaneDied for unknown pane pane=8
2026-07-30T16:58:21.312760Z  WARN herdr::app::actions: PaneDied for unknown pane pane=10
2026-07-30T16:58:24.435493Z  INFO herdr::logging: api request received event="api.request.start" subsystem="api" outcome="started" request_id="cli:plugin" method="plugin.pane.open" changes_ui=true
2026-07-30T16:58:24.435827Z  INFO herdr::logging: spawning pane terminal event="pane.spawn.start" subsystem="pane" outcome="started" pane_id=11 rows=46 cols=39 scrollback_limit_bytes=10000000
2026-07-30T16:58:24.437941Z  INFO herdr::logging: pane child spawned event="pane.spawned" subsystem="pane" outcome="ok" pane_id=11 pid=15274
2026-07-30T16:58:24.438044Z  INFO herdr::logging: tab focused event="tab.focus" subsystem="tab" outcome="ok" workspace_id="w8" tab_id="w8:t1"
2026-07-30T16:58:24.438276Z  INFO herdr::logging: api request completed event="api.request.complete" subsystem="api" outcome="ok" request_id="cli:plugin" method="plugin.pane.open"
2026-07-30T16:58:26.299628Z  INFO herdr::logging: api request received event="api.request.start" subsystem="api" outcome="started" request_id="cli:workspace:create" method="workspace.create" changes_ui=true
2026-07-30T16:58:26.299806Z  INFO herdr::logging: spawning pane terminal event="pane.spawn.start" subsystem="pane" outcome="started" pane_id=12 rows=46 cols=131 scrollback_limit_bytes=10000000
2026-07-30T16:58:26.303788Z  INFO herdr::logging: pane child spawned event="pane.spawned" subsystem="pane" outcome="ok" pane_id=12 pid=15282
2026-07-30T16:58:26.304038Z  INFO herdr::logging: workspace created event="workspace.create" subsystem="workspace" outcome="ok" workspace_id="wA" pane_id=12
2026-07-30T16:58:26.304049Z  INFO herdr::logging: workspace renamed event="workspace.rename" subsystem="workspace" outcome="ok" workspace_id="wA"
2026-07-30T16:58:26.305340Z  INFO herdr::logging: api request completed event="api.request.complete" subsystem="api" outcome="ok" request_id="cli:workspace:create" method="workspace.create"
2026-07-30T16:58:26.315035Z  INFO herdr::logging: api request received event="api.request.start" subsystem="api" outcome="started" request_id="cli:tab:rename" method="tab.rename" changes_ui=true
2026-07-30T16:58:26.315133Z  INFO herdr::logging: tab renamed event="tab.rename" subsystem="tab" outcome="ok" workspace_id="wA" tab_id="wA:t1"
2026-07-30T16:58:26.315565Z  INFO herdr::logging: api request completed event="api.request.complete" subsystem="api" outcome="ok" request_id="cli:tab:rename" method="tab.rename"
2026-07-30T16:58:26.323098Z  INFO herdr::logging: api request received event="api.request.start" subsystem="api" outcome="started" request_id="cli:pane:rename" method="pane.rename" changes_ui=true
2026-07-30T16:58:26.323302Z  INFO herdr::logging: api request completed event="api.request.complete" subsystem="api" outcome="ok" request_id="cli:pane:rename" method="pane.rename"
2026-07-30T16:58:26.333940Z  INFO herdr::logging: api request received event="api.request.start" subsystem="api" outcome="started" request_id="cli:pane:split" method="pane.split" changes_ui=true
2026-07-30T16:58:26.334015Z  INFO herdr::logging: spawning pane terminal event="pane.spawn.start" subsystem="pane" outcome="started" pane_id=13 rows=46 cols=131 scrollback_limit_bytes=10000000
2026-07-30T16:58:26.336676Z  INFO herdr::logging: pane child spawned event="pane.spawned" subsystem="pane" outcome="ok" pane_id=13 pid=15287
2026-07-30T16:58:26.337107Z  INFO herdr::logging: api request completed event="api.request.complete" subsystem="api" outcome="ok" request_id="cli:pane:split" method="pane.split"
2026-07-30T16:58:26.341417Z  INFO herdr::logging: api request received event="api.request.start" subsystem="api" outcome="started" request_id="cli:pane:rename" method="pane.rename" changes_ui=true
2026-07-30T16:58:26.342598Z  INFO herdr::logging: api request completed event="api.request.complete" subsystem="api" outcome="ok" request_id="cli:pane:rename" method="pane.rename"
2026-07-30T16:58:26.350313Z  INFO herdr::logging: api request received event="api.request.start" subsystem="api" outcome="started" request_id="cli:tab:create" method="tab.create" changes_ui=true
2026-07-30T16:58:26.350370Z  INFO herdr::logging: spawning pane terminal event="pane.spawn.start" subsystem="pane" outcome="started" pane_id=14 rows=46 cols=131 scrollback_limit_bytes=10000000
2026-07-30T16:58:26.352396Z  INFO herdr::logging: pane child spawned event="pane.spawned" subsystem="pane" outcome="ok" pane_id=14 pid=15293
2026-07-30T16:58:26.352482Z  INFO herdr::logging: tab renamed event="tab.rename" subsystem="tab" outcome="ok" workspace_id="wA" tab_id="wA:t2"
2026-07-30T16:58:26.352981Z  INFO herdr::logging: api request completed event="api.request.complete" subsystem="api" outcome="ok" request_id="cli:tab:create" method="tab.create"
2026-07-30T16:58:26.356664Z  INFO herdr::logging: api request received event="api.request.start" subsystem="api" outcome="started" request_id="cli:pane:rename" method="pane.rename" changes_ui=true
2026-07-30T16:58:26.356801Z  INFO herdr::logging: api request completed event="api.request.complete" subsystem="api" outcome="ok" request_id="cli:pane:rename" method="pane.rename"
2026-07-30T16:58:26.363708Z  INFO herdr::logging: api request received event="api.request.start" subsystem="api" outcome="started" request_id="cli:tab:focus" method="tab.focus" changes_ui=true
2026-07-30T16:58:26.363732Z  INFO herdr::logging: workspace focused event="workspace.focus" subsystem="workspace" outcome="ok" workspace_id="wA"
2026-07-30T16:58:26.363767Z  INFO herdr::logging: tab focused event="tab.focus" subsystem="tab" outcome="ok" workspace_id="wA" tab_id="wA:t1"
2026-07-30T16:58:26.363795Z  INFO herdr::logging: api request completed event="api.request.complete" subsystem="api" outcome="ok" request_id="cli:tab:focus" method="tab.focus"
2026-07-30T16:58:26.367559Z  INFO herdr::logging: api request received event="api.request.start" subsystem="api" outcome="started" request_id="cli:workspace:focus" method="workspace.focus" changes_ui=true
2026-07-30T16:58:26.367602Z  INFO herdr::logging: workspace focused event="workspace.focus" subsystem="workspace" outcome="ok" workspace_id="wA"
2026-07-30T16:58:26.367641Z  INFO herdr::logging: tab focused event="tab.focus" subsystem="tab" outcome="ok" workspace_id="wA" tab_id="wA:t1"
2026-07-30T16:58:26.367667Z  INFO herdr::logging: api request completed event="api.request.complete" subsystem="api" outcome="ok" request_id="cli:workspace:focus" method="workspace.focus"
2026-07-30T16:58:26.369647Z  INFO herdr::logging: pane child exited event="pane.exit" subsystem="pane" outcome="completed" pane_id=11 status="ExitStatus { code: 0, signal: None }"
2026-07-30T16:58:26.369874Z  INFO herdr::pane: pane session terminated pane=11 pid=15274 signal=Hangup
2026-07-30T16:58:26.894325Z  INFO herdr::pane: agent changed pane=13 previous_agent=None agent=Some(Claude) process=claude pgid=Some(15442)
2026-07-30T16:58:31.770104Z  INFO herdr::logging: session saved event="persist.save" subsystem="persist" outcome="ok" path=/Users/alex/.config/herdr/session.json workspaces=3
2026-07-30T16:58:34.070469Z  INFO herdr::logging: tab focused event="tab.focus" subsystem="tab" outcome="ok" workspace_id="wA" tab_id="wA:t1"
2026-07-30T16:58:39.077395Z  INFO herdr::logging: session saved event="persist.save" subsystem="persist" outcome="ok" path=/Users/alex/.config/herdr/session.json workspaces=3
2026-07-30T16:59:57.822728Z  INFO herdr::logging: workspace closed event="workspace.close" subsystem="workspace" outcome="ok" workspace_id="wA"
2026-07-30T16:59:57.828809Z  INFO herdr::logging: pane child exited event="pane.exit" subsystem="pane" outcome="completed" pane_id=12 status="ExitStatus { code: 1, signal: None }"
2026-07-30T16:59:57.849727Z  INFO herdr::pane: pane session terminated pane=12 pid=15282 signal=Hangup
2026-07-30T16:59:57.851595Z  INFO herdr::logging: pane child exited event="pane.exit" subsystem="pane" outcome="completed" pane_id=13 status="ExitStatus { code: 1, signal: None }"
2026-07-30T16:59:58.416341Z  INFO herdr::pane: pane session terminated pane=13 pid=15287 signal=Kill
2026-07-30T16:59:58.417466Z  INFO herdr::logging: pane child exited event="pane.exit" subsystem="pane" outcome="completed" pane_id=14 status="ExitStatus { code: 1, signal: None }"
2026-07-30T16:59:58.441802Z  INFO herdr::pane: pane session terminated pane=14 pid=15293 signal=Hangup
2026-07-30T16:59:58.445231Z  WARN herdr::app::actions: PaneDied for unknown pane pane=12
2026-07-30T16:59:58.445248Z  WARN herdr::app::actions: PaneDied for unknown pane pane=13
2026-07-30T16:59:58.445254Z  WARN herdr::app::actions: PaneDied for unknown pane pane=14
2026-07-30T17:00:02.243640Z  INFO herdr::logging: tab focused event="tab.focus" subsystem="tab" outcome="ok" workspace_id="w8" tab_id="w8:t1"
2026-07-30T17:00:05.415226Z  INFO herdr::logging: workspace closed event="workspace.close" subsystem="workspace" outcome="ok" workspace_id="w8"
2026-07-30T17:00:05.418847Z  INFO herdr::logging: pane child exited event="pane.exit" subsystem="pane" outcome="completed" pane_id=5 status="ExitStatus { code: 1, signal: None }"
2026-07-30T17:00:05.914734Z  INFO herdr::pane: pane session terminated pane=5 pid=11879 signal=Terminate
2026-07-30T17:00:05.916514Z  INFO herdr::logging: pane child exited event="pane.exit" subsystem="pane" outcome="completed" pane_id=4 status="ExitStatus { code: 1, signal: None }"
2026-07-30T17:00:05.940475Z  INFO herdr::pane: pane session terminated pane=4 pid=11874 signal=Hangup
2026-07-30T17:00:05.941862Z  INFO herdr::logging: pane child exited event="pane.exit" subsystem="pane" outcome="completed" pane_id=6 status="ExitStatus { code: 1, signal: None }"
2026-07-30T17:00:05.966054Z  INFO herdr::pane: pane session terminated pane=6 pid=11886 signal=Hangup
2026-07-30T17:00:05.966665Z  WARN herdr::app::actions: PaneDied for unknown pane pane=5
2026-07-30T17:00:05.966680Z  WARN herdr::app::actions: PaneDied for unknown pane pane=4
2026-07-30T17:00:05.966686Z  WARN herdr::app::actions: PaneDied for unknown pane pane=6
2026-07-30T17:00:09.046373Z  INFO herdr::logging: workspace closed event="workspace.close" subsystem="workspace" outcome="ok" workspace_id="w7"
2026-07-30T17:00:09.049475Z  INFO herdr::logging: pane child exited event="pane.exit" subsystem="pane" outcome="completed" pane_id=1 status="ExitStatus { code: 1, signal: None }"
2026-07-30T17:00:09.072560Z  INFO herdr::pane: pane session terminated pane=1 pid=9958 signal=Hangup
2026-07-30T17:00:09.076444Z  INFO herdr::logging: pane child exited event="pane.exit" subsystem="pane" outcome="completed" pane_id=2 status="ExitStatus { code: 1, signal: None }"
2026-07-30T17:00:09.098365Z  INFO herdr::pane: pane session terminated pane=2 pid=9959 signal=Hangup
2026-07-30T17:00:09.099442Z  WARN herdr::app::actions: PaneDied for unknown pane pane=1
2026-07-30T17:00:09.099463Z  WARN herdr::app::actions: PaneDied for unknown pane pane=2
2026-07-30T17:00:09.099653Z  INFO herdr::logging: spawning pane terminal event="pane.spawn.start" subsystem="pane" outcome="started" pane_id=15 rows=46 cols=131 scrollback_limit_bytes=10000000
2026-07-30T17:00:09.106171Z  INFO herdr::logging: pane child spawned event="pane.spawned" subsystem="pane" outcome="ok" pane_id=15 pid=17111
2026-07-30T17:00:09.106405Z  INFO herdr::logging: workspace created event="workspace.create" subsystem="workspace" outcome="ok" workspace_id="wB" pane_id=15
2026-07-30T17:00:09.106416Z  INFO herdr::logging: workspace focused event="workspace.focus" subsystem="workspace" outcome="ok" workspace_id="wB"
2026-07-30T17:00:09.106492Z  INFO herdr::logging: tab focused event="tab.focus" subsystem="tab" outcome="ok" workspace_id="wB" tab_id="wB:t1"
2026-07-30T17:00:10.718070Z  INFO herdr::server::headless: client detach requested via keybind client_id=2
2026-07-30T17:00:10.720722Z  INFO herdr::server::headless: client disconnected client_id=2
2026-07-30T17:00:14.117574Z  INFO herdr::logging: session saved event="persist.save" subsystem="persist" outcome="ok" path=/Users/alex/.config/herdr/session.json workspaces=1
2026-07-30T17:00:14.767732Z  INFO herdr::server::headless: server shutdown initiated
2026-07-30T17:00:14.818681Z  INFO herdr::server::headless: completing server shutdown
2026-07-30T17:00:14.820064Z  INFO herdr::logging: session saved event="persist.save" subsystem="persist" outcome="ok" path=/Users/alex/.config/herdr/session.json workspaces=1
2026-07-30T17:00:14.820098Z  INFO herdr::server::headless: headless server exiting
2026-07-30T17:00:14.822557Z  INFO herdr::logging: pane child exited event="pane.exit" subsystem="pane" outcome="completed" pane_id=15 status="ExitStatus { code: 1, signal: None }"
2026-07-30T17:00:14.840966Z  INFO herdr::pane: pane session terminated pane=15 pid=17111 signal=Hangup
2026-07-30T17:00:14.841644Z  INFO herdr::logging: herdr exiting event="app.shutdown" subsystem="server" outcome="completed" pid=9957
2026-07-30T17:01:39.713191Z  INFO herdr::platform::macos: raised server file descriptor soft limit previous=256 target=8192
2026-07-30T17:01:39.713967Z  INFO herdr::api::server: api server listening path=/Users/alex/.config/herdr/herdr.sock
2026-07-30T17:01:39.714525Z  INFO herdr::logging: spawning pane terminal event="pane.spawn.start" subsystem="pane" outcome="started" pane_id=1 rows=24 cols=80 scrollback_limit_bytes=10000000
2026-07-30T17:01:39.717653Z  INFO herdr::logging: pane child spawned event="pane.spawned" subsystem="pane" outcome="ok" pane_id=1 pid=17288
2026-07-30T17:01:39.717904Z  INFO herdr::logging: session restore evaluated event="persist.restore" subsystem="persist" outcome="ok" workspaces=1
2026-07-30T17:01:39.717925Z  INFO herdr::app: using pane scrollback configuration pane_scrollback_limit_bytes=10000000
2026-07-30T17:01:39.741472Z  WARN herdr::app: unknown theme, falling back theme="catppuccin-frappe" fallback="catppuccin"
2026-07-30T17:01:39.742484Z  INFO herdr::logging: checking for updates event="update.check.start" subsystem="update" outcome="started"
2026-07-30T17:01:39.747243Z  INFO herdr::server::headless: restored session already has workspaces; ignoring startup cwd cwd=/Users/alex/.dotfiles
2026-07-30T17:01:39.747348Z  INFO herdr::server::headless: client protocol socket listening path=/Users/alex/.config/herdr/herdr-client.sock
2026-07-30T17:01:39.747361Z  INFO herdr::server::headless: herdr server started api_socket=/Users/alex/.config/herdr/herdr.sock client_socket=/Users/alex/.config/herdr/herdr-client.sock
2026-07-30T17:01:39.747492Z  INFO herdr::logging: herdr starting event="app.startup" subsystem="server" outcome="started" pid=17287
2026-07-30T17:01:39.812524Z  INFO herdr::server::headless: client connected client_id=2 cols=151 rows=47 cell_width_px=0 cell_height_px=0 render_encoding=SemanticFrame
2026-07-30T17:01:39.812811Z  WARN herdr::app: unknown theme, falling back theme="catppuccin-frappe" fallback="catppuccin"
2026-07-30T17:01:41.285348Z  INFO herdr::logging: workspace closed event="workspace.close" subsystem="workspace" outcome="ok" workspace_id="wB"
2026-07-30T17:01:41.287197Z  INFO herdr::logging: pane child exited event="pane.exit" subsystem="pane" outcome="completed" pane_id=1 status="ExitStatus { code: 1, signal: None }"
2026-07-30T17:01:41.310885Z  INFO herdr::pane: pane session terminated pane=1 pid=17288 signal=Hangup
2026-07-30T17:01:41.311614Z  WARN herdr::app::actions: PaneDied for unknown pane pane=1
2026-07-30T17:01:41.311695Z  INFO herdr::logging: spawning pane terminal event="pane.spawn.start" subsystem="pane" outcome="started" pane_id=2 rows=46 cols=131 scrollback_limit_bytes=10000000
2026-07-30T17:01:41.315880Z  INFO herdr::logging: pane child spawned event="pane.spawned" subsystem="pane" outcome="ok" pane_id=2 pid=17635
2026-07-30T17:01:41.316068Z  INFO herdr::logging: workspace created event="workspace.create" subsystem="workspace" outcome="ok" workspace_id="wC" pane_id=2
2026-07-30T17:01:41.316082Z  INFO herdr::logging: workspace focused event="workspace.focus" subsystem="workspace" outcome="ok" workspace_id="wC"
2026-07-30T17:01:41.316144Z  INFO herdr::logging: tab focused event="tab.focus" subsystem="tab" outcome="ok" workspace_id="wC" tab_id="wC:t1"
2026-07-30T17:01:42.386609Z  INFO herdr::server::headless: client detach requested via keybind client_id=2
2026-07-30T17:01:42.389008Z  INFO herdr::server::headless: client disconnected client_id=2
2026-07-30T17:01:44.341834Z  INFO herdr::logging: api request received event="api.request.start" subsystem="api" outcome="started" request_id="cli:plugin" method="plugin.action.invoke" changes_ui=true
2026-07-30T17:01:44.342831Z  INFO herdr::logging: api request completed event="api.request.complete" subsystem="api" outcome="ok" request_id="cli:plugin" method="plugin.action.invoke"
2026-07-30T17:01:44.433295Z  INFO herdr::logging: api request received event="api.request.start" subsystem="api" outcome="started" request_id="cli:plugin" method="plugin.pane.open" changes_ui=true
2026-07-30T17:01:44.433624Z  INFO herdr::logging: spawning pane terminal event="pane.spawn.start" subsystem="pane" outcome="started" pane_id=3 rows=23 cols=60 scrollback_limit_bytes=10000000
2026-07-30T17:01:44.435320Z  INFO herdr::logging: pane child spawned event="pane.spawned" subsystem="pane" outcome="ok" pane_id=3 pid=17742
2026-07-30T17:01:44.435431Z  INFO herdr::logging: tab focused event="tab.focus" subsystem="tab" outcome="ok" workspace_id="wC" tab_id="wC:t1"
2026-07-30T17:01:44.435673Z  INFO herdr::logging: api request completed event="api.request.complete" subsystem="api" outcome="ok" request_id="cli:plugin" method="plugin.pane.open"
2026-07-30T17:01:47.531229Z  INFO herdr::server::headless: client connected client_id=4 cols=151 rows=47 cell_width_px=0 cell_height_px=0 render_encoding=SemanticFrame
2026-07-30T17:01:47.531349Z  WARN herdr::app: unknown theme, falling back theme="catppuccin-frappe" fallback="catppuccin"
2026-07-30T17:01:47.533104Z  WARN herdr::app: unknown theme, falling back theme="catppuccin-frappe" fallback="catppuccin"
2026-07-30T17:01:49.443143Z  INFO herdr::logging: session saved event="persist.save" subsystem="persist" outcome="ok" path=/Users/alex/.config/herdr/session.json workspaces=1
2026-07-30T17:01:51.240311Z  INFO herdr::logging: pane child exited event="pane.exit" subsystem="pane" outcome="completed" pane_id=3 status="ExitStatus { code: 0, signal: None }"
2026-07-30T17:01:51.240953Z  INFO herdr::pane: pane session terminated pane=3 pid=17742 signal=Hangup
2026-07-30T17:01:53.363834Z  INFO herdr::logging: workspace closed event="workspace.close" subsystem="workspace" outcome="ok" workspace_id="wC"
2026-07-30T17:01:53.366257Z  INFO herdr::logging: pane child exited event="pane.exit" subsystem="pane" outcome="completed" pane_id=2 status="ExitStatus { code: 1, signal: None }"
2026-07-30T17:01:53.388034Z  INFO herdr::pane: pane session terminated pane=2 pid=17635 signal=Hangup
2026-07-30T17:01:53.389098Z  WARN herdr::app::actions: PaneDied for unknown pane pane=2
2026-07-30T17:01:53.389230Z  INFO herdr::logging: spawning pane terminal event="pane.spawn.start" subsystem="pane" outcome="started" pane_id=4 rows=46 cols=131 scrollback_limit_bytes=10000000
2026-07-30T17:01:53.395694Z  INFO herdr::logging: pane child spawned event="pane.spawned" subsystem="pane" outcome="ok" pane_id=4 pid=17756
2026-07-30T17:01:53.395942Z  INFO herdr::logging: workspace created event="workspace.create" subsystem="workspace" outcome="ok" workspace_id="wD" pane_id=4
2026-07-30T17:01:53.395954Z  INFO herdr::logging: workspace focused event="workspace.focus" subsystem="workspace" outcome="ok" workspace_id="wD"
2026-07-30T17:01:53.396024Z  INFO herdr::logging: tab focused event="tab.focus" subsystem="tab" outcome="ok" workspace_id="wD" tab_id="wD:t1"
2026-07-30T17:01:54.745522Z  INFO herdr::server::headless: client detach requested via keybind client_id=4
2026-07-30T17:01:54.748686Z  INFO herdr::server::headless: client disconnected client_id=4
2026-07-30T17:01:58.123111Z  INFO herdr::server::headless: server shutdown initiated
2026-07-30T17:01:58.178197Z  INFO herdr::server::headless: completing server shutdown
2026-07-30T17:01:58.179626Z  INFO herdr::logging: session saved event="persist.save" subsystem="persist" outcome="ok" path=/Users/alex/.config/herdr/session.json workspaces=1
2026-07-30T17:01:58.179663Z  INFO herdr::server::headless: headless server exiting
2026-07-30T17:01:58.182546Z  INFO herdr::logging: pane child exited event="pane.exit" subsystem="pane" outcome="completed" pane_id=4 status="ExitStatus { code: 1, signal: None }"
2026-07-30T17:01:58.202747Z  INFO herdr::pane: pane session terminated pane=4 pid=17756 signal=Hangup
2026-07-30T17:01:58.203692Z  INFO herdr::logging: herdr exiting event="app.shutdown" subsystem="server" outcome="completed" pid=17287
2026-07-30T17:09:47.152557Z  INFO herdr::platform::macos: raised server file descriptor soft limit previous=256 target=8192
2026-07-30T17:09:47.153437Z  INFO herdr::api::server: api server listening path=/Users/alex/.config/herdr/herdr.sock
2026-07-30T17:09:47.154107Z  INFO herdr::logging: spawning pane terminal event="pane.spawn.start" subsystem="pane" outcome="started" pane_id=1 rows=24 cols=80 scrollback_limit_bytes=10000000
2026-07-30T17:09:47.157039Z  INFO herdr::logging: pane child spawned event="pane.spawned" subsystem="pane" outcome="ok" pane_id=1 pid=19939
2026-07-30T17:09:47.157248Z  INFO herdr::logging: session restore evaluated event="persist.restore" subsystem="persist" outcome="ok" workspaces=1
2026-07-30T17:09:47.157264Z  INFO herdr::app: using pane scrollback configuration pane_scrollback_limit_bytes=10000000
2026-07-30T17:09:47.179709Z  WARN herdr::app: unknown theme, falling back theme="catppuccin-frappe" fallback="catppuccin"
2026-07-30T17:09:47.181031Z  INFO herdr::logging: checking for updates event="update.check.start" subsystem="update" outcome="started"
2026-07-30T17:09:47.185919Z  INFO herdr::server::headless: restored session already has workspaces; ignoring startup cwd cwd=/Users/alex/.dotfiles
2026-07-30T17:09:47.186040Z  INFO herdr::server::headless: client protocol socket listening path=/Users/alex/.config/herdr/herdr-client.sock
2026-07-30T17:09:47.186058Z  INFO herdr::server::headless: herdr server started api_socket=/Users/alex/.config/herdr/herdr.sock client_socket=/Users/alex/.config/herdr/herdr-client.sock
2026-07-30T17:09:47.186199Z  INFO herdr::logging: herdr starting event="app.startup" subsystem="server" outcome="started" pid=19938
2026-07-30T17:09:47.264257Z  INFO herdr::server::headless: client connected client_id=2 cols=151 rows=47 cell_width_px=0 cell_height_px=0 render_encoding=SemanticFrame
2026-07-30T17:09:47.264577Z  WARN herdr::app: unknown theme, falling back theme="catppuccin-frappe" fallback="catppuccin"
2026-07-30T17:09:50.336765Z  INFO herdr::logging: workspace closed event="workspace.close" subsystem="workspace" outcome="ok" workspace_id="wD"
2026-07-30T17:09:50.339259Z  INFO herdr::logging: pane child exited event="pane.exit" subsystem="pane" outcome="completed" pane_id=1 status="ExitStatus { code: 1, signal: None }"
2026-07-30T17:09:50.362591Z  INFO herdr::pane: pane session terminated pane=1 pid=19939 signal=Hangup
2026-07-30T17:09:50.364295Z  WARN herdr::app::actions: PaneDied for unknown pane pane=1
2026-07-30T17:09:50.364462Z  INFO herdr::logging: spawning pane terminal event="pane.spawn.start" subsystem="pane" outcome="started" pane_id=2 rows=46 cols=131 scrollback_limit_bytes=10000000
2026-07-30T17:09:50.371645Z  INFO herdr::logging: pane child spawned event="pane.spawned" subsystem="pane" outcome="ok" pane_id=2 pid=20316
2026-07-30T17:09:50.371899Z  INFO herdr::logging: workspace created event="workspace.create" subsystem="workspace" outcome="ok" workspace_id="wE" pane_id=2
2026-07-30T17:09:50.371918Z  INFO herdr::logging: workspace focused event="workspace.focus" subsystem="workspace" outcome="ok" workspace_id="wE"
2026-07-30T17:09:50.372000Z  INFO herdr::logging: tab focused event="tab.focus" subsystem="tab" outcome="ok" workspace_id="wE" tab_id="wE:t1"
2026-07-30T17:09:51.598614Z  INFO herdr::server::headless: client detach requested via keybind client_id=2
2026-07-30T17:09:51.601382Z  INFO herdr::server::headless: client disconnected client_id=2
2026-07-30T17:09:55.380647Z  INFO herdr::logging: session saved event="persist.save" subsystem="persist" outcome="ok" path=/Users/alex/.config/herdr/session.json workspaces=1
2026-07-30T17:10:03.031853Z  INFO herdr::logging: api request received event="api.request.start" subsystem="api" outcome="started" request_id="cli:plugin" method="plugin.action.invoke" changes_ui=true
2026-07-30T17:10:03.032892Z  INFO herdr::logging: api request completed event="api.request.complete" subsystem="api" outcome="ok" request_id="cli:plugin" method="plugin.action.invoke"
2026-07-30T17:10:03.364797Z  INFO herdr::logging: api request received event="api.request.start" subsystem="api" outcome="started" request_id="cli:plugin" method="plugin.pane.open" changes_ui=true
2026-07-30T17:10:03.365503Z  INFO herdr::logging: spawning pane terminal event="pane.spawn.start" subsystem="pane" outcome="started" pane_id=3 rows=23 cols=60 scrollback_limit_bytes=10000000
2026-07-30T17:10:03.368816Z  INFO herdr::logging: pane child spawned event="pane.spawned" subsystem="pane" outcome="ok" pane_id=3 pid=20461
2026-07-30T17:10:03.369009Z  INFO herdr::logging: tab focused event="tab.focus" subsystem="tab" outcome="ok" workspace_id="wE" tab_id="wE:t1"
2026-07-30T17:10:03.369354Z  INFO herdr::logging: api request completed event="api.request.complete" subsystem="api" outcome="ok" request_id="cli:plugin" method="plugin.pane.open"
2026-07-30T17:10:07.206788Z  INFO herdr::server::headless: client connected client_id=4 cols=151 rows=47 cell_width_px=0 cell_height_px=0 render_encoding=SemanticFrame
2026-07-30T17:10:07.206941Z  WARN herdr::app: unknown theme, falling back theme="catppuccin-frappe" fallback="catppuccin"
2026-07-30T17:10:07.208760Z  WARN herdr::app: unknown theme, falling back theme="catppuccin-frappe" fallback="catppuccin"
2026-07-30T17:10:08.377306Z  INFO herdr::logging: session saved event="persist.save" subsystem="persist" outcome="ok" path=/Users/alex/.config/herdr/session.json workspaces=1
2026-07-30T17:10:09.892538Z  INFO herdr::logging: pane child exited event="pane.exit" subsystem="pane" outcome="completed" pane_id=3 status="ExitStatus { code: 0, signal: None }"
2026-07-30T17:10:09.894474Z  INFO herdr::pane: pane session terminated pane=3 pid=20461 signal=Hangup
2026-07-30T17:10:11.319907Z  INFO herdr::logging: api request received event="api.request.start" subsystem="api" outcome="started" request_id="cli:plugin" method="plugin.pane.open" changes_ui=true
2026-07-30T17:10:11.320241Z  INFO herdr::logging: spawning pane terminal event="pane.spawn.start" subsystem="pane" outcome="started" pane_id=4 rows=46 cols=131 scrollback_limit_bytes=10000000
2026-07-30T17:10:11.321986Z  INFO herdr::logging: pane child spawned event="pane.spawned" subsystem="pane" outcome="ok" pane_id=4 pid=20487
2026-07-30T17:10:11.322085Z  INFO herdr::logging: tab focused event="tab.focus" subsystem="tab" outcome="ok" workspace_id="wE" tab_id="wE:t1"
2026-07-30T17:10:11.322332Z  INFO herdr::logging: api request completed event="api.request.complete" subsystem="api" outcome="ok" request_id="cli:plugin" method="plugin.pane.open"
2026-07-30T17:10:16.320896Z  INFO herdr::logging: session saved event="persist.save" subsystem="persist" outcome="ok" path=/Users/alex/.config/herdr/session.json workspaces=1
2026-07-30T17:10:19.743021Z  INFO herdr::logging: api request received event="api.request.start" subsystem="api" outcome="started" request_id="cli:workspace:create" method="workspace.create" changes_ui=true
2026-07-30T17:10:19.743216Z  INFO herdr::logging: spawning pane terminal event="pane.spawn.start" subsystem="pane" outcome="started" pane_id=5 rows=46 cols=131 scrollback_limit_bytes=10000000
2026-07-30T17:10:19.747177Z  INFO herdr::logging: pane child spawned event="pane.spawned" subsystem="pane" outcome="ok" pane_id=5 pid=20500
2026-07-30T17:10:19.747500Z  INFO herdr::logging: workspace created event="workspace.create" subsystem="workspace" outcome="ok" workspace_id="wF" pane_id=5
2026-07-30T17:10:19.747530Z  INFO herdr::logging: workspace renamed event="workspace.rename" subsystem="workspace" outcome="ok" workspace_id="wF"
2026-07-30T17:10:19.749384Z  INFO herdr::logging: api request completed event="api.request.complete" subsystem="api" outcome="ok" request_id="cli:workspace:create" method="workspace.create"
2026-07-30T17:10:19.758591Z  INFO herdr::logging: api request received event="api.request.start" subsystem="api" outcome="started" request_id="cli:tab:rename" method="tab.rename" changes_ui=true
2026-07-30T17:10:19.758664Z  INFO herdr::logging: tab renamed event="tab.rename" subsystem="tab" outcome="ok" workspace_id="wF" tab_id="wF:t1"
2026-07-30T17:10:19.759143Z  INFO herdr::logging: api request completed event="api.request.complete" subsystem="api" outcome="ok" request_id="cli:tab:rename" method="tab.rename"
2026-07-30T17:10:19.765577Z  INFO herdr::logging: api request received event="api.request.start" subsystem="api" outcome="started" request_id="cli:pane:rename" method="pane.rename" changes_ui=true
2026-07-30T17:10:19.765733Z  INFO herdr::logging: api request completed event="api.request.complete" subsystem="api" outcome="ok" request_id="cli:pane:rename" method="pane.rename"
2026-07-30T17:10:19.776184Z  INFO herdr::logging: api request received event="api.request.start" subsystem="api" outcome="started" request_id="cli:pane:split" method="pane.split" changes_ui=true
2026-07-30T17:10:19.776268Z  INFO herdr::logging: spawning pane terminal event="pane.spawn.start" subsystem="pane" outcome="started" pane_id=6 rows=46 cols=131 scrollback_limit_bytes=10000000
2026-07-30T17:10:19.778868Z  INFO herdr::logging: pane child spawned event="pane.spawned" subsystem="pane" outcome="ok" pane_id=6 pid=20505
2026-07-30T17:10:19.779372Z  INFO herdr::logging: api request completed event="api.request.complete" subsystem="api" outcome="ok" request_id="cli:pane:split" method="pane.split"
2026-07-30T17:10:19.783552Z  INFO herdr::logging: api request received event="api.request.start" subsystem="api" outcome="started" request_id="cli:pane:rename" method="pane.rename" changes_ui=true
2026-07-30T17:10:19.784166Z  INFO herdr::logging: api request completed event="api.request.complete" subsystem="api" outcome="ok" request_id="cli:pane:rename" method="pane.rename"
2026-07-30T17:10:19.791870Z  INFO herdr::logging: api request received event="api.request.start" subsystem="api" outcome="started" request_id="cli:tab:create" method="tab.create" changes_ui=true
2026-07-30T17:10:19.791924Z  INFO herdr::logging: spawning pane terminal event="pane.spawn.start" subsystem="pane" outcome="started" pane_id=7 rows=46 cols=131 scrollback_limit_bytes=10000000
2026-07-30T17:10:19.793826Z  INFO herdr::logging: pane child spawned event="pane.spawned" subsystem="pane" outcome="ok" pane_id=7 pid=20512
2026-07-30T17:10:19.793922Z  INFO herdr::logging: tab renamed event="tab.rename" subsystem="tab" outcome="ok" workspace_id="wF" tab_id="wF:t2"
2026-07-30T17:10:19.794476Z  INFO herdr::logging: api request completed event="api.request.complete" subsystem="api" outcome="ok" request_id="cli:tab:create" method="tab.create"
2026-07-30T17:10:19.798208Z  INFO herdr::logging: api request received event="api.request.start" subsystem="api" outcome="started" request_id="cli:pane:rename" method="pane.rename" changes_ui=true
2026-07-30T17:10:19.798393Z  INFO herdr::logging: api request completed event="api.request.complete" subsystem="api" outcome="ok" request_id="cli:pane:rename" method="pane.rename"
2026-07-30T17:10:19.805830Z  INFO herdr::logging: api request received event="api.request.start" subsystem="api" outcome="started" request_id="cli:tab:focus" method="tab.focus" changes_ui=true
2026-07-30T17:10:19.805867Z  INFO herdr::logging: workspace focused event="workspace.focus" subsystem="workspace" outcome="ok" workspace_id="wF"
2026-07-30T17:10:19.805911Z  INFO herdr::logging: tab focused event="tab.focus" subsystem="tab" outcome="ok" workspace_id="wF" tab_id="wF:t1"
2026-07-30T17:10:19.805940Z  INFO herdr::logging: api request completed event="api.request.complete" subsystem="api" outcome="ok" request_id="cli:tab:focus" method="tab.focus"
2026-07-30T17:10:19.809792Z  INFO herdr::logging: api request received event="api.request.start" subsystem="api" outcome="started" request_id="cli:workspace:focus" method="workspace.focus" changes_ui=true
2026-07-30T17:10:19.809828Z  INFO herdr::logging: workspace focused event="workspace.focus" subsystem="workspace" outcome="ok" workspace_id="wF"
2026-07-30T17:10:19.809861Z  INFO herdr::logging: tab focused event="tab.focus" subsystem="tab" outcome="ok" workspace_id="wF" tab_id="wF:t1"
2026-07-30T17:10:19.809884Z  INFO herdr::logging: api request completed event="api.request.complete" subsystem="api" outcome="ok" request_id="cli:workspace:focus" method="workspace.focus"
2026-07-30T17:10:19.811891Z  INFO herdr::logging: pane child exited event="pane.exit" subsystem="pane" outcome="completed" pane_id=4 status="ExitStatus { code: 0, signal: None }"
2026-07-30T17:10:19.812151Z  INFO herdr::pane: pane session terminated pane=4 pid=20487 signal=Hangup
2026-07-30T17:10:20.335459Z  INFO herdr::pane: agent changed pane=6 previous_agent=None agent=Some(Claude) process=claude pgid=Some(20659)
2026-07-30T17:10:21.910979Z  INFO herdr::logging: api request received event="api.request.start" subsystem="api" outcome="started" request_id="cli:plugin" method="plugin.pane.open" changes_ui=true
2026-07-30T17:10:21.911549Z  INFO herdr::logging: spawning pane terminal event="pane.spawn.start" subsystem="pane" outcome="started" pane_id=8 rows=46 cols=92 scrollback_limit_bytes=10000000
2026-07-30T17:10:21.914553Z  INFO herdr::logging: pane child spawned event="pane.spawned" subsystem="pane" outcome="ok" pane_id=8 pid=22081
2026-07-30T17:10:21.914731Z  INFO herdr::logging: tab focused event="tab.focus" subsystem="tab" outcome="ok" workspace_id="wF" tab_id="wF:t1"
2026-07-30T17:10:21.915113Z  INFO herdr::logging: api request completed event="api.request.complete" subsystem="api" outcome="ok" request_id="cli:plugin" method="plugin.pane.open"
2026-07-30T17:10:25.919250Z  INFO herdr::logging: api request received event="api.request.start" subsystem="api" outcome="started" request_id="cli:workspace:create" method="workspace.create" changes_ui=true
2026-07-30T17:10:25.919433Z  INFO herdr::logging: spawning pane terminal event="pane.spawn.start" subsystem="pane" outcome="started" pane_id=9 rows=46 cols=131 scrollback_limit_bytes=10000000
2026-07-30T17:10:25.923544Z  INFO herdr::logging: pane child spawned event="pane.spawned" subsystem="pane" outcome="ok" pane_id=9 pid=22093
2026-07-30T17:10:25.923808Z  INFO herdr::logging: workspace created event="workspace.create" subsystem="workspace" outcome="ok" workspace_id="wG" pane_id=9
2026-07-30T17:10:25.923818Z  INFO herdr::logging: workspace renamed event="workspace.rename" subsystem="workspace" outcome="ok" workspace_id="wG"
2026-07-30T17:10:25.925875Z  INFO herdr::logging: api request completed event="api.request.complete" subsystem="api" outcome="ok" request_id="cli:workspace:create" method="workspace.create"
2026-07-30T17:10:25.935080Z  INFO herdr::logging: api request received event="api.request.start" subsystem="api" outcome="started" request_id="cli:tab:rename" method="tab.rename" changes_ui=true
2026-07-30T17:10:25.935169Z  INFO herdr::logging: tab renamed event="tab.rename" subsystem="tab" outcome="ok" workspace_id="wG" tab_id="wG:t1"
2026-07-30T17:10:25.935590Z  INFO herdr::logging: api request completed event="api.request.complete" subsystem="api" outcome="ok" request_id="cli:tab:rename" method="tab.rename"
2026-07-30T17:10:25.942296Z  INFO herdr::logging: api request received event="api.request.start" subsystem="api" outcome="started" request_id="cli:pane:rename" method="pane.rename" changes_ui=true
2026-07-30T17:10:25.942513Z  INFO herdr::logging: api request completed event="api.request.complete" subsystem="api" outcome="ok" request_id="cli:pane:rename" method="pane.rename"
2026-07-30T17:10:25.952990Z  INFO herdr::logging: api request received event="api.request.start" subsystem="api" outcome="started" request_id="cli:pane:split" method="pane.split" changes_ui=true
2026-07-30T17:10:25.953074Z  INFO herdr::logging: spawning pane terminal event="pane.spawn.start" subsystem="pane" outcome="started" pane_id=10 rows=46 cols=131 scrollback_limit_bytes=10000000
2026-07-30T17:10:25.955695Z  INFO herdr::logging: pane child spawned event="pane.spawned" subsystem="pane" outcome="ok" pane_id=10 pid=22098
2026-07-30T17:10:25.956169Z  INFO herdr::logging: api request completed event="api.request.complete" subsystem="api" outcome="ok" request_id="cli:pane:split" method="pane.split"
2026-07-30T17:10:25.960342Z  INFO herdr::logging: api request received event="api.request.start" subsystem="api" outcome="started" request_id="cli:pane:rename" method="pane.rename" changes_ui=true
2026-07-30T17:10:25.960466Z  INFO herdr::logging: api request completed event="api.request.complete" subsystem="api" outcome="ok" request_id="cli:pane:rename" method="pane.rename"
2026-07-30T17:10:25.968842Z  INFO herdr::logging: api request received event="api.request.start" subsystem="api" outcome="started" request_id="cli:tab:create" method="tab.create" changes_ui=true
2026-07-30T17:10:25.968912Z  INFO herdr::logging: spawning pane terminal event="pane.spawn.start" subsystem="pane" outcome="started" pane_id=11 rows=46 cols=131 scrollback_limit_bytes=10000000
2026-07-30T17:10:25.971084Z  INFO herdr::logging: pane child spawned event="pane.spawned" subsystem="pane" outcome="ok" pane_id=11 pid=22104
2026-07-30T17:10:25.971191Z  INFO herdr::logging: tab renamed event="tab.rename" subsystem="tab" outcome="ok" workspace_id="wG" tab_id="wG:t2"
2026-07-30T17:10:25.971736Z  INFO herdr::logging: api request completed event="api.request.complete" subsystem="api" outcome="ok" request_id="cli:tab:create" method="tab.create"
2026-07-30T17:10:25.975372Z  INFO herdr::logging: api request received event="api.request.start" subsystem="api" outcome="started" request_id="cli:pane:rename" method="pane.rename" changes_ui=true
2026-07-30T17:10:25.975508Z  INFO herdr::logging: api request completed event="api.request.complete" subsystem="api" outcome="ok" request_id="cli:pane:rename" method="pane.rename"
2026-07-30T17:10:25.983077Z  INFO herdr::logging: api request received event="api.request.start" subsystem="api" outcome="started" request_id="cli:tab:focus" method="tab.focus" changes_ui=true
2026-07-30T17:10:25.983128Z  INFO herdr::logging: workspace focused event="workspace.focus" subsystem="workspace" outcome="ok" workspace_id="wG"
2026-07-30T17:10:25.983174Z  INFO herdr::logging: tab focused event="tab.focus" subsystem="tab" outcome="ok" workspace_id="wG" tab_id="wG:t1"
2026-07-30T17:10:25.983201Z  INFO herdr::logging: api request completed event="api.request.complete" subsystem="api" outcome="ok" request_id="cli:tab:focus" method="tab.focus"
2026-07-30T17:10:25.986859Z  INFO herdr::logging: api request received event="api.request.start" subsystem="api" outcome="started" request_id="cli:workspace:focus" method="workspace.focus" changes_ui=true
2026-07-30T17:10:25.986887Z  INFO herdr::logging: workspace focused event="workspace.focus" subsystem="workspace" outcome="ok" workspace_id="wG"
2026-07-30T17:10:25.986924Z  INFO herdr::logging: tab focused event="tab.focus" subsystem="tab" outcome="ok" workspace_id="wG" tab_id="wG:t1"
2026-07-30T17:10:25.986946Z  INFO herdr::logging: api request completed event="api.request.complete" subsystem="api" outcome="ok" request_id="cli:workspace:focus" method="workspace.focus"
2026-07-30T17:10:25.988543Z  INFO herdr::logging: pane child exited event="pane.exit" subsystem="pane" outcome="completed" pane_id=8 status="ExitStatus { code: 0, signal: None }"
2026-07-30T17:10:25.988769Z  INFO herdr::pane: pane session terminated pane=8 pid=22081 signal=Hangup
2026-07-30T17:10:26.509571Z  INFO herdr::pane: agent changed pane=10 previous_agent=None agent=Some(Claude) process=claude pgid=Some(22253)
2026-07-30T17:10:31.373704Z  INFO herdr::logging: session saved event="persist.save" subsystem="persist" outcome="ok" path=/Users/alex/.config/herdr/session.json workspaces=3
2026-07-30T17:10:36.408161Z  INFO herdr::logging: tab focused event="tab.focus" subsystem="tab" outcome="ok" workspace_id="wG" tab_id="wG:t2"
2026-07-30T17:10:41.410767Z  INFO herdr::logging: session saved event="persist.save" subsystem="persist" outcome="ok" path=/Users/alex/.config/herdr/session.json workspaces=3
2026-07-30T17:10:45.085071Z  INFO herdr::logging: api request received event="api.request.start" subsystem="api" outcome="started" request_id="cli:server:reload-config" method="server.reload_config" changes_ui=true
2026-07-30T17:10:45.085721Z  WARN herdr::app: unknown theme, falling back theme="catppuccin-frappe" fallback="catppuccin"
2026-07-30T17:10:45.085774Z  INFO herdr::logging: api request completed event="api.request.complete" subsystem="api" outcome="ok" request_id="cli:server:reload-config" method="server.reload_config"
2026-07-30T17:10:50.075400Z  INFO herdr::logging: workspace focused event="workspace.focus" subsystem="workspace" outcome="ok" workspace_id="wF"
2026-07-30T17:10:50.075716Z  INFO herdr::logging: tab focused event="tab.focus" subsystem="tab" outcome="ok" workspace_id="wF" tab_id="wF:t1"
2026-07-30T17:10:55.083313Z  INFO herdr::logging: session saved event="persist.save" subsystem="persist" outcome="ok" path=/Users/alex/.config/herdr/session.json workspaces=3
2026-07-30T17:11:23.265670Z  INFO herdr::logging: tab focused event="tab.focus" subsystem="tab" outcome="ok" workspace_id="wF" tab_id="wF:t2"
2026-07-30T17:11:28.273040Z  INFO herdr::logging: session saved event="persist.save" subsystem="persist" outcome="ok" path=/Users/alex/.config/herdr/session.json workspaces=3
2026-07-30T17:11:33.097244Z  INFO herdr::logging: api request received event="api.request.start" subsystem="api" outcome="started" request_id="cli:server:reload-config" method="server.reload_config" changes_ui=true
2026-07-30T17:11:33.097677Z  WARN herdr::app: unknown theme, falling back theme="catppuccin-frappe" fallback="catppuccin"
2026-07-30T17:11:33.097757Z  INFO herdr::logging: api request completed event="api.request.complete" subsystem="api" outcome="ok" request_id="cli:server:reload-config" method="server.reload_config"
2026-07-30T17:11:36.833229Z  INFO herdr::logging: api request received event="api.request.start" subsystem="api" outcome="started" request_id="cli:plugin" method="plugin.pane.open" changes_ui=true
2026-07-30T17:11:36.833891Z  INFO herdr::logging: spawning pane terminal event="pane.spawn.start" subsystem="pane" outcome="started" pane_id=12 rows=46 cols=131 scrollback_limit_bytes=10000000
2026-07-30T17:11:36.837507Z  INFO herdr::logging: pane child spawned event="pane.spawned" subsystem="pane" outcome="ok" pane_id=12 pid=23929
2026-07-30T17:11:36.837714Z  INFO herdr::logging: tab focused event="tab.focus" subsystem="tab" outcome="ok" workspace_id="wF" tab_id="wF:t2"
2026-07-30T17:11:36.838185Z  INFO herdr::logging: api request completed event="api.request.complete" subsystem="api" outcome="ok" request_id="cli:plugin" method="plugin.pane.open"
2026-07-30T17:11:39.526456Z  INFO herdr::logging: api request received event="api.request.start" subsystem="api" outcome="started" request_id="cli:workspace:focus" method="workspace.focus" changes_ui=true
2026-07-30T17:11:39.526570Z  INFO herdr::logging: workspace focused event="workspace.focus" subsystem="workspace" outcome="ok" workspace_id="wG"
2026-07-30T17:11:39.526666Z  INFO herdr::logging: tab focused event="tab.focus" subsystem="tab" outcome="ok" workspace_id="wG" tab_id="wG:t2"
2026-07-30T17:11:39.526699Z  INFO herdr::logging: api request completed event="api.request.complete" subsystem="api" outcome="ok" request_id="cli:workspace:focus" method="workspace.focus"
2026-07-30T17:11:39.543003Z  INFO herdr::logging: api request received event="api.request.start" subsystem="api" outcome="started" request_id="cli:notification:show" method="notification.show" changes_ui=true
2026-07-30T17:11:39.543064Z  INFO herdr::logging: api request completed event="api.request.complete" subsystem="api" outcome="ok" request_id="cli:notification:show" method="notification.show"
2026-07-30T17:11:39.544210Z  INFO herdr::logging: pane child exited event="pane.exit" subsystem="pane" outcome="completed" pane_id=12 status="ExitStatus { code: 0, signal: None }"
2026-07-30T17:11:39.544641Z  INFO herdr::pane: pane session terminated pane=12 pid=23929 signal=Hangup
2026-07-30T17:11:44.551703Z  INFO herdr::logging: session saved event="persist.save" subsystem="persist" outcome="ok" path=/Users/alex/.config/herdr/session.json workspaces=3
2026-07-30T17:17:13.429941Z  INFO herdr::logging: workspace focused event="workspace.focus" subsystem="workspace" outcome="ok" workspace_id="wF"
2026-07-30T17:17:13.433069Z  INFO herdr::logging: tab focused event="tab.focus" subsystem="tab" outcome="ok" workspace_id="wF" tab_id="wF:t2"
2026-07-30T17:17:18.163426Z  INFO herdr::logging: tab focused event="tab.focus" subsystem="tab" outcome="ok" workspace_id="wF" tab_id="wF:t1"
2026-07-30T17:17:23.173709Z  INFO herdr::logging: session saved event="persist.save" subsystem="persist" outcome="ok" path=/Users/alex/.config/herdr/session.json workspaces=3
2026-07-30T17:19:54.067171Z  INFO herdr::logging: tab focused event="tab.focus" subsystem="tab" outcome="ok" workspace_id="wF" tab_id="wF:t2"
2026-07-30T17:19:55.139994Z  INFO herdr::logging: tab focused event="tab.focus" subsystem="tab" outcome="ok" workspace_id="wF" tab_id="wF:t1"
2026-07-30T17:19:55.741702Z  INFO herdr::logging: tab focused event="tab.focus" subsystem="tab" outcome="ok" workspace_id="wF" tab_id="wF:t2"
2026-07-30T17:20:00.749933Z  INFO herdr::logging: session saved event="persist.save" subsystem="persist" outcome="ok" path=/Users/alex/.config/herdr/session.json workspaces=3
2026-07-30T17:21:22.044598Z  INFO herdr::logging: tab focused event="tab.focus" subsystem="tab" outcome="ok" workspace_id="wF" tab_id="wF:t1"
2026-07-30T17:21:27.054977Z  INFO herdr::logging: session saved event="persist.save" subsystem="persist" outcome="ok" path=/Users/alex/.config/herdr/session.json workspaces=3
2026-07-30T17:22:25.760417Z  INFO herdr::logging: tab focused event="tab.focus" subsystem="tab" outcome="ok" workspace_id="wF" tab_id="wF:t2"
2026-07-30T17:22:30.770632Z  INFO herdr::logging: session saved event="persist.save" subsystem="persist" outcome="ok" path=/Users/alex/.config/herdr/session.json workspaces=3
2026-07-30T17:22:31.564985Z  INFO herdr::logging: api request received event="api.request.start" subsystem="api" outcome="started" request_id="cli:server:reload-config" method="server.reload_config" changes_ui=true
2026-07-30T17:22:31.565472Z  WARN herdr::app: unknown theme, falling back theme="catppuccin-frappe" fallback="catppuccin"
2026-07-30T17:22:31.565581Z  INFO herdr::logging: api request completed event="api.request.complete" subsystem="api" outcome="ok" request_id="cli:server:reload-config" method="server.reload_config"
2026-07-30T17:22:38.494067Z  INFO herdr::logging: spawning pane terminal event="pane.spawn.start" subsystem="pane" outcome="started" pane_id=13 rows=46 cols=131 scrollback_limit_bytes=10000000
2026-07-30T17:22:38.500254Z  INFO herdr::logging: pane child spawned event="pane.spawned" subsystem="pane" outcome="ok" pane_id=13 pid=26144
2026-07-30T17:23:46.709060Z  INFO herdr::logging: api request received event="api.request.start" subsystem="api" outcome="started" request_id="cli:workspace:focus" method="workspace.focus" changes_ui=true
2026-07-30T17:23:46.711637Z  INFO herdr::logging: workspace focused event="workspace.focus" subsystem="workspace" outcome="ok" workspace_id="wG"
2026-07-30T17:23:46.711693Z  INFO herdr::logging: tab focused event="tab.focus" subsystem="tab" outcome="ok" workspace_id="wG" tab_id="wG:t2"
2026-07-30T17:23:46.711721Z  INFO herdr::logging: api request completed event="api.request.complete" subsystem="api" outcome="ok" request_id="cli:workspace:focus" method="workspace.focus"
2026-07-30T17:23:46.821153Z  INFO herdr::logging: pane child exited event="pane.exit" subsystem="pane" outcome="completed" pane_id=13 status="ExitStatus { code: 0, signal: None }"
2026-07-30T17:23:46.821443Z  INFO herdr::pane: pane session terminated pane=13 pid=26144 signal=Hangup
2026-07-30T17:23:48.638113Z  INFO herdr::logging: spawning pane terminal event="pane.spawn.start" subsystem="pane" outcome="started" pane_id=14 rows=46 cols=131 scrollback_limit_bytes=10000000
2026-07-30T17:23:48.644077Z  INFO herdr::logging: pane child spawned event="pane.spawned" subsystem="pane" outcome="ok" pane_id=14 pid=27168
2026-07-30T17:23:51.828422Z  INFO herdr::logging: session saved event="persist.save" subsystem="persist" outcome="ok" path=/Users/alex/.config/herdr/session.json workspaces=3
2026-07-30T17:24:37.956763Z  INFO herdr::logging: api request received event="api.request.start" subsystem="api" outcome="started" request_id="cli:workspace:focus" method="workspace.focus" changes_ui=true
2026-07-30T17:24:37.959600Z  INFO herdr::logging: workspace focused event="workspace.focus" subsystem="workspace" outcome="ok" workspace_id="wG"
2026-07-30T17:24:37.959664Z  INFO herdr::logging: tab focused event="tab.focus" subsystem="tab" outcome="ok" workspace_id="wG" tab_id="wG:t2"
2026-07-30T17:24:37.959689Z  INFO herdr::logging: api request completed event="api.request.complete" subsystem="api" outcome="ok" request_id="cli:workspace:focus" method="workspace.focus"
2026-07-30T17:24:39.458809Z  INFO herdr::logging: api request received event="api.request.start" subsystem="api" outcome="started" request_id="cli:workspace:focus" method="workspace.focus" changes_ui=true
2026-07-30T17:24:39.458904Z  INFO herdr::logging: workspace focused event="workspace.focus" subsystem="workspace" outcome="ok" workspace_id="wG"
2026-07-30T17:24:39.458968Z  INFO herdr::logging: tab focused event="tab.focus" subsystem="tab" outcome="ok" workspace_id="wG" tab_id="wG:t2"
2026-07-30T17:24:39.458993Z  INFO herdr::logging: api request completed event="api.request.complete" subsystem="api" outcome="ok" request_id="cli:workspace:focus" method="workspace.focus"
2026-07-30T17:24:40.687812Z  INFO herdr::logging: api request received event="api.request.start" subsystem="api" outcome="started" request_id="cli:workspace:focus" method="workspace.focus" changes_ui=true
2026-07-30T17:24:40.687891Z  INFO herdr::logging: workspace focused event="workspace.focus" subsystem="workspace" outcome="ok" workspace_id="wG"
2026-07-30T17:24:40.687952Z  INFO herdr::logging: tab focused event="tab.focus" subsystem="tab" outcome="ok" workspace_id="wG" tab_id="wG:t2"
2026-07-30T17:24:40.687991Z  INFO herdr::logging: api request completed event="api.request.complete" subsystem="api" outcome="ok" request_id="cli:workspace:focus" method="workspace.focus"
2026-07-30T17:24:45.691703Z  INFO herdr::logging: session saved event="persist.save" subsystem="persist" outcome="ok" path=/Users/alex/.config/herdr/session.json workspaces=3
2026-07-30T17:24:46.936663Z  INFO herdr::logging: api request received event="api.request.start" subsystem="api" outcome="started" request_id="cli:workspace:focus" method="workspace.focus" changes_ui=true
2026-07-30T17:24:46.936728Z  INFO herdr::logging: workspace focused event="workspace.focus" subsystem="workspace" outcome="ok" workspace_id="wF"
2026-07-30T17:24:46.936787Z  INFO herdr::logging: tab focused event="tab.focus" subsystem="tab" outcome="ok" workspace_id="wF" tab_id="wF:t2"
2026-07-30T17:24:46.936822Z  INFO herdr::logging: api request completed event="api.request.complete" subsystem="api" outcome="ok" request_id="cli:workspace:focus" method="workspace.focus"
2026-07-30T17:24:47.049323Z  INFO herdr::logging: pane child exited event="pane.exit" subsystem="pane" outcome="completed" pane_id=14 status="ExitStatus { code: 0, signal: None }"
2026-07-30T17:24:47.049571Z  INFO herdr::pane: pane session terminated pane=14 pid=27168 signal=Hangup
2026-07-30T17:24:49.390654Z  INFO herdr::logging: workspace focused event="workspace.focus" subsystem="workspace" outcome="ok" workspace_id="wG"
2026-07-30T17:24:49.390935Z  INFO herdr::logging: tab focused event="tab.focus" subsystem="tab" outcome="ok" workspace_id="wG" tab_id="wG:t2"
2026-07-30T17:24:50.273882Z  INFO herdr::logging: workspace focused event="workspace.focus" subsystem="workspace" outcome="ok" workspace_id="wF"
2026-07-30T17:24:50.274145Z  INFO herdr::logging: tab focused event="tab.focus" subsystem="tab" outcome="ok" workspace_id="wF" tab_id="wF:t2"
2026-07-30T17:24:55.278578Z  INFO herdr::logging: session saved event="persist.save" subsystem="persist" outcome="ok" path=/Users/alex/.config/herdr/session.json workspaces=3
2026-07-30T17:25:03.823172Z  INFO herdr::logging: spawning pane terminal event="pane.spawn.start" subsystem="pane" outcome="started" pane_id=15 rows=46 cols=131 scrollback_limit_bytes=10000000
2026-07-30T17:25:03.831585Z  INFO herdr::logging: pane child spawned event="pane.spawned" subsystem="pane" outcome="ok" pane_id=15 pid=28093
2026-07-30T17:25:34.147087Z  INFO herdr::logging: pane child exited event="pane.exit" subsystem="pane" outcome="completed" pane_id=15 status="ExitStatus { code: 0, signal: None }"
2026-07-30T17:25:34.147699Z  INFO herdr::pane: pane session terminated pane=15 pid=28093 signal=Hangup
2026-07-30T17:25:36.146364Z  INFO herdr::logging: spawning pane terminal event="pane.spawn.start" subsystem="pane" outcome="started" pane_id=16 rows=46 cols=131 scrollback_limit_bytes=10000000
2026-07-30T17:25:36.154256Z  INFO herdr::logging: pane child spawned event="pane.spawned" subsystem="pane" outcome="ok" pane_id=16 pid=28531
2026-07-30T17:25:39.151283Z  INFO herdr::logging: session saved event="persist.save" subsystem="persist" outcome="ok" path=/Users/alex/.config/herdr/session.json workspaces=3
2026-07-30T17:25:46.318288Z  INFO herdr::logging: api request received event="api.request.start" subsystem="api" outcome="started" request_id="cli:workspace:focus" method="workspace.focus" changes_ui=true
2026-07-30T17:25:46.318334Z  INFO herdr::logging: workspace focused event="workspace.focus" subsystem="workspace" outcome="ok" workspace_id="wE"
2026-07-30T17:25:46.318379Z  INFO herdr::logging: tab focused event="tab.focus" subsystem="tab" outcome="ok" workspace_id="wE" tab_id="wE:t1"
2026-07-30T17:25:46.318403Z  INFO herdr::logging: api request completed event="api.request.complete" subsystem="api" outcome="ok" request_id="cli:workspace:focus" method="workspace.focus"
2026-07-30T17:25:46.471379Z  INFO herdr::logging: pane child exited event="pane.exit" subsystem="pane" outcome="completed" pane_id=16 status="ExitStatus { code: 0, signal: None }"
2026-07-30T17:25:46.471720Z  INFO herdr::pane: pane session terminated pane=16 pid=28531 signal=Hangup
2026-07-30T17:25:48.685789Z  INFO herdr::logging: spawning pane terminal event="pane.spawn.start" subsystem="pane" outcome="started" pane_id=17 rows=46 cols=131 scrollback_limit_bytes=10000000
2026-07-30T17:25:48.690849Z  INFO herdr::logging: pane child spawned event="pane.spawned" subsystem="pane" outcome="ok" pane_id=17 pid=28738
2026-07-30T17:25:51.473805Z  INFO herdr::logging: session saved event="persist.save" subsystem="persist" outcome="ok" path=/Users/alex/.config/herdr/session.json workspaces=3
2026-07-30T17:26:34.758501Z  INFO herdr::logging: api request received event="api.request.start" subsystem="api" outcome="started" request_id="cli:workspace:create" method="workspace.create" changes_ui=true
2026-07-30T17:26:34.761320Z  INFO herdr::logging: spawning pane terminal event="pane.spawn.start" subsystem="pane" outcome="started" pane_id=18 rows=46 cols=131 scrollback_limit_bytes=10000000
2026-07-30T17:26:34.763683Z  INFO herdr::logging: pane child spawned event="pane.spawned" subsystem="pane" outcome="ok" pane_id=18 pid=29432
2026-07-30T17:26:34.764126Z  INFO herdr::logging: workspace created event="workspace.create" subsystem="workspace" outcome="ok" workspace_id="wH" pane_id=18
2026-07-30T17:26:34.764137Z  INFO herdr::logging: workspace focused event="workspace.focus" subsystem="workspace" outcome="ok" workspace_id="wH"
2026-07-30T17:26:34.764195Z  INFO herdr::logging: tab focused event="tab.focus" subsystem="tab" outcome="ok" workspace_id="wH" tab_id="wH:t1"
2026-07-30T17:26:34.764204Z  INFO herdr::logging: workspace renamed event="workspace.rename" subsystem="workspace" outcome="ok" workspace_id="wH"
2026-07-30T17:26:34.764948Z  INFO herdr::logging: api request completed event="api.request.complete" subsystem="api" outcome="ok" request_id="cli:workspace:create" method="workspace.create"
2026-07-30T17:26:34.781620Z  INFO herdr::logging: api request received event="api.request.start" subsystem="api" outcome="started" request_id="cli:workspace:focus" method="workspace.focus" changes_ui=true
2026-07-30T17:26:34.781661Z  INFO herdr::logging: workspace focused event="workspace.focus" subsystem="workspace" outcome="ok" workspace_id="wH"
2026-07-30T17:26:34.781706Z  INFO herdr::logging: tab focused event="tab.focus" subsystem="tab" outcome="ok" workspace_id="wH" tab_id="wH:t1"
2026-07-30T17:26:34.781724Z  INFO herdr::logging: api request completed event="api.request.complete" subsystem="api" outcome="ok" request_id="cli:workspace:focus" method="workspace.focus"
2026-07-30T17:26:34.888355Z  INFO herdr::logging: pane child exited event="pane.exit" subsystem="pane" outcome="completed" pane_id=17 status="ExitStatus { code: 0, signal: None }"
2026-07-30T17:26:34.888605Z  INFO herdr::pane: pane session terminated pane=17 pid=28738 signal=Hangup
2026-07-30T17:26:37.451253Z  INFO herdr::server::headless: client detach requested via keybind client_id=4
2026-07-30T17:26:37.456712Z  INFO herdr::server::headless: client disconnected client_id=4
2026-07-30T17:26:39.771738Z  INFO herdr::server::headless: client connected client_id=6 cols=151 rows=47 cell_width_px=0 cell_height_px=0 render_encoding=SemanticFrame
2026-07-30T17:26:39.771838Z  WARN herdr::app: unknown theme, falling back theme="catppuccin-frappe" fallback="catppuccin"
2026-07-30T17:26:39.775836Z  WARN herdr::app: unknown theme, falling back theme="catppuccin-frappe" fallback="catppuccin"
2026-07-30T17:26:39.891340Z  INFO herdr::logging: session saved event="persist.save" subsystem="persist" outcome="ok" path=/Users/alex/.config/herdr/session.json workspaces=4
2026-07-30T17:26:41.075044Z  INFO herdr::logging: workspace closed event="workspace.close" subsystem="workspace" outcome="ok" workspace_id="wH"
2026-07-30T17:26:41.077542Z  INFO herdr::logging: pane child exited event="pane.exit" subsystem="pane" outcome="completed" pane_id=18 status="ExitStatus { code: 1, signal: None }"
2026-07-30T17:26:41.100003Z  INFO herdr::pane: pane session terminated pane=18 pid=29432 signal=Hangup
2026-07-30T17:26:41.101624Z  WARN herdr::app::actions: PaneDied for unknown pane pane=18
2026-07-30T17:26:46.108341Z  INFO herdr::logging: session saved event="persist.save" subsystem="persist" outcome="ok" path=/Users/alex/.config/herdr/session.json workspaces=3
2026-07-30T17:27:12.149946Z  INFO herdr::logging: workspace focused event="workspace.focus" subsystem="workspace" outcome="ok" workspace_id="wF"
2026-07-30T17:27:12.152957Z  INFO herdr::logging: tab focused event="tab.focus" subsystem="tab" outcome="ok" workspace_id="wF" tab_id="wF:t2"
2026-07-30T17:27:17.160868Z  INFO herdr::logging: session saved event="persist.save" subsystem="persist" outcome="ok" path=/Users/alex/.config/herdr/session.json workspaces=3
2026-07-30T17:27:18.431813Z  INFO herdr::logging: workspace focused event="workspace.focus" subsystem="workspace" outcome="ok" workspace_id="wF"
2026-07-30T17:27:18.432110Z  INFO herdr::logging: tab focused event="tab.focus" subsystem="tab" outcome="ok" workspace_id="wF" tab_id="wF:t2"
2026-07-30T17:27:21.907759Z  INFO herdr::logging: tab focused event="tab.focus" subsystem="tab" outcome="ok" workspace_id="wF" tab_id="wF:t1"
2026-07-30T17:27:26.915418Z  INFO herdr::logging: session saved event="persist.save" subsystem="persist" outcome="ok" path=/Users/alex/.config/herdr/session.json workspaces=3
2026-07-30T17:27:55.625119Z  INFO herdr::logging: tab focused event="tab.focus" subsystem="tab" outcome="ok" workspace_id="wF" tab_id="wF:t2"
2026-07-30T17:28:00.633757Z  INFO herdr::logging: session saved event="persist.save" subsystem="persist" outcome="ok" path=/Users/alex/.config/herdr/session.json workspaces=3
2026-07-30T17:28:08.069660Z  INFO herdr::logging: api request received event="api.request.start" subsystem="api" outcome="started" request_id="cli:server:reload-config" method="server.reload_config" changes_ui=true
2026-07-30T17:28:08.070151Z  WARN herdr::app: unknown theme, falling back theme="catppuccin-frappe" fallback="catppuccin"
2026-07-30T17:28:08.070221Z  INFO herdr::logging: api request completed event="api.request.complete" subsystem="api" outcome="ok" request_id="cli:server:reload-config" method="server.reload_config"
2026-07-30T17:28:12.799099Z  INFO herdr::server::headless: client detach requested via keybind client_id=6
2026-07-30T17:28:12.804088Z  INFO herdr::server::headless: client disconnected client_id=6
2026-07-30T17:28:15.114968Z  INFO herdr::server::headless: client connected client_id=8 cols=151 rows=47 cell_width_px=0 cell_height_px=0 render_encoding=SemanticFrame
2026-07-30T17:28:15.115075Z  WARN herdr::app: unknown theme, falling back theme="catppuccin-frappe" fallback="catppuccin"
2026-07-30T17:28:15.119969Z  WARN herdr::app: unknown theme, falling back theme="catppuccin-frappe" fallback="catppuccin"
2026-07-30T17:28:17.112764Z  INFO herdr::logging: workspace focused event="workspace.focus" subsystem="workspace" outcome="ok" workspace_id="wE"
2026-07-30T17:28:17.113026Z  INFO herdr::logging: tab focused event="tab.focus" subsystem="tab" outcome="ok" workspace_id="wE" tab_id="wE:t1"
2026-07-30T17:28:18.738896Z  INFO herdr::logging: workspace closed event="workspace.close" subsystem="workspace" outcome="ok" workspace_id="wE"
2026-07-30T17:28:18.741777Z  INFO herdr::logging: pane child exited event="pane.exit" subsystem="pane" outcome="completed" pane_id=2 status="ExitStatus { code: 1, signal: None }"
2026-07-30T17:28:18.761679Z  INFO herdr::pane: pane session terminated pane=2 pid=20316 signal=Hangup
2026-07-30T17:28:18.763280Z  WARN herdr::app::actions: PaneDied for unknown pane pane=2
2026-07-30T17:28:23.772205Z  INFO herdr::logging: session saved event="persist.save" subsystem="persist" outcome="ok" path=/Users/alex/.config/herdr/session.json workspaces=2
2026-07-30T17:28:25.328043Z  INFO herdr::server::headless: client detach requested via keybind client_id=8
2026-07-30T17:28:25.331009Z  INFO herdr::server::headless: client disconnected client_id=8
2026-07-30T17:29:52.843319Z  INFO herdr::server::headless: client connected client_id=10 cols=151 rows=47 cell_width_px=0 cell_height_px=0 render_encoding=SemanticFrame
2026-07-30T17:29:52.846089Z  WARN herdr::app: unknown theme, falling back theme="catppuccin-frappe" fallback="catppuccin"
2026-07-30T17:29:52.846406Z  WARN herdr::app: unknown theme, falling back theme="catppuccin-frappe" fallback="catppuccin"
2026-07-30T17:30:00.270839Z  INFO herdr::logging: spawning pane terminal event="pane.spawn.start" subsystem="pane" outcome="started" pane_id=19 rows=46 cols=131 scrollback_limit_bytes=10000000
2026-07-30T17:30:00.276475Z  INFO herdr::logging: pane child spawned event="pane.spawned" subsystem="pane" outcome="ok" pane_id=19 pid=31306
2026-07-30T17:30:09.938641Z  INFO herdr::logging: pane child exited event="pane.exit" subsystem="pane" outcome="completed" pane_id=19 status="ExitStatus { code: 0, signal: None }"
2026-07-30T17:30:09.939560Z  INFO herdr::pane: pane session terminated pane=19 pid=31306 signal=Hangup
2026-07-30T17:30:14.945901Z  INFO herdr::logging: session saved event="persist.save" subsystem="persist" outcome="ok" path=/Users/alex/.config/herdr/session.json workspaces=2
2026-07-30T17:30:17.775437Z  INFO herdr::logging: tab focused event="tab.focus" subsystem="tab" outcome="ok" workspace_id="wF" tab_id="wF:t1"
2026-07-30T17:30:22.784028Z  INFO herdr::logging: session saved event="persist.save" subsystem="persist" outcome="ok" path=/Users/alex/.config/herdr/session.json workspaces=2
2026-07-30T17:30:29.192189Z  INFO herdr::logging: tab focused event="tab.focus" subsystem="tab" outcome="ok" workspace_id="wF" tab_id="wF:t2"
2026-07-30T17:30:34.087346Z  INFO herdr::logging: api request received event="api.request.start" subsystem="api" outcome="started" request_id="cli:server:reload-config" method="server.reload_config" changes_ui=true
2026-07-30T17:30:34.087789Z  WARN herdr::app: unknown theme, falling back theme="catppuccin-frappe" fallback="catppuccin"
2026-07-30T17:30:34.087891Z  INFO herdr::logging: api request completed event="api.request.complete" subsystem="api" outcome="ok" request_id="cli:server:reload-config" method="server.reload_config"
2026-07-30T17:30:34.200526Z  INFO herdr::logging: session saved event="persist.save" subsystem="persist" outcome="ok" path=/Users/alex/.config/herdr/session.json workspaces=2
2026-07-30T17:30:57.296794Z  INFO herdr::logging: tab focused event="tab.focus" subsystem="tab" outcome="ok" workspace_id="wF" tab_id="wF:t1"
2026-07-30T17:31:02.303356Z  INFO herdr::logging: session saved event="persist.save" subsystem="persist" outcome="ok" path=/Users/alex/.config/herdr/session.json workspaces=2
2026-07-30T17:33:00.084626Z  INFO herdr::logging: workspace closed event="workspace.close" subsystem="workspace" outcome="ok" workspace_id="wF"
2026-07-30T17:33:00.090759Z  INFO herdr::logging: pane child exited event="pane.exit" subsystem="pane" outcome="completed" pane_id=5 status="ExitStatus { code: 1, signal: None }"
2026-07-30T17:33:00.111899Z  INFO herdr::pane: pane session terminated pane=5 pid=20500 signal=Hangup
2026-07-30T17:33:00.113897Z  INFO herdr::logging: pane child exited event="pane.exit" subsystem="pane" outcome="completed" pane_id=6 status="ExitStatus { code: 1, signal: None }"
2026-07-30T17:33:00.494721Z  INFO herdr::pane: pane session terminated pane=6 pid=20505 signal=Terminate
2026-07-30T17:33:00.496660Z  INFO herdr::logging: pane child exited event="pane.exit" subsystem="pane" outcome="completed" pane_id=7 status="ExitStatus { code: 1, signal: None }"
2026-07-30T17:33:00.518702Z  INFO herdr::pane: pane session terminated pane=7 pid=20512 signal=Hangup
2026-07-30T17:33:00.519439Z  WARN herdr::app::actions: PaneDied for unknown pane pane=5
2026-07-30T17:33:00.519456Z  WARN herdr::app::actions: PaneDied for unknown pane pane=6
2026-07-30T17:33:00.519463Z  WARN herdr::app::actions: PaneDied for unknown pane pane=7
2026-07-30T17:33:02.402600Z  INFO herdr::server::headless: client detach requested via keybind client_id=10
2026-07-30T17:33:02.407789Z  INFO herdr::server::headless: client disconnected client_id=10
2026-07-30T17:33:05.524265Z  INFO herdr::logging: session saved event="persist.save" subsystem="persist" outcome="ok" path=/Users/alex/.config/herdr/session.json workspaces=1
2026-07-30T17:39:47.170562Z  INFO herdr::logging: checking for updates event="update.check.start" subsystem="update" outcome="started"
2026-07-30T18:09:47.165330Z  INFO herdr::logging: checking for updates event="update.check.start" subsystem="update" outcome="started"
2026-07-30T18:24:11.764946Z  INFO herdr::server::headless: client connected client_id=12 cols=151 rows=47 cell_width_px=0 cell_height_px=0 render_encoding=SemanticFrame
2026-07-30T18:24:11.765481Z  WARN herdr::app: unknown theme, falling back theme="catppuccin-frappe" fallback="catppuccin"
2026-07-30T18:24:11.768707Z  WARN herdr::app: unknown theme, falling back theme="catppuccin-frappe" fallback="catppuccin"
2026-07-30T18:24:16.451962Z  INFO herdr::logging: spawning pane terminal event="pane.spawn.start" subsystem="pane" outcome="started" pane_id=20 rows=46 cols=131 scrollback_limit_bytes=10000000
2026-07-30T18:24:16.461370Z  INFO herdr::logging: pane child spawned event="pane.spawned" subsystem="pane" outcome="ok" pane_id=20 pid=36972
2026-07-30T18:24:20.877044Z  INFO herdr::logging: api request received event="api.request.start" subsystem="api" outcome="started" request_id="cli:workspace:create" method="workspace.create" changes_ui=true
2026-07-30T18:24:20.877122Z  INFO herdr::logging: spawning pane terminal event="pane.spawn.start" subsystem="pane" outcome="started" pane_id=21 rows=46 cols=131 scrollback_limit_bytes=10000000
2026-07-30T18:24:20.879460Z  INFO herdr::logging: pane child spawned event="pane.spawned" subsystem="pane" outcome="ok" pane_id=21 pid=37072
2026-07-30T18:24:20.882406Z  INFO herdr::logging: workspace created event="workspace.create" subsystem="workspace" outcome="ok" workspace_id="wJ" pane_id=21
2026-07-30T18:24:20.882418Z  INFO herdr::logging: workspace focused event="workspace.focus" subsystem="workspace" outcome="ok" workspace_id="wJ"
2026-07-30T18:24:20.882445Z  INFO herdr::logging: tab focused event="tab.focus" subsystem="tab" outcome="ok" workspace_id="wJ" tab_id="wJ:t1"
2026-07-30T18:24:20.882452Z  INFO herdr::logging: workspace renamed event="workspace.rename" subsystem="workspace" outcome="ok" workspace_id="wJ"
2026-07-30T18:24:20.883247Z  INFO herdr::logging: api request completed event="api.request.complete" subsystem="api" outcome="ok" request_id="cli:workspace:create" method="workspace.create"
2026-07-30T18:24:20.899737Z  INFO herdr::logging: pane child exited event="pane.exit" subsystem="pane" outcome="completed" pane_id=20 status="ExitStatus { code: 0, signal: None }"
2026-07-30T18:24:20.900018Z  INFO herdr::pane: pane session terminated pane=20 pid=36972 signal=Hangup
2026-07-30T18:24:25.910264Z  INFO herdr::logging: session saved event="persist.save" subsystem="persist" outcome="ok" path=/Users/alex/.config/herdr/session.json workspaces=2
2026-07-30T18:24:35.792680Z  INFO herdr::logging: workspace closed event="workspace.close" subsystem="workspace" outcome="ok" workspace_id="wJ"
2026-07-30T18:24:35.795080Z  INFO herdr::logging: pane child exited event="pane.exit" subsystem="pane" outcome="completed" pane_id=21 status="ExitStatus { code: 1, signal: None }"
2026-07-30T18:24:35.815360Z  INFO herdr::pane: pane session terminated pane=21 pid=37072 signal=Hangup
2026-07-30T18:24:35.817016Z  WARN herdr::app::actions: PaneDied for unknown pane pane=21
2026-07-30T18:24:38.418536Z  INFO herdr::logging: spawning pane terminal event="pane.spawn.start" subsystem="pane" outcome="started" pane_id=22 rows=46 cols=131 scrollback_limit_bytes=10000000
2026-07-30T18:24:38.425092Z  INFO herdr::logging: pane child spawned event="pane.spawned" subsystem="pane" outcome="ok" pane_id=22 pid=37120
2026-07-30T18:24:39.982033Z  INFO herdr::logging: api request received event="api.request.start" subsystem="api" outcome="started" request_id="cli:workspace:create" method="workspace.create" changes_ui=true
2026-07-30T18:24:39.982139Z  INFO herdr::logging: spawning pane terminal event="pane.spawn.start" subsystem="pane" outcome="started" pane_id=23 rows=46 cols=131 scrollback_limit_bytes=10000000
2026-07-30T18:24:39.984986Z  INFO herdr::logging: pane child spawned event="pane.spawned" subsystem="pane" outcome="ok" pane_id=23 pid=37166
2026-07-30T18:24:39.988248Z  INFO herdr::logging: workspace created event="workspace.create" subsystem="workspace" outcome="ok" workspace_id="wK" pane_id=23
2026-07-30T18:24:39.988255Z  INFO herdr::logging: workspace focused event="workspace.focus" subsystem="workspace" outcome="ok" workspace_id="wK"
2026-07-30T18:24:39.988279Z  INFO herdr::logging: tab focused event="tab.focus" subsystem="tab" outcome="ok" workspace_id="wK" tab_id="wK:t1"
2026-07-30T18:24:39.988286Z  INFO herdr::logging: workspace renamed event="workspace.rename" subsystem="workspace" outcome="ok" workspace_id="wK"
2026-07-30T18:24:39.989048Z  INFO herdr::logging: api request completed event="api.request.complete" subsystem="api" outcome="ok" request_id="cli:workspace:create" method="workspace.create"
2026-07-30T18:24:40.006568Z  INFO herdr::logging: api request received event="api.request.start" subsystem="api" outcome="started" request_id="cli:workspace:focus" method="workspace.focus" changes_ui=true
2026-07-30T18:24:40.006604Z  INFO herdr::logging: workspace focused event="workspace.focus" subsystem="workspace" outcome="ok" workspace_id="wK"
2026-07-30T18:24:40.006616Z  INFO herdr::logging: tab focused event="tab.focus" subsystem="tab" outcome="ok" workspace_id="wK" tab_id="wK:t1"
2026-07-30T18:24:40.006635Z  INFO herdr::logging: api request completed event="api.request.complete" subsystem="api" outcome="ok" request_id="cli:workspace:focus" method="workspace.focus"
2026-07-30T18:24:40.123282Z  INFO herdr::logging: pane child exited event="pane.exit" subsystem="pane" outcome="completed" pane_id=22 status="ExitStatus { code: 0, signal: None }"
2026-07-30T18:24:40.123524Z  INFO herdr::pane: pane session terminated pane=22 pid=37120 signal=Hangup
2026-07-30T18:24:45.128606Z  INFO herdr::logging: session saved event="persist.save" subsystem="persist" outcome="ok" path=/Users/alex/.config/herdr/session.json workspaces=2
2026-07-30T18:44:03.373624Z  INFO herdr::logging: checking for updates event="update.check.start" subsystem="update" outcome="started"
2026-07-30T19:09:37.764276Z  INFO herdr::server::headless: client detach requested via keybind client_id=12
2026-07-30T19:09:37.771154Z  INFO herdr::server::headless: client disconnected client_id=12
2026-07-30T19:11:06.479966Z  INFO herdr::server::headless: client connected client_id=14 cols=151 rows=47 cell_width_px=0 cell_height_px=0 render_encoding=SemanticFrame
2026-07-30T19:11:06.480077Z  WARN herdr::app: unknown theme, falling back theme="catppuccin-frappe" fallback="catppuccin"
2026-07-30T19:11:06.483849Z  WARN herdr::app: unknown theme, falling back theme="catppuccin-frappe" fallback="catppuccin"
2026-07-30T19:11:14.708116Z  INFO herdr::logging: api request received event="api.request.start" subsystem="api" outcome="started" request_id="cli:server:reload-config" method="server.reload_config" changes_ui=true
2026-07-30T19:11:14.708528Z  WARN herdr::app: unknown theme, falling back theme="catppuccin-frappe" fallback="catppuccin"
2026-07-30T19:11:14.708584Z  INFO herdr::logging: api request completed event="api.request.complete" subsystem="api" outcome="ok" request_id="cli:server:reload-config" method="server.reload_config"
2026-07-30T19:11:20.827470Z  INFO herdr::logging: api request received event="api.request.start" subsystem="api" outcome="started" request_id="cli:plugin" method="plugin.pane.open" changes_ui=true
2026-07-30T19:11:20.827793Z  INFO herdr::logging: spawning pane terminal event="pane.spawn.start" subsystem="pane" outcome="started" pane_id=24 rows=46 cols=131 scrollback_limit_bytes=10000000
2026-07-30T19:11:20.829734Z  INFO herdr::logging: pane child spawned event="pane.spawned" subsystem="pane" outcome="ok" pane_id=24 pid=56299
2026-07-30T19:11:20.829818Z  INFO herdr::logging: tab focused event="tab.focus" subsystem="tab" outcome="ok" workspace_id="wK" tab_id="wK:t1"
2026-07-30T19:11:20.830037Z  INFO herdr::logging: api request completed event="api.request.complete" subsystem="api" outcome="ok" request_id="cli:plugin" method="plugin.pane.open"
2026-07-30T19:11:25.840016Z  INFO herdr::logging: session saved event="persist.save" subsystem="persist" outcome="ok" path=/Users/alex/.config/herdr/session.json workspaces=2
2026-07-30T19:11:43.044878Z  INFO herdr::logging: api request received event="api.request.start" subsystem="api" outcome="started" request_id="cli:workspace:create" method="workspace.create" changes_ui=true
2026-07-30T19:11:43.045070Z  INFO herdr::logging: spawning pane terminal event="pane.spawn.start" subsystem="pane" outcome="started" pane_id=25 rows=46 cols=131 scrollback_limit_bytes=10000000
2026-07-30T19:11:43.049121Z  INFO herdr::logging: pane child spawned event="pane.spawned" subsystem="pane" outcome="ok" pane_id=25 pid=56337
2026-07-30T19:11:43.049504Z  INFO herdr::logging: workspace created event="workspace.create" subsystem="workspace" outcome="ok" workspace_id="wM" pane_id=25
2026-07-30T19:11:43.049520Z  INFO herdr::logging: workspace renamed event="workspace.rename" subsystem="workspace" outcome="ok" workspace_id="wM"
2026-07-30T19:11:43.050883Z  INFO herdr::logging: api request completed event="api.request.complete" subsystem="api" outcome="ok" request_id="cli:workspace:create" method="workspace.create"
2026-07-30T19:11:43.059953Z  INFO herdr::logging: api request received event="api.request.start" subsystem="api" outcome="started" request_id="cli:tab:rename" method="tab.rename" changes_ui=true
2026-07-30T19:11:43.060051Z  INFO herdr::logging: tab renamed event="tab.rename" subsystem="tab" outcome="ok" workspace_id="wM" tab_id="wM:t1"
2026-07-30T19:11:43.060440Z  INFO herdr::logging: api request completed event="api.request.complete" subsystem="api" outcome="ok" request_id="cli:tab:rename" method="tab.rename"
2026-07-30T19:11:43.067731Z  INFO herdr::logging: api request received event="api.request.start" subsystem="api" outcome="started" request_id="cli:pane:rename" method="pane.rename" changes_ui=true
2026-07-30T19:11:43.067953Z  INFO herdr::logging: api request completed event="api.request.complete" subsystem="api" outcome="ok" request_id="cli:pane:rename" method="pane.rename"
2026-07-30T19:11:43.078346Z  INFO herdr::logging: api request received event="api.request.start" subsystem="api" outcome="started" request_id="cli:pane:split" method="pane.split" changes_ui=true
2026-07-30T19:11:43.078436Z  INFO herdr::logging: spawning pane terminal event="pane.spawn.start" subsystem="pane" outcome="started" pane_id=26 rows=46 cols=131 scrollback_limit_bytes=10000000
2026-07-30T19:11:43.080824Z  INFO herdr::logging: pane child spawned event="pane.spawned" subsystem="pane" outcome="ok" pane_id=26 pid=56342
2026-07-30T19:11:43.081276Z  INFO herdr::logging: api request completed event="api.request.complete" subsystem="api" outcome="ok" request_id="cli:pane:split" method="pane.split"
2026-07-30T19:11:43.085453Z  INFO herdr::logging: api request received event="api.request.start" subsystem="api" outcome="started" request_id="cli:pane:rename" method="pane.rename" changes_ui=true
2026-07-30T19:11:43.085571Z  INFO herdr::logging: api request completed event="api.request.complete" subsystem="api" outcome="ok" request_id="cli:pane:rename" method="pane.rename"
2026-07-30T19:11:43.093742Z  INFO herdr::logging: api request received event="api.request.start" subsystem="api" outcome="started" request_id="cli:tab:create" method="tab.create" changes_ui=true
2026-07-30T19:11:43.093800Z  INFO herdr::logging: spawning pane terminal event="pane.spawn.start" subsystem="pane" outcome="started" pane_id=27 rows=46 cols=131 scrollback_limit_bytes=10000000
2026-07-30T19:11:43.095887Z  INFO herdr::logging: pane child spawned event="pane.spawned" subsystem="pane" outcome="ok" pane_id=27 pid=56346
2026-07-30T19:11:43.096008Z  INFO herdr::logging: tab renamed event="tab.rename" subsystem="tab" outcome="ok" workspace_id="wM" tab_id="wM:t2"
2026-07-30T19:11:43.096516Z  INFO herdr::logging: api request completed event="api.request.complete" subsystem="api" outcome="ok" request_id="cli:tab:create" method="tab.create"
2026-07-30T19:11:43.100500Z  INFO herdr::logging: api request received event="api.request.start" subsystem="api" outcome="started" request_id="cli:pane:rename" method="pane.rename" changes_ui=true
2026-07-30T19:11:43.100644Z  INFO herdr::logging: api request completed event="api.request.complete" subsystem="api" outcome="ok" request_id="cli:pane:rename" method="pane.rename"
2026-07-30T19:11:43.108345Z  INFO herdr::logging: api request received event="api.request.start" subsystem="api" outcome="started" request_id="cli:tab:focus" method="tab.focus" changes_ui=true
2026-07-30T19:11:43.108381Z  INFO herdr::logging: workspace focused event="workspace.focus" subsystem="workspace" outcome="ok" workspace_id="wM"
2026-07-30T19:11:43.108391Z  INFO herdr::logging: tab focused event="tab.focus" subsystem="tab" outcome="ok" workspace_id="wM" tab_id="wM:t1"
2026-07-30T19:11:43.108415Z  INFO herdr::logging: api request completed event="api.request.complete" subsystem="api" outcome="ok" request_id="cli:tab:focus" method="tab.focus"
2026-07-30T19:11:43.111994Z  INFO herdr::logging: api request received event="api.request.start" subsystem="api" outcome="started" request_id="cli:workspace:focus" method="workspace.focus" changes_ui=true
2026-07-30T19:11:43.112032Z  INFO herdr::logging: workspace focused event="workspace.focus" subsystem="workspace" outcome="ok" workspace_id="wM"
2026-07-30T19:11:43.112044Z  INFO herdr::logging: tab focused event="tab.focus" subsystem="tab" outcome="ok" workspace_id="wM" tab_id="wM:t1"
2026-07-30T19:11:43.112064Z  INFO herdr::logging: api request completed event="api.request.complete" subsystem="api" outcome="ok" request_id="cli:workspace:focus" method="workspace.focus"
2026-07-30T19:11:43.114117Z  INFO herdr::logging: pane child exited event="pane.exit" subsystem="pane" outcome="completed" pane_id=24 status="ExitStatus { code: 0, signal: None }"
2026-07-30T19:11:43.114351Z  INFO herdr::pane: pane session terminated pane=24 pid=56299 signal=Hangup
2026-07-30T19:11:43.639949Z  INFO herdr::pane: agent changed pane=26 previous_agent=None agent=Some(Claude) process=claude pgid=Some(56513)
2026-07-30T19:11:48.733073Z  INFO herdr::logging: session saved event="persist.save" subsystem="persist" outcome="ok" path=/Users/alex/.config/herdr/session.json workspaces=3
2026-07-30T19:14:03.361036Z  INFO herdr::logging: checking for updates event="update.check.start" subsystem="update" outcome="started"
2026-07-30T19:14:29.359733Z  INFO herdr::server::headless: client detach requested via keybind client_id=14
2026-07-30T19:14:29.365423Z  INFO herdr::server::headless: client disconnected client_id=14
2026-07-30T19:15:16.042552Z  INFO herdr::server::headless: client connected client_id=16 cols=151 rows=47 cell_width_px=0 cell_height_px=0 render_encoding=SemanticFrame
2026-07-30T19:15:16.042655Z  WARN herdr::app: unknown theme, falling back theme="catppuccin-frappe" fallback="catppuccin"
2026-07-30T19:15:16.046918Z  WARN herdr::app: unknown theme, falling back theme="catppuccin-frappe" fallback="catppuccin"
2026-07-30T19:17:02.700578Z  INFO herdr::logging: tab focused event="tab.focus" subsystem="tab" outcome="ok" workspace_id="wM" tab_id="wM:t2"
2026-07-30T19:17:07.707525Z  INFO herdr::logging: session saved event="persist.save" subsystem="persist" outcome="ok" path=/Users/alex/.config/herdr/session.json workspaces=3
2026-07-30T19:17:26.708495Z  INFO herdr::logging: tab focused event="tab.focus" subsystem="tab" outcome="ok" workspace_id="wM" tab_id="wM:t1"
2026-07-30T19:17:31.715248Z  INFO herdr::logging: session saved event="persist.save" subsystem="persist" outcome="ok" path=/Users/alex/.config/herdr/session.json workspaces=3
2026-07-30T19:23:18.324499Z  INFO herdr::logging: tab focused event="tab.focus" subsystem="tab" outcome="ok" workspace_id="wM" tab_id="wM:t2"
2026-07-30T19:23:23.336560Z  INFO herdr::logging: session saved event="persist.save" subsystem="persist" outcome="ok" path=/Users/alex/.config/herdr/session.json workspaces=3
2026-07-30T19:27:08.743566Z  INFO herdr::logging: workspace focused event="workspace.focus" subsystem="workspace" outcome="ok" workspace_id="wK"
2026-07-30T19:27:08.744007Z  INFO herdr::logging: tab focused event="tab.focus" subsystem="tab" outcome="ok" workspace_id="wK" tab_id="wK:t1"
2026-07-30T19:27:10.659565Z  INFO herdr::logging: workspace focused event="workspace.focus" subsystem="workspace" outcome="ok" workspace_id="wG"
2026-07-30T19:27:10.659709Z  INFO herdr::logging: tab focused event="tab.focus" subsystem="tab" outcome="ok" workspace_id="wG" tab_id="wG:t2"
2026-07-30T19:27:11.525291Z  INFO herdr::logging: workspace focused event="workspace.focus" subsystem="workspace" outcome="ok" workspace_id="wK"
2026-07-30T19:27:11.525361Z  INFO herdr::logging: tab focused event="tab.focus" subsystem="tab" outcome="ok" workspace_id="wK" tab_id="wK:t1"
2026-07-30T19:27:13.148680Z  INFO herdr::logging: workspace closed event="workspace.close" subsystem="workspace" outcome="ok" workspace_id="wK"
2026-07-30T19:27:13.152354Z  INFO herdr::logging: pane child exited event="pane.exit" subsystem="pane" outcome="completed" pane_id=23 status="ExitStatus { code: 1, signal: None }"
2026-07-30T19:27:13.174829Z  INFO herdr::pane: pane session terminated pane=23 pid=37166 signal=Hangup
2026-07-30T19:27:13.175538Z  WARN herdr::app::actions: PaneDied for unknown pane pane=23
2026-07-30T19:27:18.182616Z  INFO herdr::logging: session saved event="persist.save" subsystem="persist" outcome="ok" path=/Users/alex/.config/herdr/session.json workspaces=2
2026-07-30T19:27:53.787428Z  INFO herdr::logging: api request received event="api.request.start" subsystem="api" outcome="started" request_id="cli:plugin" method="plugin.pane.open" changes_ui=true
2026-07-30T19:27:53.787879Z  INFO herdr::logging: spawning pane terminal event="pane.spawn.start" subsystem="pane" outcome="started" pane_id=28 rows=46 cols=131 scrollback_limit_bytes=10000000
2026-07-30T19:27:53.789815Z  INFO herdr::logging: pane child spawned event="pane.spawned" subsystem="pane" outcome="ok" pane_id=28 pid=59207
2026-07-30T19:27:53.789905Z  INFO herdr::logging: tab focused event="tab.focus" subsystem="tab" outcome="ok" workspace_id="wM" tab_id="wM:t2"
2026-07-30T19:27:53.790119Z  INFO herdr::logging: api request completed event="api.request.complete" subsystem="api" outcome="ok" request_id="cli:plugin" method="plugin.pane.open"
2026-07-30T19:27:56.133337Z  INFO herdr::logging: pane child exited event="pane.exit" subsystem="pane" outcome="completed" pane_id=28 status="ExitStatus { code: 0, signal: None }"
2026-07-30T19:27:56.133999Z  INFO herdr::pane: pane session terminated pane=28 pid=59207 signal=Hangup
2026-07-30T19:28:01.139905Z  INFO herdr::logging: session saved event="persist.save" subsystem="persist" outcome="ok" path=/Users/alex/.config/herdr/session.json workspaces=2
2026-07-30T19:28:06.306043Z  INFO herdr::logging: tab focused event="tab.focus" subsystem="tab" outcome="ok" workspace_id="wM" tab_id="wM:t1"
2026-07-30T19:28:11.310338Z  INFO herdr::logging: session saved event="persist.save" subsystem="persist" outcome="ok" path=/Users/alex/.config/herdr/session.json workspaces=2
2026-07-30T19:29:42.874162Z  INFO herdr::logging: tab focused event="tab.focus" subsystem="tab" outcome="ok" workspace_id="wM" tab_id="wM:t2"
2026-07-30T19:29:47.889179Z  INFO herdr::logging: session saved event="persist.save" subsystem="persist" outcome="ok" path=/Users/alex/.config/herdr/session.json workspaces=2
2026-07-30T19:30:00.897836Z  INFO herdr::logging: tab focused event="tab.focus" subsystem="tab" outcome="ok" workspace_id="wM" tab_id="wM:t1"
2026-07-30T19:30:05.907329Z  INFO herdr::logging: session saved event="persist.save" subsystem="persist" outcome="ok" path=/Users/alex/.config/herdr/session.json workspaces=2
2026-07-30T19:30:42.550247Z  INFO herdr::logging: tab focused event="tab.focus" subsystem="tab" outcome="ok" workspace_id="wM" tab_id="wM:t2"
2026-07-30T19:30:47.556496Z  INFO herdr::logging: session saved event="persist.save" subsystem="persist" outcome="ok" path=/Users/alex/.config/herdr/session.json workspaces=2
2026-07-30T19:30:54.384472Z  INFO herdr::logging: api request received event="api.request.start" subsystem="api" outcome="started" request_id="cli:server:reload-config" method="server.reload_config" changes_ui=true
2026-07-30T19:30:54.384897Z  WARN herdr::app: unknown theme, falling back theme="catppuccin-frappe" fallback="catppuccin"
2026-07-30T19:30:54.384963Z  INFO herdr::logging: api request completed event="api.request.complete" subsystem="api" outcome="ok" request_id="cli:server:reload-config" method="server.reload_config"
2026-07-30T19:30:58.598131Z  INFO herdr::logging: tab focused event="tab.focus" subsystem="tab" outcome="ok" workspace_id="wM" tab_id="wM:t1"
2026-07-30T19:30:59.114632Z  INFO herdr::logging: tab focused event="tab.focus" subsystem="tab" outcome="ok" workspace_id="wM" tab_id="wM:t2"
2026-07-30T19:30:59.665918Z  INFO herdr::logging: tab focused event="tab.focus" subsystem="tab" outcome="ok" workspace_id="wM" tab_id="wM:t1"
2026-07-30T19:30:59.893649Z  INFO herdr::logging: tab focused event="tab.focus" subsystem="tab" outcome="ok" workspace_id="wM" tab_id="wM:t2"
2026-07-30T19:31:04.026057Z  INFO herdr::logging: tab focused event="tab.focus" subsystem="tab" outcome="ok" workspace_id="wM" tab_id="wM:t1"
2026-07-30T19:31:09.033211Z  INFO herdr::logging: session saved event="persist.save" subsystem="persist" outcome="ok" path=/Users/alex/.config/herdr/session.json workspaces=2
2026-07-30T19:32:15.449020Z  INFO herdr::logging: session saved event="persist.save" subsystem="persist" outcome="ok" path=/Users/alex/.config/herdr/session.json workspaces=2
2026-07-30T19:32:20.480836Z  INFO herdr::logging: session saved event="persist.save" subsystem="persist" outcome="ok" path=/Users/alex/.config/herdr/session.json workspaces=2
2026-07-30T19:33:10.200434Z  INFO herdr::logging: session saved event="persist.save" subsystem="persist" outcome="ok" path=/Users/alex/.config/herdr/session.json workspaces=2
2026-07-30T19:34:11.483065Z  INFO herdr::logging: tab focused event="tab.focus" subsystem="tab" outcome="ok" workspace_id="wM" tab_id="wM:t2"
2026-07-30T19:34:12.427574Z  INFO herdr::logging: tab focused event="tab.focus" subsystem="tab" outcome="ok" workspace_id="wM" tab_id="wM:t1"
2026-07-30T19:34:13.721505Z  INFO herdr::logging: tab focused event="tab.focus" subsystem="tab" outcome="ok" workspace_id="wM" tab_id="wM:t2"
2026-07-30T19:34:14.466495Z  INFO herdr::logging: tab focused event="tab.focus" subsystem="tab" outcome="ok" workspace_id="wM" tab_id="wM:t1"
2026-07-30T19:34:17.671421Z  INFO herdr::logging: tab focused event="tab.focus" subsystem="tab" outcome="ok" workspace_id="wM" tab_id="wM:t1"
2026-07-30T19:34:18.787960Z  INFO herdr::logging: tab focused event="tab.focus" subsystem="tab" outcome="ok" workspace_id="wM" tab_id="wM:t1"
2026-07-30T19:34:23.794208Z  INFO herdr::logging: session saved event="persist.save" subsystem="persist" outcome="ok" path=/Users/alex/.config/herdr/session.json workspaces=2
2026-07-30T19:35:29.959282Z  INFO herdr::logging: tab focused event="tab.focus" subsystem="tab" outcome="ok" workspace_id="wM" tab_id="wM:t1"
2026-07-30T19:35:32.905221Z  INFO herdr::logging: tab focused event="tab.focus" subsystem="tab" outcome="ok" workspace_id="wM" tab_id="wM:t1"
2026-07-30T19:35:37.914115Z  INFO herdr::logging: session saved event="persist.save" subsystem="persist" outcome="ok" path=/Users/alex/.config/herdr/session.json workspaces=2
2026-07-30T19:35:53.959316Z  INFO herdr::logging: session saved event="persist.save" subsystem="persist" outcome="ok" path=/Users/alex/.config/herdr/session.json workspaces=2
2026-07-30T19:35:54.129450Z  INFO herdr::logging: tab focused event="tab.focus" subsystem="tab" outcome="ok" workspace_id="wM" tab_id="wM:t2"
2026-07-30T19:35:59.136667Z  INFO herdr::logging: session saved event="persist.save" subsystem="persist" outcome="ok" path=/Users/alex/.config/herdr/session.json workspaces=2
2026-07-30T19:36:02.948592Z  INFO herdr::logging: tab focused event="tab.focus" subsystem="tab" outcome="ok" workspace_id="wM" tab_id="wM:t1"
2026-07-30T19:36:07.894852Z  INFO herdr::logging: tab focused event="tab.focus" subsystem="tab" outcome="ok" workspace_id="wM" tab_id="wM:t2"
2026-07-30T19:36:09.338864Z  INFO herdr::logging: api request received event="api.request.start" subsystem="api" outcome="started" request_id="cli:server:reload-config" method="server.reload_config" changes_ui=true
2026-07-30T19:36:09.339328Z  WARN herdr::app: unknown theme, falling back theme="catppuccin-frappe" fallback="catppuccin"
2026-07-30T19:36:09.339411Z  INFO herdr::logging: api request completed event="api.request.complete" subsystem="api" outcome="ok" request_id="cli:server:reload-config" method="server.reload_config"
2026-07-30T19:36:12.906404Z  INFO herdr::logging: session saved event="persist.save" subsystem="persist" outcome="ok" path=/Users/alex/.config/herdr/session.json workspaces=2
2026-07-30T19:36:17.594610Z  INFO herdr::logging: workspace focused event="workspace.focus" subsystem="workspace" outcome="ok" workspace_id="wG"
2026-07-30T19:36:17.597481Z  INFO herdr::logging: tab focused event="tab.focus" subsystem="tab" outcome="ok" workspace_id="wG" tab_id="wG:t2"
2026-07-30T19:36:18.496745Z  INFO herdr::logging: workspace focused event="workspace.focus" subsystem="workspace" outcome="ok" workspace_id="wM"
2026-07-30T19:36:18.496845Z  INFO herdr::logging: tab focused event="tab.focus" subsystem="tab" outcome="ok" workspace_id="wM" tab_id="wM:t2"
2026-07-30T19:36:19.185913Z  INFO herdr::logging: workspace focused event="workspace.focus" subsystem="workspace" outcome="ok" workspace_id="wG"
2026-07-30T19:36:19.186023Z  INFO herdr::logging: tab focused event="tab.focus" subsystem="tab" outcome="ok" workspace_id="wG" tab_id="wG:t2"
2026-07-30T19:36:19.377365Z  INFO herdr::logging: workspace focused event="workspace.focus" subsystem="workspace" outcome="ok" workspace_id="wM"
2026-07-30T19:36:19.377444Z  INFO herdr::logging: tab focused event="tab.focus" subsystem="tab" outcome="ok" workspace_id="wM" tab_id="wM:t2"
2026-07-30T19:36:21.544299Z  INFO herdr::logging: workspace focused event="workspace.focus" subsystem="workspace" outcome="ok" workspace_id="wG"
2026-07-30T19:36:21.544411Z  INFO herdr::logging: tab focused event="tab.focus" subsystem="tab" outcome="ok" workspace_id="wG" tab_id="wG:t2"
2026-07-30T19:36:21.713135Z  INFO herdr::logging: workspace focused event="workspace.focus" subsystem="workspace" outcome="ok" workspace_id="wM"
2026-07-30T19:36:21.713230Z  INFO herdr::logging: tab focused event="tab.focus" subsystem="tab" outcome="ok" workspace_id="wM" tab_id="wM:t2"
2026-07-30T19:36:26.302563Z  INFO herdr::logging: workspace focused event="workspace.focus" subsystem="workspace" outcome="ok" workspace_id="wG"
2026-07-30T19:36:26.302683Z  INFO herdr::logging: tab focused event="tab.focus" subsystem="tab" outcome="ok" workspace_id="wG" tab_id="wG:t2"
2026-07-30T19:36:27.682364Z  INFO herdr::logging: workspace focused event="workspace.focus" subsystem="workspace" outcome="ok" workspace_id="wM"
2026-07-30T19:36:27.682478Z  INFO herdr::logging: tab focused event="tab.focus" subsystem="tab" outcome="ok" workspace_id="wM" tab_id="wM:t2"
2026-07-30T19:36:31.045294Z  INFO herdr::logging: workspace focused event="workspace.focus" subsystem="workspace" outcome="ok" workspace_id="wG"
2026-07-30T19:36:31.045403Z  INFO herdr::logging: tab focused event="tab.focus" subsystem="tab" outcome="ok" workspace_id="wG" tab_id="wG:t2"
2026-07-30T19:36:31.696496Z  INFO herdr::logging: workspace focused event="workspace.focus" subsystem="workspace" outcome="ok" workspace_id="wM"
2026-07-30T19:36:31.696588Z  INFO herdr::logging: tab focused event="tab.focus" subsystem="tab" outcome="ok" workspace_id="wM" tab_id="wM:t2"
2026-07-30T19:36:33.255218Z  INFO herdr::logging: tab focused event="tab.focus" subsystem="tab" outcome="ok" workspace_id="wM" tab_id="wM:t1"
2026-07-30T19:36:38.260067Z  INFO herdr::logging: session saved event="persist.save" subsystem="persist" outcome="ok" path=/Users/alex/.config/herdr/session.json workspaces=2
2026-07-30T19:37:10.502953Z  INFO herdr::logging: tab focused event="tab.focus" subsystem="tab" outcome="ok" workspace_id="wM" tab_id="wM:t2"
2026-07-30T19:37:15.512673Z  INFO herdr::logging: session saved event="persist.save" subsystem="persist" outcome="ok" path=/Users/alex/.config/herdr/session.json workspaces=2
2026-07-30T19:37:30.412362Z  INFO herdr::logging: tab focused event="tab.focus" subsystem="tab" outcome="ok" workspace_id="wM" tab_id="wM:t1"
2026-07-30T19:37:35.421023Z  INFO herdr::logging: session saved event="persist.save" subsystem="persist" outcome="ok" path=/Users/alex/.config/herdr/session.json workspaces=2
2026-07-30T19:37:43.877995Z  INFO herdr::logging: tab focused event="tab.focus" subsystem="tab" outcome="ok" workspace_id="wM" tab_id="wM:t2"
2026-07-30T19:37:48.890802Z  INFO herdr::logging: session saved event="persist.save" subsystem="persist" outcome="ok" path=/Users/alex/.config/herdr/session.json workspaces=2
2026-07-30T19:37:52.235884Z  INFO herdr::logging: tab focused event="tab.focus" subsystem="tab" outcome="ok" workspace_id="wM" tab_id="wM:t1"
2026-07-30T19:37:57.239522Z  INFO herdr::logging: session saved event="persist.save" subsystem="persist" outcome="ok" path=/Users/alex/.config/herdr/session.json workspaces=2
2026-07-30T19:38:24.361729Z  INFO herdr::logging: tab focused event="tab.focus" subsystem="tab" outcome="ok" workspace_id="wM" tab_id="wM:t2"
2026-07-30T19:38:27.904858Z  INFO herdr::logging: api request received event="api.request.start" subsystem="api" outcome="started" request_id="cli:server:reload-config" method="server.reload_config" changes_ui=true
2026-07-30T19:38:27.905330Z  WARN herdr::app: unknown theme, falling back theme="catppuccin-frappe" fallback="catppuccin"
2026-07-30T19:38:27.905407Z  INFO herdr::logging: api request completed event="api.request.complete" subsystem="api" outcome="ok" request_id="cli:server:reload-config" method="server.reload_config"
2026-07-30T19:38:29.369544Z  INFO herdr::logging: session saved event="persist.save" subsystem="persist" outcome="ok" path=/Users/alex/.config/herdr/session.json workspaces=2
2026-07-30T19:38:32.469126Z  INFO herdr::logging: workspace focused event="workspace.focus" subsystem="workspace" outcome="ok" workspace_id="wG"
2026-07-30T19:38:32.469269Z  INFO herdr::logging: tab focused event="tab.focus" subsystem="tab" outcome="ok" workspace_id="wG" tab_id="wG:t1"
2026-07-30T19:38:36.715142Z  INFO herdr::logging: tab focused event="tab.focus" subsystem="tab" outcome="ok" workspace_id="wG" tab_id="wG:t2"
2026-07-30T19:38:37.739894Z  INFO herdr::logging: tab focused event="tab.focus" subsystem="tab" outcome="ok" workspace_id="wG" tab_id="wG:t1"
2026-07-30T19:38:42.745796Z  INFO herdr::logging: session saved event="persist.save" subsystem="persist" outcome="ok" path=/Users/alex/.config/herdr/session.json workspaces=2
2026-07-30T19:38:43.210797Z  INFO herdr::logging: workspace focused event="workspace.focus" subsystem="workspace" outcome="ok" workspace_id="wM"
2026-07-30T19:38:43.210907Z  INFO herdr::logging: tab focused event="tab.focus" subsystem="tab" outcome="ok" workspace_id="wM" tab_id="wM:t1"
2026-07-30T19:38:44.010756Z  INFO herdr::logging: workspace focused event="workspace.focus" subsystem="workspace" outcome="ok" workspace_id="wG"
2026-07-30T19:38:44.010848Z  INFO herdr::logging: tab focused event="tab.focus" subsystem="tab" outcome="ok" workspace_id="wG" tab_id="wG:t1"
2026-07-30T19:38:44.398829Z  INFO herdr::logging: workspace focused event="workspace.focus" subsystem="workspace" outcome="ok" workspace_id="wM"
2026-07-30T19:38:44.398929Z  INFO herdr::logging: tab focused event="tab.focus" subsystem="tab" outcome="ok" workspace_id="wM" tab_id="wM:t1"
2026-07-30T19:38:44.843265Z  INFO herdr::logging: workspace focused event="workspace.focus" subsystem="workspace" outcome="ok" workspace_id="wG"
2026-07-30T19:38:44.843388Z  INFO herdr::logging: tab focused event="tab.focus" subsystem="tab" outcome="ok" workspace_id="wG" tab_id="wG:t1"
2026-07-30T19:38:45.247161Z  INFO herdr::logging: workspace focused event="workspace.focus" subsystem="workspace" outcome="ok" workspace_id="wM"
2026-07-30T19:38:45.247292Z  INFO herdr::logging: tab focused event="tab.focus" subsystem="tab" outcome="ok" workspace_id="wM" tab_id="wM:t1"
2026-07-30T19:38:45.698699Z  INFO herdr::logging: workspace focused event="workspace.focus" subsystem="workspace" outcome="ok" workspace_id="wG"
2026-07-30T19:38:45.698813Z  INFO herdr::logging: tab focused event="tab.focus" subsystem="tab" outcome="ok" workspace_id="wG" tab_id="wG:t1"
2026-07-30T19:38:46.052398Z  INFO herdr::logging: workspace focused event="workspace.focus" subsystem="workspace" outcome="ok" workspace_id="wM"
2026-07-30T19:38:46.052536Z  INFO herdr::logging: tab focused event="tab.focus" subsystem="tab" outcome="ok" workspace_id="wM" tab_id="wM:t1"
2026-07-30T19:38:46.960220Z  INFO herdr::logging: workspace focused event="workspace.focus" subsystem="workspace" outcome="ok" workspace_id="wG"
2026-07-30T19:38:46.960335Z  INFO herdr::logging: tab focused event="tab.focus" subsystem="tab" outcome="ok" workspace_id="wG" tab_id="wG:t1"
2026-07-30T19:38:47.282443Z  INFO herdr::logging: workspace focused event="workspace.focus" subsystem="workspace" outcome="ok" workspace_id="wM"
2026-07-30T19:38:47.282553Z  INFO herdr::logging: tab focused event="tab.focus" subsystem="tab" outcome="ok" workspace_id="wM" tab_id="wM:t1"
2026-07-30T19:38:50.710884Z  INFO herdr::logging: tab focused event="tab.focus" subsystem="tab" outcome="ok" workspace_id="wM" tab_id="wM:t1"
2026-07-30T19:38:55.720717Z  INFO herdr::logging: session saved event="persist.save" subsystem="persist" outcome="ok" path=/Users/alex/.config/herdr/session.json workspaces=2
2026-07-30T19:39:12.369671Z  INFO herdr::logging: tab focused event="tab.focus" subsystem="tab" outcome="ok" workspace_id="wM" tab_id="wM:t2"
2026-07-30T19:39:14.458235Z  INFO herdr::logging: api request received event="api.request.start" subsystem="api" outcome="started" request_id="cli:server:reload-config" method="server.reload_config" changes_ui=true
2026-07-30T19:39:14.458574Z  WARN herdr::config::keybinds: config diagnostic indexed keybinding must use 1..9: keys.focus_agent = "ctrl+a"; disabling binding
2026-07-30T19:39:14.458671Z  WARN herdr::app: unknown theme, falling back theme="catppuccin-frappe" fallback="catppuccin"
2026-07-30T19:39:14.458735Z  INFO herdr::logging: api request completed event="api.request.complete" subsystem="api" outcome="ok" request_id="cli:server:reload-config" method="server.reload_config"
2026-07-30T19:39:17.379595Z  INFO herdr::logging: session saved event="persist.save" subsystem="persist" outcome="ok" path=/Users/alex/.config/herdr/session.json workspaces=2
2026-07-30T19:39:20.349579Z  INFO herdr::logging: tab focused event="tab.focus" subsystem="tab" outcome="ok" workspace_id="wM" tab_id="wM:t1"
2026-07-30T19:39:25.353748Z  INFO herdr::logging: session saved event="persist.save" subsystem="persist" outcome="ok" path=/Users/alex/.config/herdr/session.json workspaces=2
2026-07-30T19:39:36.987243Z  INFO herdr::logging: tab focused event="tab.focus" subsystem="tab" outcome="ok" workspace_id="wM" tab_id="wM:t2"
2026-07-30T19:39:40.504389Z  INFO herdr::logging: api request received event="api.request.start" subsystem="api" outcome="started" request_id="cli:server:reload-config" method="server.reload_config" changes_ui=true
2026-07-30T19:39:40.504790Z  WARN herdr::app: unknown theme, falling back theme="catppuccin-frappe" fallback="catppuccin"
2026-07-30T19:39:40.504842Z  INFO herdr::logging: api request completed event="api.request.complete" subsystem="api" outcome="ok" request_id="cli:server:reload-config" method="server.reload_config"
2026-07-30T19:39:41.992244Z  INFO herdr::logging: session saved event="persist.save" subsystem="persist" outcome="ok" path=/Users/alex/.config/herdr/session.json workspaces=2
2026-07-30T19:39:42.996705Z  INFO herdr::logging: workspace focused event="workspace.focus" subsystem="workspace" outcome="ok" workspace_id="wG"
2026-07-30T19:39:42.996843Z  INFO herdr::logging: tab focused event="tab.focus" subsystem="tab" outcome="ok" workspace_id="wG" tab_id="wG:t1"
2026-07-30T19:39:48.004271Z  INFO herdr::logging: session saved event="persist.save" subsystem="persist" outcome="ok" path=/Users/alex/.config/herdr/session.json workspaces=2
2026-07-30T19:39:51.943591Z  INFO herdr::logging: tab focused event="tab.focus" subsystem="tab" outcome="ok" workspace_id="wG" tab_id="wG:t2"
2026-07-30T19:39:56.952597Z  INFO herdr::logging: session saved event="persist.save" subsystem="persist" outcome="ok" path=/Users/alex/.config/herdr/session.json workspaces=2
2026-07-30T19:39:58.106385Z  INFO herdr::logging: workspace focused event="workspace.focus" subsystem="workspace" outcome="ok" workspace_id="wM"
2026-07-30T19:39:58.106497Z  INFO herdr::logging: tab focused event="tab.focus" subsystem="tab" outcome="ok" workspace_id="wM" tab_id="wM:t2"
2026-07-30T19:40:00.204737Z  INFO herdr::logging: tab focused event="tab.focus" subsystem="tab" outcome="ok" workspace_id="wM" tab_id="wM:t1"
2026-07-30T19:40:05.212191Z  INFO herdr::logging: session saved event="persist.save" subsystem="persist" outcome="ok" path=/Users/alex/.config/herdr/session.json workspaces=2
2026-07-30T19:43:09.882729Z  INFO herdr::server::headless: client resize client_id=16 cols=146 rows=47 cell_width_px=0 cell_height_px=0
2026-07-30T19:43:09.984250Z  INFO herdr::server::headless: client resize client_id=16 cols=143 rows=47 cell_width_px=0 cell_height_px=0
2026-07-30T19:43:10.086829Z  INFO herdr::server::headless: client resize client_id=16 cols=141 rows=47 cell_width_px=0 cell_height_px=0
2026-07-30T19:43:10.188779Z  INFO herdr::server::headless: client resize client_id=16 cols=140 rows=47 cell_width_px=0 cell_height_px=0
2026-07-30T19:43:10.289008Z  INFO herdr::server::headless: client resize client_id=16 cols=136 rows=47 cell_width_px=0 cell_height_px=0
2026-07-30T19:43:10.390002Z  INFO herdr::server::headless: client resize client_id=16 cols=131 rows=47 cell_width_px=0 cell_height_px=0
2026-07-30T19:43:10.495113Z  INFO herdr::server::headless: client resize client_id=16 cols=126 rows=47 cell_width_px=0 cell_height_px=0
2026-07-30T19:43:10.600232Z  INFO herdr::server::headless: client resize client_id=16 cols=125 rows=47 cell_width_px=0 cell_height_px=0
2026-07-30T19:43:10.912857Z  INFO herdr::server::headless: client resize client_id=16 cols=120 rows=47 cell_width_px=0 cell_height_px=0
2026-07-30T19:43:11.013615Z  INFO herdr::server::headless: client resize client_id=16 cols=118 rows=47 cell_width_px=0 cell_height_px=0
2026-07-30T19:43:11.115383Z  INFO herdr::server::headless: client resize client_id=16 cols=115 rows=47 cell_width_px=0 cell_height_px=0
2026-07-30T19:43:11.215713Z  INFO herdr::server::headless: client resize client_id=16 cols=113 rows=47 cell_width_px=0 cell_height_px=0
2026-07-30T19:43:11.316555Z  INFO herdr::server::headless: client resize client_id=16 cols=111 rows=47 cell_width_px=0 cell_height_px=0
2026-07-30T19:43:11.417761Z  INFO herdr::server::headless: client resize client_id=16 cols=109 rows=47 cell_width_px=0 cell_height_px=0
2026-07-30T19:43:11.518496Z  INFO herdr::server::headless: client resize client_id=16 cols=105 rows=47 cell_width_px=0 cell_height_px=0
2026-07-30T19:43:11.623626Z  INFO herdr::server::headless: client resize client_id=16 cols=104 rows=47 cell_width_px=0 cell_height_px=0
2026-07-30T19:43:11.939012Z  INFO herdr::server::headless: client resize client_id=16 cols=103 rows=47 cell_width_px=0 cell_height_px=0
2026-07-30T19:43:12.040241Z  INFO herdr::server::headless: client resize client_id=16 cols=99 rows=47 cell_width_px=0 cell_height_px=0
2026-07-30T19:43:12.140672Z  INFO herdr::server::headless: client resize client_id=16 cols=97 rows=47 cell_width_px=0 cell_height_px=0
2026-07-30T19:43:12.241047Z  INFO herdr::server::headless: client resize client_id=16 cols=95 rows=47 cell_width_px=0 cell_height_px=0
2026-07-30T19:43:12.346162Z  INFO herdr::server::headless: client resize client_id=16 cols=93 rows=47 cell_width_px=0 cell_height_px=0
2026-07-30T19:43:12.446903Z  INFO herdr::server::headless: client resize client_id=16 cols=90 rows=47 cell_width_px=0 cell_height_px=0
2026-07-30T19:43:12.551309Z  INFO herdr::server::headless: client resize client_id=16 cols=85 rows=47 cell_width_px=0 cell_height_px=0
2026-07-30T19:43:12.656444Z  INFO herdr::server::headless: client resize client_id=16 cols=84 rows=47 cell_width_px=0 cell_height_px=0
2026-07-30T19:43:13.067216Z  INFO herdr::server::headless: client resize client_id=16 cols=83 rows=47 cell_width_px=0 cell_height_px=0
2026-07-30T19:43:13.167503Z  INFO herdr::server::headless: client resize client_id=16 cols=81 rows=47 cell_width_px=0 cell_height_px=0
2026-07-30T19:43:13.268631Z  INFO herdr::server::headless: client resize client_id=16 cols=80 rows=47 cell_width_px=0 cell_height_px=0
2026-07-30T19:43:13.369989Z  INFO herdr::server::headless: client resize client_id=16 cols=78 rows=47 cell_width_px=0 cell_height_px=0
2026-07-30T19:43:13.471867Z  INFO herdr::server::headless: client resize client_id=16 cols=76 rows=47 cell_width_px=0 cell_height_px=0
2026-07-30T19:43:13.572240Z  INFO herdr::server::headless: client resize client_id=16 cols=74 rows=47 cell_width_px=0 cell_height_px=0
2026-07-30T19:43:13.677311Z  INFO herdr::server::headless: client resize client_id=16 cols=73 rows=47 cell_width_px=0 cell_height_px=0
2026-07-30T19:43:13.778107Z  INFO herdr::server::headless: client resize client_id=16 cols=72 rows=47 cell_width_px=0 cell_height_px=0
2026-07-30T19:43:13.883218Z  INFO herdr::server::headless: client resize client_id=16 cols=71 rows=47 cell_width_px=0 cell_height_px=0
2026-07-30T19:43:13.988345Z  INFO herdr::server::headless: client resize client_id=16 cols=70 rows=47 cell_width_px=0 cell_height_px=0
2026-07-30T19:43:14.399302Z  INFO herdr::server::headless: client resize client_id=16 cols=69 rows=47 cell_width_px=0 cell_height_px=0
2026-07-30T19:43:14.504072Z  INFO herdr::server::headless: client resize client_id=16 cols=67 rows=47 cell_width_px=0 cell_height_px=0
2026-07-30T19:43:14.609111Z  INFO herdr::server::headless: client resize client_id=16 cols=65 rows=47 cell_width_px=0 cell_height_px=0
2026-07-30T19:43:14.818681Z  INFO herdr::server::headless: client resize client_id=16 cols=63 rows=47 cell_width_px=0 cell_height_px=0
2026-07-30T19:43:14.923825Z  INFO herdr::server::headless: client resize client_id=16 cols=62 rows=47 cell_width_px=0 cell_height_px=0
2026-07-30T19:43:15.026934Z  INFO herdr::server::headless: client resize client_id=16 cols=61 rows=47 cell_width_px=0 cell_height_px=0
2026-07-30T19:43:15.130256Z  INFO herdr::server::headless: client resize client_id=16 cols=60 rows=47 cell_width_px=0 cell_height_px=0
2026-07-30T19:43:15.231392Z  INFO herdr::server::headless: client resize client_id=16 cols=59 rows=47 cell_width_px=0 cell_height_px=0
2026-07-30T19:43:15.333133Z  INFO herdr::server::headless: client resize client_id=16 cols=58 rows=47 cell_width_px=0 cell_height_px=0
2026-07-30T19:43:16.163659Z  INFO herdr::server::headless: client resize client_id=16 cols=57 rows=47 cell_width_px=0 cell_height_px=0
2026-07-30T19:43:16.268673Z  INFO herdr::server::headless: client resize client_id=16 cols=55 rows=47 cell_width_px=0 cell_height_px=0
2026-07-30T19:43:16.373731Z  INFO herdr::server::headless: client resize client_id=16 cols=54 rows=47 cell_width_px=0 cell_height_px=0
2026-07-30T19:43:16.478851Z  INFO herdr::server::headless: client resize client_id=16 cols=53 rows=47 cell_width_px=0 cell_height_px=0
2026-07-30T19:43:16.583902Z  INFO herdr::server::headless: client resize client_id=16 cols=52 rows=47 cell_width_px=0 cell_height_px=0
2026-07-30T19:43:16.685732Z  INFO herdr::server::headless: client resize client_id=16 cols=50 rows=47 cell_width_px=0 cell_height_px=0
2026-07-30T19:43:16.790842Z  INFO herdr::server::headless: client resize client_id=16 cols=49 rows=47 cell_width_px=0 cell_height_px=0
2026-07-30T19:43:17.209514Z  INFO herdr::server::headless: client resize client_id=16 cols=48 rows=47 cell_width_px=0 cell_height_px=0
2026-07-30T19:43:17.314553Z  INFO herdr::server::headless: client resize client_id=16 cols=47 rows=47 cell_width_px=0 cell_height_px=0
2026-07-30T19:43:17.418656Z  INFO herdr::server::headless: client resize client_id=16 cols=45 rows=47 cell_width_px=0 cell_height_px=0
2026-07-30T19:43:17.523472Z  INFO herdr::server::headless: client resize client_id=16 cols=44 rows=47 cell_width_px=0 cell_height_px=0
2026-07-30T19:43:17.626274Z  INFO herdr::server::headless: client resize client_id=16 cols=43 rows=47 cell_width_px=0 cell_height_px=0
2026-07-30T19:43:17.729284Z  INFO herdr::server::headless: client resize client_id=16 cols=41 rows=47 cell_width_px=0 cell_height_px=0
2026-07-30T19:43:17.831703Z  INFO herdr::server::headless: client resize client_id=16 cols=40 rows=47 cell_width_px=0 cell_height_px=0
2026-07-30T19:43:17.935438Z  INFO herdr::server::headless: client resize client_id=16 cols=39 rows=47 cell_width_px=0 cell_height_px=0
2026-07-30T19:43:18.040196Z  INFO herdr::server::headless: client resize client_id=16 cols=38 rows=47 cell_width_px=0 cell_height_px=0
2026-07-30T19:43:18.460434Z  INFO herdr::server::headless: client resize client_id=16 cols=35 rows=47 cell_width_px=0 cell_height_px=0
2026-07-30T19:43:18.560651Z  INFO herdr::server::headless: client resize client_id=16 cols=33 rows=47 cell_width_px=0 cell_height_px=0
2026-07-30T19:43:18.664744Z  INFO herdr::server::headless: client resize client_id=16 cols=32 rows=47 cell_width_px=0 cell_height_px=0
2026-07-30T19:43:18.871897Z  INFO herdr::server::headless: client resize client_id=16 cols=31 rows=47 cell_width_px=0 cell_height_px=0
2026-07-30T19:43:18.976944Z  INFO herdr::server::headless: client resize client_id=16 cols=30 rows=47 cell_width_px=0 cell_height_px=0
2026-07-30T19:43:19.080267Z  INFO herdr::server::headless: client resize client_id=16 cols=28 rows=47 cell_width_px=0 cell_height_px=0
2026-07-30T19:43:19.180754Z  INFO herdr::server::headless: client resize client_id=16 cols=27 rows=47 cell_width_px=0 cell_height_px=0
2026-07-30T19:43:19.281938Z  INFO herdr::server::headless: client resize client_id=16 cols=26 rows=47 cell_width_px=0 cell_height_px=0
2026-07-30T19:43:19.385620Z  INFO herdr::server::headless: client resize client_id=16 cols=25 rows=47 cell_width_px=0 cell_height_px=0
2026-07-30T19:43:19.796984Z  INFO herdr::server::headless: client resize client_id=16 cols=27 rows=47 cell_width_px=0 cell_height_px=0
2026-07-30T19:43:19.899458Z  INFO herdr::server::headless: client resize client_id=16 cols=37 rows=47 cell_width_px=0 cell_height_px=0
2026-07-30T19:43:20.001260Z  INFO herdr::server::headless: client resize client_id=16 cols=50 rows=47 cell_width_px=0 cell_height_px=0
2026-07-30T19:43:20.101733Z  INFO herdr::server::headless: client resize client_id=16 cols=65 rows=47 cell_width_px=0 cell_height_px=0
2026-07-30T19:43:20.202915Z  INFO herdr::server::headless: client resize client_id=16 cols=69 rows=47 cell_width_px=0 cell_height_px=0
2026-07-30T19:43:20.308024Z  INFO herdr::server::headless: client resize client_id=16 cols=71 rows=47 cell_width_px=0 cell_height_px=0
2026-07-30T19:43:20.413076Z  INFO herdr::server::headless: client resize client_id=16 cols=72 rows=47 cell_width_px=0 cell_height_px=0
2026-07-30T19:43:21.246012Z  INFO herdr::server::headless: client resize client_id=16 cols=151 rows=47 cell_width_px=0 cell_height_px=0
2026-07-30T19:43:42.397609Z  INFO herdr::logging: tab focused event="tab.focus" subsystem="tab" outcome="ok" workspace_id="wM" tab_id="wM:t2"
2026-07-30T19:43:44.086306Z  INFO herdr::logging: api request received event="api.request.start" subsystem="api" outcome="started" request_id="cli:server:reload-config" method="server.reload_config" changes_ui=true
2026-07-30T19:43:44.086768Z  WARN herdr::app: unknown theme, falling back theme="catppuccin-frappe" fallback="catppuccin"
2026-07-30T19:43:44.086833Z  INFO herdr::logging: api request completed event="api.request.complete" subsystem="api" outcome="ok" request_id="cli:server:reload-config" method="server.reload_config"
2026-07-30T19:43:47.406513Z  INFO herdr::logging: session saved event="persist.save" subsystem="persist" outcome="ok" path=/Users/alex/.config/herdr/session.json workspaces=2
2026-07-30T19:43:47.850764Z  INFO herdr::app::actions: copied selection to clipboard
2026-07-30T19:43:59.499678Z  INFO herdr::logging: tab focused event="tab.focus" subsystem="tab" outcome="ok" workspace_id="wM" tab_id="wM:t1"
2026-07-30T19:44:03.358077Z  INFO herdr::logging: checking for updates event="update.check.start" subsystem="update" outcome="started"
2026-07-30T19:44:04.518015Z  INFO herdr::logging: session saved event="persist.save" subsystem="persist" outcome="ok" path=/Users/alex/.config/herdr/session.json workspaces=2
2026-07-30T19:45:00.001588Z  INFO herdr::logging: tab focused event="tab.focus" subsystem="tab" outcome="ok" workspace_id="wM" tab_id="wM:t2"
2026-07-30T19:45:00.959400Z  INFO herdr::logging: api request received event="api.request.start" subsystem="api" outcome="started" request_id="cli:server:reload-config" method="server.reload_config" changes_ui=true
2026-07-30T19:45:00.959863Z  WARN herdr::app: unknown theme, falling back theme="catppuccin-frappe" fallback="catppuccin"
2026-07-30T19:45:00.959937Z  INFO herdr::logging: api request completed event="api.request.complete" subsystem="api" outcome="ok" request_id="cli:server:reload-config" method="server.reload_config"
2026-07-30T19:45:02.335402Z  INFO herdr::logging: tab focused event="tab.focus" subsystem="tab" outcome="ok" workspace_id="wM" tab_id="wM:t1"
2026-07-30T19:45:07.342501Z  INFO herdr::logging: session saved event="persist.save" subsystem="persist" outcome="ok" path=/Users/alex/.config/herdr/session.json workspaces=2
2026-07-30T19:45:15.312052Z  INFO herdr::logging: tab focused event="tab.focus" subsystem="tab" outcome="ok" workspace_id="wM" tab_id="wM:t2"
2026-07-30T19:45:16.231991Z  INFO herdr::logging: api request received event="api.request.start" subsystem="api" outcome="started" request_id="cli:server:reload-config" method="server.reload_config" changes_ui=true
2026-07-30T19:45:16.232438Z  WARN herdr::app: unknown theme, falling back theme="catppuccin-frappe" fallback="catppuccin"
2026-07-30T19:45:16.232509Z  INFO herdr::logging: api request completed event="api.request.complete" subsystem="api" outcome="ok" request_id="cli:server:reload-config" method="server.reload_config"
2026-07-30T19:45:16.831945Z  INFO herdr::logging: tab focused event="tab.focus" subsystem="tab" outcome="ok" workspace_id="wM" tab_id="wM:t1"
2026-07-30T19:45:21.837812Z  INFO herdr::logging: session saved event="persist.save" subsystem="persist" outcome="ok" path=/Users/alex/.config/herdr/session.json workspaces=2
2026-07-30T19:47:33.386736Z  INFO herdr::logging: tab focused event="tab.focus" subsystem="tab" outcome="ok" workspace_id="wM" tab_id="wM:t2"
2026-07-30T19:47:34.398474Z  INFO herdr::logging: api request received event="api.request.start" subsystem="api" outcome="started" request_id="cli:server:reload-config" method="server.reload_config" changes_ui=true
2026-07-30T19:47:34.398861Z  WARN herdr::app: unknown theme, falling back theme="catppuccin-frappe" fallback="catppuccin"
2026-07-30T19:47:34.398930Z  INFO herdr::logging: api request completed event="api.request.complete" subsystem="api" outcome="ok" request_id="cli:server:reload-config" method="server.reload_config"
2026-07-30T19:47:38.396974Z  INFO herdr::logging: session saved event="persist.save" subsystem="persist" outcome="ok" path=/Users/alex/.config/herdr/session.json workspaces=2
2026-07-30T19:47:46.005264Z  INFO herdr::logging: tab focused event="tab.focus" subsystem="tab" outcome="ok" workspace_id="wM" tab_id="wM:t1"
2026-07-30T19:47:51.013313Z  INFO herdr::logging: session saved event="persist.save" subsystem="persist" outcome="ok" path=/Users/alex/.config/herdr/session.json workspaces=2
2026-07-30T19:48:01.983051Z  INFO herdr::logging: tab focused event="tab.focus" subsystem="tab" outcome="ok" workspace_id="wM" tab_id="wM:t2"
2026-07-30T19:48:03.322750Z  INFO herdr::logging: api request received event="api.request.start" subsystem="api" outcome="started" request_id="cli:server:reload-config" method="server.reload_config" changes_ui=true
2026-07-30T19:48:03.323155Z  WARN herdr::app: unknown theme, falling back theme="catppuccin-frappe" fallback="catppuccin"
2026-07-30T19:48:03.323228Z  INFO herdr::logging: api request completed event="api.request.complete" subsystem="api" outcome="ok" request_id="cli:server:reload-config" method="server.reload_config"
2026-07-30T19:48:04.341485Z  INFO herdr::logging: tab focused event="tab.focus" subsystem="tab" outcome="ok" workspace_id="wM" tab_id="wM:t1"
2026-07-30T19:48:07.124159Z  INFO herdr::logging: tab focused event="tab.focus" subsystem="tab" outcome="ok" workspace_id="wM" tab_id="wM:t1"
2026-07-30T19:48:12.133590Z  INFO herdr::logging: session saved event="persist.save" subsystem="persist" outcome="ok" path=/Users/alex/.config/herdr/session.json workspaces=2
2026-07-30T19:48:17.626725Z  INFO herdr::logging: tab focused event="tab.focus" subsystem="tab" outcome="ok" workspace_id="wM" tab_id="wM:t2"
2026-07-30T19:48:22.632244Z  INFO herdr::logging: session saved event="persist.save" subsystem="persist" outcome="ok" path=/Users/alex/.config/herdr/session.json workspaces=2
2026-07-30T19:48:27.291540Z  INFO herdr::logging: tab focused event="tab.focus" subsystem="tab" outcome="ok" workspace_id="wM" tab_id="wM:t1"
2026-07-30T19:48:32.297240Z  INFO herdr::logging: session saved event="persist.save" subsystem="persist" outcome="ok" path=/Users/alex/.config/herdr/session.json workspaces=2
2026-07-30T19:48:51.115848Z  INFO herdr::logging: workspace focused event="workspace.focus" subsystem="workspace" outcome="ok" workspace_id="wG"
2026-07-30T19:48:51.115900Z  INFO herdr::logging: tab focused event="tab.focus" subsystem="tab" outcome="ok" workspace_id="wG" tab_id="wG:t2"
2026-07-30T19:48:56.120714Z  INFO herdr::logging: session saved event="persist.save" subsystem="persist" outcome="ok" path=/Users/alex/.config/herdr/session.json workspaces=2
2026-07-30T19:49:01.111632Z  INFO herdr::logging: tab focused event="tab.focus" subsystem="tab" outcome="ok" workspace_id="wG" tab_id="wG:t1"
2026-07-30T19:49:06.120666Z  INFO herdr::logging: session saved event="persist.save" subsystem="persist" outcome="ok" path=/Users/alex/.config/herdr/session.json workspaces=2
2026-07-30T19:49:09.041933Z  INFO herdr::logging: workspace focused event="workspace.focus" subsystem="workspace" outcome="ok" workspace_id="wM"
2026-07-30T19:49:09.042031Z  INFO herdr::logging: tab focused event="tab.focus" subsystem="tab" outcome="ok" workspace_id="wM" tab_id="wM:t1"
2026-07-30T19:49:10.266395Z  INFO herdr::logging: workspace focused event="workspace.focus" subsystem="workspace" outcome="ok" workspace_id="wG"
2026-07-30T19:49:10.266522Z  INFO herdr::logging: tab focused event="tab.focus" subsystem="tab" outcome="ok" workspace_id="wG" tab_id="wG:t1"
2026-07-30T19:49:10.634325Z  INFO herdr::logging: workspace focused event="workspace.focus" subsystem="workspace" outcome="ok" workspace_id="wM"
2026-07-30T19:49:10.634456Z  INFO herdr::logging: tab focused event="tab.focus" subsystem="tab" outcome="ok" workspace_id="wM" tab_id="wM:t1"
2026-07-30T19:49:15.070955Z  INFO herdr::logging: workspace focused event="workspace.focus" subsystem="workspace" outcome="ok" workspace_id="wG"
2026-07-30T19:49:15.071082Z  INFO herdr::logging: tab focused event="tab.focus" subsystem="tab" outcome="ok" workspace_id="wG" tab_id="wG:t1"
2026-07-30T19:49:15.740566Z  INFO herdr::logging: workspace focused event="workspace.focus" subsystem="workspace" outcome="ok" workspace_id="wM"
2026-07-30T19:49:15.740705Z  INFO herdr::logging: tab focused event="tab.focus" subsystem="tab" outcome="ok" workspace_id="wM" tab_id="wM:t1"
2026-07-30T19:49:20.746713Z  INFO herdr::logging: session saved event="persist.save" subsystem="persist" outcome="ok" path=/Users/alex/.config/herdr/session.json workspaces=2
2026-07-30T19:49:21.159811Z  INFO herdr::logging: tab focused event="tab.focus" subsystem="tab" outcome="ok" workspace_id="wM" tab_id="wM:t1"
2026-07-30T19:49:26.169815Z  INFO herdr::logging: session saved event="persist.save" subsystem="persist" outcome="ok" path=/Users/alex/.config/herdr/session.json workspaces=2
2026-07-30T19:49:40.543029Z  INFO herdr::logging: tab focused event="tab.focus" subsystem="tab" outcome="ok" workspace_id="wM" tab_id="wM:t2"
2026-07-30T19:49:42.271745Z  INFO herdr::logging: api request received event="api.request.start" subsystem="api" outcome="started" request_id="cli:server:reload-config" method="server.reload_config" changes_ui=true
2026-07-30T19:49:42.272199Z  WARN herdr::app: unknown theme, falling back theme="catppuccin-frappe" fallback="catppuccin"
2026-07-30T19:49:42.272278Z  INFO herdr::logging: api request completed event="api.request.complete" subsystem="api" outcome="ok" request_id="cli:server:reload-config" method="server.reload_config"
2026-07-30T19:49:44.682217Z  INFO herdr::logging: workspace focused event="workspace.focus" subsystem="workspace" outcome="ok" workspace_id="wG"
2026-07-30T19:49:44.682358Z  INFO herdr::logging: tab focused event="tab.focus" subsystem="tab" outcome="ok" workspace_id="wG" tab_id="wG:t1"
2026-07-30T19:49:45.237285Z  INFO herdr::logging: workspace focused event="workspace.focus" subsystem="workspace" outcome="ok" workspace_id="wM"
2026-07-30T19:49:45.237455Z  INFO herdr::logging: tab focused event="tab.focus" subsystem="tab" outcome="ok" workspace_id="wM" tab_id="wM:t2"
2026-07-30T19:49:46.523340Z  INFO herdr::logging: workspace focused event="workspace.focus" subsystem="workspace" outcome="ok" workspace_id="wG"
2026-07-30T19:49:46.523443Z  INFO herdr::logging: tab focused event="tab.focus" subsystem="tab" outcome="ok" workspace_id="wG" tab_id="wG:t1"
2026-07-30T19:49:47.378191Z  INFO herdr::logging: workspace focused event="workspace.focus" subsystem="workspace" outcome="ok" workspace_id="wM"
2026-07-30T19:49:47.378302Z  INFO herdr::logging: tab focused event="tab.focus" subsystem="tab" outcome="ok" workspace_id="wM" tab_id="wM:t2"
2026-07-30T19:49:49.556883Z  INFO herdr::logging: tab focused event="tab.focus" subsystem="tab" outcome="ok" workspace_id="wM" tab_id="wM:t1"
2026-07-30T19:49:54.561950Z  INFO herdr::logging: session saved event="persist.save" subsystem="persist" outcome="ok" path=/Users/alex/.config/herdr/session.json workspaces=2
2026-07-30T19:50:22.089178Z  INFO herdr::server::headless: client detach requested via keybind client_id=16
2026-07-30T19:50:22.096567Z  INFO herdr::server::headless: client disconnected client_id=16
2026-07-30T19:51:10.706444Z  INFO herdr::server::headless: server shutdown initiated
2026-07-30T19:51:10.759356Z  INFO herdr::server::headless: completing server shutdown
2026-07-30T19:51:10.760776Z  INFO herdr::logging: session saved event="persist.save" subsystem="persist" outcome="ok" path=/Users/alex/.config/herdr/session.json workspaces=2
2026-07-30T19:51:10.760814Z  INFO herdr::server::headless: headless server exiting
2026-07-30T19:51:10.764553Z  INFO herdr::logging: pane child exited event="pane.exit" subsystem="pane" outcome="completed" pane_id=11 status="ExitStatus { code: 1, signal: None }"
2026-07-30T19:51:10.785334Z  INFO herdr::pane: pane session terminated pane=11 pid=22104 signal=Hangup
2026-07-30T19:51:10.789495Z  INFO herdr::logging: pane child exited event="pane.exit" subsystem="pane" outcome="completed" pane_id=9 status="ExitStatus { code: 1, signal: None }"
2026-07-30T19:51:10.809717Z  INFO herdr::pane: pane session terminated pane=9 pid=22093 signal=Hangup
2026-07-30T19:51:10.811946Z  INFO herdr::logging: pane child exited event="pane.exit" subsystem="pane" outcome="completed" pane_id=25 status="ExitStatus { code: 1, signal: None }"
2026-07-30T19:51:10.834696Z  INFO herdr::pane: pane session terminated pane=25 pid=56337 signal=Hangup
2026-07-30T19:51:10.836370Z  INFO herdr::logging: pane child exited event="pane.exit" subsystem="pane" outcome="completed" pane_id=26 status="ExitStatus { code: 1, signal: None }"
2026-07-30T19:51:11.401753Z  INFO herdr::pane: pane session terminated pane=26 pid=56342 signal=Kill
2026-07-30T19:51:11.403719Z  INFO herdr::logging: pane child exited event="pane.exit" subsystem="pane" outcome="completed" pane_id=10 status="ExitStatus { code: 1, signal: None }"
2026-07-30T19:51:11.698410Z  INFO herdr::pane: pane session terminated pane=10 pid=22098 signal=Terminate
2026-07-30T19:51:11.700127Z  INFO herdr::logging: pane child exited event="pane.exit" subsystem="pane" outcome="completed" pane_id=27 status="ExitStatus { code: 1, signal: None }"
2026-07-30T19:51:11.724078Z  INFO herdr::pane: pane session terminated pane=27 pid=56346 signal=Hangup
2026-07-30T19:51:11.724795Z  INFO herdr::logging: herdr exiting event="app.shutdown" subsystem="server" outcome="completed" pid=19938
2026-07-30T20:23:04.176517Z  INFO herdr::platform::macos: raised server file descriptor soft limit previous=256 target=8192
2026-07-30T20:23:04.177526Z  INFO herdr::api::server: api server listening path=/Users/alex/.config/herdr/herdr.sock
2026-07-30T20:23:04.178312Z  INFO herdr::logging: spawning pane terminal event="pane.spawn.start" subsystem="pane" outcome="started" pane_id=1 rows=24 cols=80 scrollback_limit_bytes=10000000
2026-07-30T20:23:04.181469Z  INFO herdr::logging: pane child spawned event="pane.spawned" subsystem="pane" outcome="ok" pane_id=1 pid=86546
2026-07-30T20:23:04.181690Z  INFO herdr::logging: spawning pane terminal event="pane.spawn.start" subsystem="pane" outcome="started" pane_id=3 rows=24 cols=80 scrollback_limit_bytes=10000000
2026-07-30T20:23:04.184006Z  INFO herdr::logging: pane child spawned event="pane.spawned" subsystem="pane" outcome="ok" pane_id=3 pid=86547
2026-07-30T20:23:04.184590Z  INFO herdr::logging: spawning pane terminal event="pane.spawn.start" subsystem="pane" outcome="started" pane_id=4 rows=24 cols=80 scrollback_limit_bytes=10000000
2026-07-30T20:23:04.186942Z  INFO herdr::logging: pane child spawned event="pane.spawned" subsystem="pane" outcome="ok" pane_id=4 pid=86548
2026-07-30T20:23:04.187087Z  INFO herdr::logging: spawning pane terminal event="pane.spawn.start" subsystem="pane" outcome="started" pane_id=6 rows=24 cols=80 scrollback_limit_bytes=10000000
2026-07-30T20:23:04.189315Z  INFO herdr::logging: pane child spawned event="pane.spawned" subsystem="pane" outcome="ok" pane_id=6 pid=86549
2026-07-30T20:23:04.189579Z  INFO herdr::logging: session restore evaluated event="persist.restore" subsystem="persist" outcome="ok" workspaces=2
2026-07-30T20:23:04.189595Z  INFO herdr::app: using pane scrollback configuration pane_scrollback_limit_bytes=10000000
2026-07-30T20:23:04.212847Z  WARN herdr::app: unknown theme, falling back theme="catppuccin-frappe" fallback="catppuccin"
2026-07-30T20:23:04.214808Z  INFO herdr::logging: checking for updates event="update.check.start" subsystem="update" outcome="started"
2026-07-30T20:23:04.220063Z  INFO herdr::server::headless: restored session already has workspaces; ignoring startup cwd cwd=/Users/alex/.dotfiles
2026-07-30T20:23:04.220208Z  INFO herdr::server::headless: client protocol socket listening path=/Users/alex/.config/herdr/herdr-client.sock
2026-07-30T20:23:04.220229Z  INFO herdr::server::headless: herdr server started api_socket=/Users/alex/.config/herdr/herdr.sock client_socket=/Users/alex/.config/herdr/herdr-client.sock
2026-07-30T20:23:04.220330Z  INFO herdr::logging: herdr starting event="app.startup" subsystem="server" outcome="started" pid=86545
2026-07-30T20:23:04.221176Z  INFO herdr::server::headless: client connected client_id=2 cols=151 rows=47 cell_width_px=0 cell_height_px=0 render_encoding=SemanticFrame
2026-07-30T20:23:04.222055Z  WARN herdr::app: unknown theme, falling back theme="catppuccin-frappe" fallback="catppuccin"
2026-07-30T20:23:04.238353Z  INFO herdr::logging: spawning pane terminal event="pane.spawn.start" subsystem="pane" outcome="started" pane_id=2 rows=44 cols=36 scrollback_limit_bytes=10000000
2026-07-30T20:23:04.241132Z  INFO herdr::logging: pane child spawned event="pane.spawned" subsystem="pane" outcome="ok" pane_id=2 pid=86625
2026-07-30T20:23:04.241286Z  INFO herdr::logging: spawning pane terminal event="pane.spawn.start" subsystem="pane" outcome="started" pane_id=5 rows=44 cols=37 scrollback_limit_bytes=10000000
2026-07-30T20:23:04.243078Z  INFO herdr::logging: pane child spawned event="pane.spawned" subsystem="pane" outcome="ok" pane_id=5 pid=86626
2026-07-30T20:23:04.798736Z  INFO herdr::pane: agent changed pane=5 previous_agent=None agent=Some(Claude) process=claude pgid=Some(86936)
2026-07-30T20:23:04.798736Z  INFO herdr::pane: agent changed pane=2 previous_agent=None agent=Some(Claude) process=claude pgid=Some(86935)
2026-07-30T20:23:06.326596Z  INFO herdr::pane: agent changed pane=2 previous_agent=Some(Claude) agent=None pgid=Some(86625)
2026-07-30T20:23:11.027031Z  INFO herdr::logging: session saved event="persist.save" subsystem="persist" outcome="ok" path=/Users/alex/.config/herdr/session.json workspaces=2
2026-07-30T20:23:11.490176Z  INFO herdr::logging: api request received event="api.request.start" subsystem="api" outcome="started" request_id="cli:plugin" method="plugin.pane.open" changes_ui=true
2026-07-30T20:23:11.491163Z  INFO herdr::logging: spawning pane terminal event="pane.spawn.start" subsystem="pane" outcome="started" pane_id=7 rows=46 cols=92 scrollback_limit_bytes=10000000
2026-07-30T20:23:11.495083Z  INFO herdr::logging: pane child spawned event="pane.spawned" subsystem="pane" outcome="ok" pane_id=7 pid=87328
2026-07-30T20:23:11.495240Z  INFO herdr::logging: tab focused event="tab.focus" subsystem="tab" outcome="ok" workspace_id="wM" tab_id="wM:t1"
2026-07-30T20:23:11.495712Z  INFO herdr::logging: api request completed event="api.request.complete" subsystem="api" outcome="ok" request_id="cli:plugin" method="plugin.pane.open"
2026-07-30T20:23:11.500115Z  INFO herdr::logging: pane child exited event="pane.exit" subsystem="pane" outcome="completed" pane_id=7 status="ExitStatus { code: 1, signal: None }"
2026-07-30T20:23:11.500360Z  INFO herdr::pane: pane session terminated pane=7 pid=87328 signal=Hangup
2026-07-30T20:23:16.507741Z  INFO herdr::logging: session saved event="persist.save" subsystem="persist" outcome="ok" path=/Users/alex/.config/herdr/session.json workspaces=2
2026-07-30T20:23:16.881227Z  INFO herdr::logging: tab focused event="tab.focus" subsystem="tab" outcome="ok" workspace_id="wM" tab_id="wM:t1"
2026-07-30T20:23:21.887333Z  INFO herdr::logging: session saved event="persist.save" subsystem="persist" outcome="ok" path=/Users/alex/.config/herdr/session.json workspaces=2
2026-07-30T20:23:21.993069Z  INFO herdr::logging: api request received event="api.request.start" subsystem="api" outcome="started" request_id="cli:server:reload-config" method="server.reload_config" changes_ui=true
2026-07-30T20:23:21.993559Z  WARN herdr::app: unknown theme, falling back theme="catppuccin-frappe" fallback="catppuccin"
2026-07-30T20:23:21.993627Z  INFO herdr::logging: api request completed event="api.request.complete" subsystem="api" outcome="ok" request_id="cli:server:reload-config" method="server.reload_config"
2026-07-30T20:23:29.188029Z  INFO herdr::logging: api request received event="api.request.start" subsystem="api" outcome="started" request_id="cli:plugin" method="plugin.pane.open" changes_ui=true
2026-07-30T20:23:29.188995Z  INFO herdr::logging: spawning pane terminal event="pane.spawn.start" subsystem="pane" outcome="started" pane_id=8 rows=46 cols=92 scrollback_limit_bytes=10000000
2026-07-30T20:23:29.193181Z  INFO herdr::logging: pane child spawned event="pane.spawned" subsystem="pane" outcome="ok" pane_id=8 pid=87358
2026-07-30T20:23:29.193355Z  INFO herdr::logging: tab focused event="tab.focus" subsystem="tab" outcome="ok" workspace_id="wM" tab_id="wM:t1"
2026-07-30T20:23:29.194069Z  INFO herdr::logging: api request completed event="api.request.complete" subsystem="api" outcome="ok" request_id="cli:plugin" method="plugin.pane.open"
2026-07-30T20:23:29.199230Z  INFO herdr::logging: pane child exited event="pane.exit" subsystem="pane" outcome="completed" pane_id=8 status="ExitStatus { code: 1, signal: None }"
2026-07-30T20:23:29.199679Z  INFO herdr::pane: pane session terminated pane=8 pid=87358 signal=Hangup
2026-07-30T20:23:31.319470Z  INFO herdr::logging: api request received event="api.request.start" subsystem="api" outcome="started" request_id="cli:plugin" method="plugin.pane.open" changes_ui=true
2026-07-30T20:23:31.320456Z  INFO herdr::logging: spawning pane terminal event="pane.spawn.start" subsystem="pane" outcome="started" pane_id=9 rows=46 cols=92 scrollback_limit_bytes=10000000
2026-07-30T20:23:31.324389Z  INFO herdr::logging: pane child spawned event="pane.spawned" subsystem="pane" outcome="ok" pane_id=9 pid=87361
2026-07-30T20:23:31.324540Z  INFO herdr::logging: tab focused event="tab.focus" subsystem="tab" outcome="ok" workspace_id="wM" tab_id="wM:t1"
2026-07-30T20:23:31.325177Z  INFO herdr::logging: api request completed event="api.request.complete" subsystem="api" outcome="ok" request_id="cli:plugin" method="plugin.pane.open"
2026-07-30T20:23:31.330439Z  INFO herdr::logging: pane child exited event="pane.exit" subsystem="pane" outcome="completed" pane_id=9 status="ExitStatus { code: 1, signal: None }"
2026-07-30T20:23:31.330876Z  INFO herdr::pane: pane session terminated pane=9 pid=87361 signal=Hangup
2026-07-30T20:23:33.053832Z  INFO herdr::logging: api request received event="api.request.start" subsystem="api" outcome="started" request_id="cli:plugin" method="plugin.pane.open" changes_ui=true
2026-07-30T20:23:33.054740Z  INFO herdr::logging: spawning pane terminal event="pane.spawn.start" subsystem="pane" outcome="started" pane_id=10 rows=46 cols=92 scrollback_limit_bytes=10000000
2026-07-30T20:23:33.058664Z  INFO herdr::logging: pane child spawned event="pane.spawned" subsystem="pane" outcome="ok" pane_id=10 pid=87367
2026-07-30T20:23:33.058886Z  INFO herdr::logging: tab focused event="tab.focus" subsystem="tab" outcome="ok" workspace_id="wM" tab_id="wM:t1"
2026-07-30T20:23:33.059642Z  INFO herdr::logging: api request completed event="api.request.complete" subsystem="api" outcome="ok" request_id="cli:plugin" method="plugin.pane.open"
2026-07-30T20:23:33.065197Z  INFO herdr::logging: pane child exited event="pane.exit" subsystem="pane" outcome="completed" pane_id=10 status="ExitStatus { code: 1, signal: None }"
2026-07-30T20:23:33.065632Z  INFO herdr::pane: pane session terminated pane=10 pid=87367 signal=Hangup
2026-07-30T20:23:37.149513Z  INFO herdr::logging: tab focused event="tab.focus" subsystem="tab" outcome="ok" workspace_id="wM" tab_id="wM:t1"
2026-07-30T20:23:39.646945Z  INFO herdr::logging: api request received event="api.request.start" subsystem="api" outcome="started" request_id="cli:plugin" method="plugin.pane.open" changes_ui=true
2026-07-30T20:23:39.648111Z  INFO herdr::logging: spawning pane terminal event="pane.spawn.start" subsystem="pane" outcome="started" pane_id=11 rows=46 cols=92 scrollback_limit_bytes=10000000
2026-07-30T20:23:39.652258Z  INFO herdr::logging: pane child spawned event="pane.spawned" subsystem="pane" outcome="ok" pane_id=11 pid=87370
2026-07-30T20:23:39.652439Z  INFO herdr::logging: tab focused event="tab.focus" subsystem="tab" outcome="ok" workspace_id="wM" tab_id="wM:t1"
2026-07-30T20:23:39.653150Z  INFO herdr::logging: api request completed event="api.request.complete" subsystem="api" outcome="ok" request_id="cli:plugin" method="plugin.pane.open"
2026-07-30T20:23:39.658585Z  INFO herdr::logging: pane child exited event="pane.exit" subsystem="pane" outcome="completed" pane_id=11 status="ExitStatus { code: 1, signal: None }"
2026-07-30T20:23:39.658971Z  INFO herdr::pane: pane session terminated pane=11 pid=87370 signal=Hangup
2026-07-30T20:23:41.524370Z  INFO herdr::logging: api request received event="api.request.start" subsystem="api" outcome="started" request_id="cli:plugin" method="plugin.pane.open" changes_ui=true
2026-07-30T20:23:41.525380Z  INFO herdr::logging: spawning pane terminal event="pane.spawn.start" subsystem="pane" outcome="started" pane_id=12 rows=46 cols=92 scrollback_limit_bytes=10000000
2026-07-30T20:23:41.529208Z  INFO herdr::logging: pane child spawned event="pane.spawned" subsystem="pane" outcome="ok" pane_id=12 pid=87376
2026-07-30T20:23:41.529400Z  INFO herdr::logging: tab focused event="tab.focus" subsystem="tab" outcome="ok" workspace_id="wM" tab_id="wM:t1"
2026-07-30T20:23:41.530026Z  INFO herdr::logging: api request completed event="api.request.complete" subsystem="api" outcome="ok" request_id="cli:plugin" method="plugin.pane.open"
2026-07-30T20:23:41.535409Z  INFO herdr::logging: pane child exited event="pane.exit" subsystem="pane" outcome="completed" pane_id=12 status="ExitStatus { code: 1, signal: None }"
2026-07-30T20:23:41.535838Z  INFO herdr::pane: pane session terminated pane=12 pid=87376 signal=Hangup
2026-07-30T20:23:42.751472Z  INFO herdr::logging: tab focused event="tab.focus" subsystem="tab" outcome="ok" workspace_id="wM" tab_id="wM:t1"
2026-07-30T20:23:47.757485Z  INFO herdr::logging: session saved event="persist.save" subsystem="persist" outcome="ok" path=/Users/alex/.config/herdr/session.json workspaces=2
2026-07-30T20:23:49.767353Z  INFO herdr::server::headless: client detach requested via keybind client_id=2
2026-07-30T20:23:49.770844Z  INFO herdr::server::headless: client disconnected client_id=2
2026-07-30T20:23:52.591066Z  INFO herdr::server::headless: client connected client_id=4 cols=151 rows=47 cell_width_px=0 cell_height_px=0 render_encoding=SemanticFrame
2026-07-30T20:23:52.591154Z  WARN herdr::app: unknown theme, falling back theme="catppuccin-frappe" fallback="catppuccin"
2026-07-30T20:23:52.595027Z  WARN herdr::app: unknown theme, falling back theme="catppuccin-frappe" fallback="catppuccin"
2026-07-30T20:24:26.101750Z  INFO herdr::logging: workspace closed event="workspace.close" subsystem="workspace" outcome="ok" workspace_id="wM"
2026-07-30T20:24:26.107183Z  INFO herdr::logging: pane child exited event="pane.exit" subsystem="pane" outcome="completed" pane_id=5 status="ExitStatus { code: 1, signal: None }"
2026-07-30T20:24:26.656229Z  INFO herdr::pane: pane session terminated pane=5 pid=86626 signal=Kill
2026-07-30T20:24:26.658335Z  INFO herdr::logging: pane child exited event="pane.exit" subsystem="pane" outcome="completed" pane_id=4 status="ExitStatus { code: 1, signal: None }"
2026-07-30T20:24:26.679531Z  INFO herdr::pane: pane session terminated pane=4 pid=86548 signal=Hangup
2026-07-30T20:24:26.680722Z  INFO herdr::logging: pane child exited event="pane.exit" subsystem="pane" outcome="completed" pane_id=6 status="ExitStatus { code: 1, signal: None }"
2026-07-30T20:24:26.704863Z  INFO herdr::pane: pane session terminated pane=6 pid=86549 signal=Hangup
2026-07-30T20:24:26.705789Z  WARN herdr::app::actions: PaneDied for unknown pane pane=5
2026-07-30T20:24:26.705802Z  WARN herdr::app::actions: PaneDied for unknown pane pane=4
2026-07-30T20:24:26.705806Z  WARN herdr::app::actions: PaneDied for unknown pane pane=6
2026-07-30T20:24:28.942838Z  INFO herdr::logging: workspace closed event="workspace.close" subsystem="workspace" outcome="ok" workspace_id="wG"
2026-07-30T20:24:28.945281Z  INFO herdr::logging: pane child exited event="pane.exit" subsystem="pane" outcome="completed" pane_id=2 status="ExitStatus { code: 1, signal: None }"
2026-07-30T20:24:28.967790Z  INFO herdr::pane: pane session terminated pane=2 pid=86625 signal=Hangup
2026-07-30T20:24:28.970204Z  INFO herdr::logging: pane child exited event="pane.exit" subsystem="pane" outcome="completed" pane_id=1 status="ExitStatus { code: 1, signal: None }"
2026-07-30T20:24:28.990202Z  INFO herdr::pane: pane session terminated pane=1 pid=86546 signal=Hangup
2026-07-30T20:24:28.992521Z  INFO herdr::logging: pane child exited event="pane.exit" subsystem="pane" outcome="completed" pane_id=3 status="ExitStatus { code: 1, signal: None }"
2026-07-30T20:24:29.014428Z  INFO herdr::pane: pane session terminated pane=3 pid=86547 signal=Hangup
2026-07-30T20:24:29.015066Z  WARN herdr::app::actions: PaneDied for unknown pane pane=2
2026-07-30T20:24:29.015078Z  WARN herdr::app::actions: PaneDied for unknown pane pane=1
2026-07-30T20:24:29.015084Z  WARN herdr::app::actions: PaneDied for unknown pane pane=3
2026-07-30T20:24:29.015147Z  INFO herdr::logging: spawning pane terminal event="pane.spawn.start" subsystem="pane" outcome="started" pane_id=13 rows=46 cols=92 scrollback_limit_bytes=10000000
2026-07-30T20:24:29.020463Z  INFO herdr::logging: pane child spawned event="pane.spawned" subsystem="pane" outcome="ok" pane_id=13 pid=88816
2026-07-30T20:24:29.020675Z  INFO herdr::logging: workspace created event="workspace.create" subsystem="workspace" outcome="ok" workspace_id="wN" pane_id=13
2026-07-30T20:24:29.020684Z  INFO herdr::logging: workspace focused event="workspace.focus" subsystem="workspace" outcome="ok" workspace_id="wN"
2026-07-30T20:24:29.020754Z  INFO herdr::logging: tab focused event="tab.focus" subsystem="tab" outcome="ok" workspace_id="wN" tab_id="wN:t1"
2026-07-30T20:24:34.027003Z  INFO herdr::logging: session saved event="persist.save" subsystem="persist" outcome="ok" path=/Users/alex/.config/herdr/session.json workspaces=1
2026-07-30T20:24:34.992333Z  INFO herdr::logging: api request received event="api.request.start" subsystem="api" outcome="started" request_id="cli:plugin" method="plugin.pane.open" changes_ui=true
2026-07-30T20:24:34.993138Z  INFO herdr::logging: spawning pane terminal event="pane.spawn.start" subsystem="pane" outcome="started" pane_id=14 rows=46 cols=131 scrollback_limit_bytes=10000000
2026-07-30T20:24:34.996812Z  INFO herdr::logging: pane child spawned event="pane.spawned" subsystem="pane" outcome="ok" pane_id=14 pid=88849
2026-07-30T20:24:34.997008Z  INFO herdr::logging: tab focused event="tab.focus" subsystem="tab" outcome="ok" workspace_id="wN" tab_id="wN:t1"
2026-07-30T20:24:34.997547Z  INFO herdr::logging: api request completed event="api.request.complete" subsystem="api" outcome="ok" request_id="cli:plugin" method="plugin.pane.open"
2026-07-30T20:24:35.002210Z  INFO herdr::logging: pane child exited event="pane.exit" subsystem="pane" outcome="completed" pane_id=14 status="ExitStatus { code: 1, signal: None }"
2026-07-30T20:24:35.002521Z  INFO herdr::pane: pane session terminated pane=14 pid=88849 signal=Hangup
2026-07-30T20:24:36.592512Z  INFO herdr::logging: api request received event="api.request.start" subsystem="api" outcome="started" request_id="cli:plugin" method="plugin.pane.open" changes_ui=true
2026-07-30T20:24:36.593371Z  INFO herdr::logging: spawning pane terminal event="pane.spawn.start" subsystem="pane" outcome="started" pane_id=15 rows=46 cols=131 scrollback_limit_bytes=10000000
2026-07-30T20:24:36.597196Z  INFO herdr::logging: pane child spawned event="pane.spawned" subsystem="pane" outcome="ok" pane_id=15 pid=88852
2026-07-30T20:24:36.597433Z  INFO herdr::logging: tab focused event="tab.focus" subsystem="tab" outcome="ok" workspace_id="wN" tab_id="wN:t1"
2026-07-30T20:24:36.598017Z  INFO herdr::logging: api request completed event="api.request.complete" subsystem="api" outcome="ok" request_id="cli:plugin" method="plugin.pane.open"
2026-07-30T20:24:36.603206Z  INFO herdr::logging: pane child exited event="pane.exit" subsystem="pane" outcome="completed" pane_id=15 status="ExitStatus { code: 1, signal: None }"
2026-07-30T20:24:36.603573Z  INFO herdr::pane: pane session terminated pane=15 pid=88852 signal=Hangup
2026-07-30T20:24:37.603208Z  INFO herdr::logging: api request received event="api.request.start" subsystem="api" outcome="started" request_id="cli:plugin" method="plugin.pane.open" changes_ui=true
2026-07-30T20:24:37.603964Z  INFO herdr::logging: spawning pane terminal event="pane.spawn.start" subsystem="pane" outcome="started" pane_id=16 rows=46 cols=131 scrollback_limit_bytes=10000000
2026-07-30T20:24:37.607538Z  INFO herdr::logging: pane child spawned event="pane.spawned" subsystem="pane" outcome="ok" pane_id=16 pid=88855
2026-07-30T20:24:37.607765Z  INFO herdr::logging: tab focused event="tab.focus" subsystem="tab" outcome="ok" workspace_id="wN" tab_id="wN:t1"
2026-07-30T20:24:37.608325Z  INFO herdr::logging: api request completed event="api.request.complete" subsystem="api" outcome="ok" request_id="cli:plugin" method="plugin.pane.open"
2026-07-30T20:24:37.613247Z  INFO herdr::logging: pane child exited event="pane.exit" subsystem="pane" outcome="completed" pane_id=16 status="ExitStatus { code: 1, signal: None }"
2026-07-30T20:24:37.613656Z  INFO herdr::pane: pane session terminated pane=16 pid=88855 signal=Hangup
2026-07-30T20:24:38.576449Z  INFO herdr::logging: api request received event="api.request.start" subsystem="api" outcome="started" request_id="cli:plugin" method="plugin.pane.open" changes_ui=true
2026-07-30T20:24:38.577284Z  INFO herdr::logging: spawning pane terminal event="pane.spawn.start" subsystem="pane" outcome="started" pane_id=17 rows=46 cols=131 scrollback_limit_bytes=10000000
2026-07-30T20:24:38.580892Z  INFO herdr::logging: pane child spawned event="pane.spawned" subsystem="pane" outcome="ok" pane_id=17 pid=88858
2026-07-30T20:24:38.581128Z  INFO herdr::logging: tab focused event="tab.focus" subsystem="tab" outcome="ok" workspace_id="wN" tab_id="wN:t1"
2026-07-30T20:24:38.581733Z  INFO herdr::logging: api request completed event="api.request.complete" subsystem="api" outcome="ok" request_id="cli:plugin" method="plugin.pane.open"
2026-07-30T20:24:38.586864Z  INFO herdr::logging: pane child exited event="pane.exit" subsystem="pane" outcome="completed" pane_id=17 status="ExitStatus { code: 1, signal: None }"
2026-07-30T20:24:38.587264Z  INFO herdr::pane: pane session terminated pane=17 pid=88858 signal=Hangup
2026-07-30T20:24:39.576352Z  INFO herdr::logging: api request received event="api.request.start" subsystem="api" outcome="started" request_id="cli:plugin" method="plugin.pane.open" changes_ui=true
2026-07-30T20:24:39.577217Z  INFO herdr::logging: spawning pane terminal event="pane.spawn.start" subsystem="pane" outcome="started" pane_id=18 rows=46 cols=131 scrollback_limit_bytes=10000000
2026-07-30T20:24:39.581115Z  INFO herdr::logging: pane child spawned event="pane.spawned" subsystem="pane" outcome="ok" pane_id=18 pid=88861
2026-07-30T20:24:39.581319Z  INFO herdr::logging: tab focused event="tab.focus" subsystem="tab" outcome="ok" workspace_id="wN" tab_id="wN:t1"
2026-07-30T20:24:39.581897Z  INFO herdr::logging: api request completed event="api.request.complete" subsystem="api" outcome="ok" request_id="cli:plugin" method="plugin.pane.open"
2026-07-30T20:24:39.586794Z  INFO herdr::logging: pane child exited event="pane.exit" subsystem="pane" outcome="completed" pane_id=18 status="ExitStatus { code: 1, signal: None }"
2026-07-30T20:24:39.587120Z  INFO herdr::pane: pane session terminated pane=18 pid=88861 signal=Hangup
2026-07-30T20:24:44.594975Z  INFO herdr::logging: session saved event="persist.save" subsystem="persist" outcome="ok" path=/Users/alex/.config/herdr/session.json workspaces=1
2026-07-30T20:24:53.864574Z  INFO herdr::logging: api request received event="api.request.start" subsystem="api" outcome="started" request_id="cli:plugin" method="plugin.pane.open" changes_ui=true
2026-07-30T20:24:53.864966Z  INFO herdr::logging: spawning pane terminal event="pane.spawn.start" subsystem="pane" outcome="started" pane_id=19 rows=46 cols=131 scrollback_limit_bytes=10000000
2026-07-30T20:24:53.866712Z  INFO herdr::logging: pane child spawned event="pane.spawned" subsystem="pane" outcome="ok" pane_id=19 pid=88864
2026-07-30T20:24:53.866823Z  INFO herdr::logging: tab focused event="tab.focus" subsystem="tab" outcome="ok" workspace_id="wN" tab_id="wN:t1"
2026-07-30T20:24:53.867093Z  INFO herdr::logging: api request completed event="api.request.complete" subsystem="api" outcome="ok" request_id="cli:plugin" method="plugin.pane.open"
2026-07-30T20:24:56.594558Z  INFO herdr::logging: api request received event="api.request.start" subsystem="api" outcome="started" request_id="cli:workspace:create" method="workspace.create" changes_ui=true
2026-07-30T20:24:56.594741Z  INFO herdr::logging: spawning pane terminal event="pane.spawn.start" subsystem="pane" outcome="started" pane_id=20 rows=46 cols=131 scrollback_limit_bytes=10000000
2026-07-30T20:24:56.598809Z  INFO herdr::logging: pane child spawned event="pane.spawned" subsystem="pane" outcome="ok" pane_id=20 pid=88877
2026-07-30T20:24:56.599098Z  INFO herdr::logging: workspace created event="workspace.create" subsystem="workspace" outcome="ok" workspace_id="wP" pane_id=20
2026-07-30T20:24:56.599112Z  INFO herdr::logging: workspace renamed event="workspace.rename" subsystem="workspace" outcome="ok" workspace_id="wP"
2026-07-30T20:24:56.600767Z  INFO herdr::logging: api request completed event="api.request.complete" subsystem="api" outcome="ok" request_id="cli:workspace:create" method="workspace.create"
2026-07-30T20:24:56.609893Z  INFO herdr::logging: api request received event="api.request.start" subsystem="api" outcome="started" request_id="cli:tab:rename" method="tab.rename" changes_ui=true
2026-07-30T20:24:56.609975Z  INFO herdr::logging: tab renamed event="tab.rename" subsystem="tab" outcome="ok" workspace_id="wP" tab_id="wP:t1"
2026-07-30T20:24:56.610500Z  INFO herdr::logging: api request completed event="api.request.complete" subsystem="api" outcome="ok" request_id="cli:tab:rename" method="tab.rename"
2026-07-30T20:24:56.617017Z  INFO herdr::logging: api request received event="api.request.start" subsystem="api" outcome="started" request_id="cli:pane:rename" method="pane.rename" changes_ui=true
2026-07-30T20:24:56.617201Z  INFO herdr::logging: api request completed event="api.request.complete" subsystem="api" outcome="ok" request_id="cli:pane:rename" method="pane.rename"
2026-07-30T20:24:56.627545Z  INFO herdr::logging: api request received event="api.request.start" subsystem="api" outcome="started" request_id="cli:pane:split" method="pane.split" changes_ui=true
2026-07-30T20:24:56.627627Z  INFO herdr::logging: spawning pane terminal event="pane.spawn.start" subsystem="pane" outcome="started" pane_id=21 rows=46 cols=131 scrollback_limit_bytes=10000000
2026-07-30T20:24:56.630335Z  INFO herdr::logging: pane child spawned event="pane.spawned" subsystem="pane" outcome="ok" pane_id=21 pid=88882
2026-07-30T20:24:56.630901Z  INFO herdr::logging: api request completed event="api.request.complete" subsystem="api" outcome="ok" request_id="cli:pane:split" method="pane.split"
2026-07-30T20:24:56.635389Z  INFO herdr::logging: api request received event="api.request.start" subsystem="api" outcome="started" request_id="cli:pane:rename" method="pane.rename" changes_ui=true
2026-07-30T20:24:56.636082Z  INFO herdr::logging: api request completed event="api.request.complete" subsystem="api" outcome="ok" request_id="cli:pane:rename" method="pane.rename"
2026-07-30T20:24:56.644004Z  INFO herdr::logging: api request received event="api.request.start" subsystem="api" outcome="started" request_id="cli:tab:create" method="tab.create" changes_ui=true
2026-07-30T20:24:56.644072Z  INFO herdr::logging: spawning pane terminal event="pane.spawn.start" subsystem="pane" outcome="started" pane_id=22 rows=46 cols=131 scrollback_limit_bytes=10000000
2026-07-30T20:24:56.646144Z  INFO herdr::logging: pane child spawned event="pane.spawned" subsystem="pane" outcome="ok" pane_id=22 pid=88889
2026-07-30T20:24:56.646242Z  INFO herdr::logging: tab renamed event="tab.rename" subsystem="tab" outcome="ok" workspace_id="wP" tab_id="wP:t2"
2026-07-30T20:24:56.646933Z  INFO herdr::logging: api request completed event="api.request.complete" subsystem="api" outcome="ok" request_id="cli:tab:create" method="tab.create"
2026-07-30T20:24:56.650562Z  INFO herdr::logging: api request received event="api.request.start" subsystem="api" outcome="started" request_id="cli:pane:rename" method="pane.rename" changes_ui=true
2026-07-30T20:24:56.650700Z  INFO herdr::logging: api request completed event="api.request.complete" subsystem="api" outcome="ok" request_id="cli:pane:rename" method="pane.rename"
2026-07-30T20:24:56.658628Z  INFO herdr::logging: api request received event="api.request.start" subsystem="api" outcome="started" request_id="cli:tab:focus" method="tab.focus" changes_ui=true
2026-07-30T20:24:56.658672Z  INFO herdr::logging: workspace focused event="workspace.focus" subsystem="workspace" outcome="ok" workspace_id="wP"
2026-07-30T20:24:56.658722Z  INFO herdr::logging: tab focused event="tab.focus" subsystem="tab" outcome="ok" workspace_id="wP" tab_id="wP:t1"
2026-07-30T20:24:56.658749Z  INFO herdr::logging: api request completed event="api.request.complete" subsystem="api" outcome="ok" request_id="cli:tab:focus" method="tab.focus"
2026-07-30T20:24:56.662442Z  INFO herdr::logging: api request received event="api.request.start" subsystem="api" outcome="started" request_id="cli:workspace:focus" method="workspace.focus" changes_ui=true
2026-07-30T20:24:56.662479Z  INFO herdr::logging: workspace focused event="workspace.focus" subsystem="workspace" outcome="ok" workspace_id="wP"
2026-07-30T20:24:56.662514Z  INFO herdr::logging: tab focused event="tab.focus" subsystem="tab" outcome="ok" workspace_id="wP" tab_id="wP:t1"
2026-07-30T20:24:56.662538Z  INFO herdr::logging: api request completed event="api.request.complete" subsystem="api" outcome="ok" request_id="cli:workspace:focus" method="workspace.focus"
2026-07-30T20:24:56.664695Z  INFO herdr::logging: pane child exited event="pane.exit" subsystem="pane" outcome="completed" pane_id=19 status="ExitStatus { code: 0, signal: None }"
2026-07-30T20:24:56.665002Z  INFO herdr::pane: pane session terminated pane=19 pid=88864 signal=Hangup
2026-07-30T20:24:57.185564Z  INFO herdr::pane: agent changed pane=21 previous_agent=None agent=Some(Claude) process=claude pgid=Some(89038)
2026-07-30T20:25:02.061081Z  INFO herdr::logging: session saved event="persist.save" subsystem="persist" outcome="ok" path=/Users/alex/.config/herdr/session.json workspaces=2
2026-07-30T20:25:42.244210Z  INFO herdr::logging: tab focused event="tab.focus" subsystem="tab" outcome="ok" workspace_id="wP" tab_id="wP:t2"
2026-07-30T20:25:47.258730Z  INFO herdr::logging: session saved event="persist.save" subsystem="persist" outcome="ok" path=/Users/alex/.config/herdr/session.json workspaces=2
2026-07-30T20:25:59.933933Z  INFO herdr::logging: tab focused event="tab.focus" subsystem="tab" outcome="ok" workspace_id="wP" tab_id="wP:t1"
2026-07-30T20:26:04.942462Z  INFO herdr::logging: session saved event="persist.save" subsystem="persist" outcome="ok" path=/Users/alex/.config/herdr/session.json workspaces=2
2026-07-30T20:26:36.382027Z  INFO herdr::logging: tab focused event="tab.focus" subsystem="tab" outcome="ok" workspace_id="wP" tab_id="wP:t2"
2026-07-30T20:26:41.388268Z  INFO herdr::logging: session saved event="persist.save" subsystem="persist" outcome="ok" path=/Users/alex/.config/herdr/session.json workspaces=2
2026-07-30T20:26:44.018893Z  INFO herdr::logging: api request received event="api.request.start" subsystem="api" outcome="started" request_id="cli:server:reload-config" method="server.reload_config" changes_ui=true
2026-07-30T20:26:44.019329Z  WARN herdr::app: unknown theme, falling back theme="catppuccin-frappe" fallback="catppuccin"
2026-07-30T20:26:44.019400Z  INFO herdr::logging: api request completed event="api.request.complete" subsystem="api" outcome="ok" request_id="cli:server:reload-config" method="server.reload_config"
2026-07-30T20:26:48.255943Z  INFO herdr::logging: api request received event="api.request.start" subsystem="api" outcome="started" request_id="cli:plugin" method="plugin.pane.open" changes_ui=true
2026-07-30T20:26:48.256713Z  INFO herdr::logging: spawning pane terminal event="pane.spawn.start" subsystem="pane" outcome="started" pane_id=23 rows=46 cols=131 scrollback_limit_bytes=10000000
2026-07-30T20:26:48.260253Z  INFO herdr::logging: pane child spawned event="pane.spawned" subsystem="pane" outcome="ok" pane_id=23 pid=91082
2026-07-30T20:26:48.260465Z  INFO herdr::logging: tab focused event="tab.focus" subsystem="tab" outcome="ok" workspace_id="wP" tab_id="wP:t2"
2026-07-30T20:26:48.261041Z  INFO herdr::logging: api request completed event="api.request.complete" subsystem="api" outcome="ok" request_id="cli:plugin" method="plugin.pane.open"
2026-07-30T20:26:48.265604Z  INFO herdr::logging: pane child exited event="pane.exit" subsystem="pane" outcome="completed" pane_id=23 status="ExitStatus { code: 1, signal: None }"
2026-07-30T20:26:48.265958Z  INFO herdr::pane: pane session terminated pane=23 pid=91082 signal=Hangup
2026-07-30T20:26:50.201336Z  INFO herdr::logging: tab focused event="tab.focus" subsystem="tab" outcome="ok" workspace_id="wP" tab_id="wP:t1"
2026-07-30T20:26:55.211058Z  INFO herdr::logging: session saved event="persist.save" subsystem="persist" outcome="ok" path=/Users/alex/.config/herdr/session.json workspaces=2
2026-07-30T20:27:01.309629Z  INFO herdr::logging: tab focused event="tab.focus" subsystem="tab" outcome="ok" workspace_id="wP" tab_id="wP:t2"
2026-07-30T20:27:02.688609Z  INFO herdr::logging: api request received event="api.request.start" subsystem="api" outcome="started" request_id="cli:server:reload-config" method="server.reload_config" changes_ui=true
2026-07-30T20:27:02.689232Z  WARN herdr::app: unknown theme, falling back theme="catppuccin-frappe" fallback="catppuccin"
2026-07-30T20:27:02.689300Z  INFO herdr::logging: api request completed event="api.request.complete" subsystem="api" outcome="ok" request_id="cli:server:reload-config" method="server.reload_config"
2026-07-30T20:27:06.321268Z  INFO herdr::logging: session saved event="persist.save" subsystem="persist" outcome="ok" path=/Users/alex/.config/herdr/session.json workspaces=2
2026-07-30T20:27:07.019650Z  INFO herdr::logging: api request received event="api.request.start" subsystem="api" outcome="started" request_id="cli:plugin" method="plugin.pane.open" changes_ui=true
2026-07-30T20:27:07.020480Z  INFO herdr::logging: spawning pane terminal event="pane.spawn.start" subsystem="pane" outcome="started" pane_id=24 rows=46 cols=131 scrollback_limit_bytes=10000000
2026-07-30T20:27:07.023913Z  INFO herdr::logging: pane child spawned event="pane.spawned" subsystem="pane" outcome="ok" pane_id=24 pid=91228
2026-07-30T20:27:07.024135Z  INFO herdr::logging: tab focused event="tab.focus" subsystem="tab" outcome="ok" workspace_id="wP" tab_id="wP:t2"
2026-07-30T20:27:07.024608Z  INFO herdr::logging: api request completed event="api.request.complete" subsystem="api" outcome="ok" request_id="cli:plugin" method="plugin.pane.open"
2026-07-30T20:27:07.029157Z  INFO herdr::logging: pane child exited event="pane.exit" subsystem="pane" outcome="completed" pane_id=24 status="ExitStatus { code: 1, signal: None }"
2026-07-30T20:27:07.029471Z  INFO herdr::pane: pane session terminated pane=24 pid=91228 signal=Hangup
2026-07-30T20:27:12.036800Z  INFO herdr::logging: session saved event="persist.save" subsystem="persist" outcome="ok" path=/Users/alex/.config/herdr/session.json workspaces=2
2026-07-30T20:28:47.857576Z  INFO herdr::server::headless: client detach requested via keybind client_id=4
2026-07-30T20:28:47.863117Z  INFO herdr::server::headless: client disconnected client_id=4
2026-07-30T20:28:51.623156Z  INFO herdr::server::headless: server shutdown initiated
2026-07-30T20:28:51.675133Z  INFO herdr::server::headless: completing server shutdown
2026-07-30T20:28:51.676500Z  INFO herdr::logging: session saved event="persist.save" subsystem="persist" outcome="ok" path=/Users/alex/.config/herdr/session.json workspaces=2
2026-07-30T20:28:51.676543Z  INFO herdr::server::headless: headless server exiting
2026-07-30T20:28:51.679587Z  INFO herdr::logging: pane child exited event="pane.exit" subsystem="pane" outcome="completed" pane_id=13 status="ExitStatus { code: 1, signal: None }"
2026-07-30T20:28:51.702686Z  INFO herdr::pane: pane session terminated pane=13 pid=88816 signal=Hangup
2026-07-30T20:28:51.706252Z  INFO herdr::logging: pane child exited event="pane.exit" subsystem="pane" outcome="completed" pane_id=21 status="ExitStatus { code: 1, signal: None }"
2026-07-30T20:28:52.259643Z  INFO herdr::pane: pane session terminated pane=21 pid=88882 signal=Kill
2026-07-30T20:28:52.261401Z  INFO herdr::logging: pane child exited event="pane.exit" subsystem="pane" outcome="completed" pane_id=20 status="ExitStatus { code: 1, signal: None }"
2026-07-30T20:28:52.285325Z  INFO herdr::pane: pane session terminated pane=20 pid=88877 signal=Hangup
2026-07-30T20:28:52.286261Z  INFO herdr::logging: pane child exited event="pane.exit" subsystem="pane" outcome="completed" pane_id=22 status="ExitStatus { code: 1, signal: None }"
2026-07-30T20:28:52.310294Z  INFO herdr::pane: pane session terminated pane=22 pid=88889 signal=Hangup
2026-07-30T20:28:52.310685Z  INFO herdr::logging: herdr exiting event="app.shutdown" subsystem="server" outcome="completed" pid=86545
2026-07-30T20:32:22.167155Z  INFO herdr::platform::macos: raised server file descriptor soft limit previous=256 target=8192
2026-07-30T20:32:22.167967Z  INFO herdr::api::server: api server listening path=/Users/alex/.config/herdr/herdr.sock
2026-07-30T20:32:22.168619Z  INFO herdr::logging: spawning pane terminal event="pane.spawn.start" subsystem="pane" outcome="started" pane_id=1 rows=24 cols=80 scrollback_limit_bytes=10000000
2026-07-30T20:32:22.171300Z  INFO herdr::logging: pane child spawned event="pane.spawned" subsystem="pane" outcome="ok" pane_id=1 pid=94637
2026-07-30T20:32:22.171464Z  INFO herdr::logging: spawning pane terminal event="pane.spawn.start" subsystem="pane" outcome="started" pane_id=2 rows=24 cols=80 scrollback_limit_bytes=10000000
2026-07-30T20:32:22.173481Z  INFO herdr::logging: pane child spawned event="pane.spawned" subsystem="pane" outcome="ok" pane_id=2 pid=94638
2026-07-30T20:32:22.173651Z  INFO herdr::logging: spawning pane terminal event="pane.spawn.start" subsystem="pane" outcome="started" pane_id=4 rows=24 cols=80 scrollback_limit_bytes=10000000
2026-07-30T20:32:22.176043Z  INFO herdr::logging: pane child spawned event="pane.spawned" subsystem="pane" outcome="ok" pane_id=4 pid=94639
2026-07-30T20:32:22.176338Z  INFO herdr::logging: session restore evaluated event="persist.restore" subsystem="persist" outcome="ok" workspaces=2
2026-07-30T20:32:22.176358Z  INFO herdr::app: using pane scrollback configuration pane_scrollback_limit_bytes=10000000
2026-07-30T20:32:22.198229Z  WARN herdr::app: unknown theme, falling back theme="catppuccin-frappe" fallback="catppuccin"
2026-07-30T20:32:22.199706Z  INFO herdr::logging: checking for updates event="update.check.start" subsystem="update" outcome="started"
2026-07-30T20:32:22.204587Z  INFO herdr::server::headless: restored session already has workspaces; ignoring startup cwd cwd=/Users/alex/.dotfiles
2026-07-30T20:32:22.204693Z  INFO herdr::server::headless: client protocol socket listening path=/Users/alex/.config/herdr/herdr-client.sock
2026-07-30T20:32:22.204706Z  INFO herdr::server::headless: herdr server started api_socket=/Users/alex/.config/herdr/herdr.sock client_socket=/Users/alex/.config/herdr/herdr-client.sock
2026-07-30T20:32:22.204838Z  INFO herdr::logging: herdr starting event="app.startup" subsystem="server" outcome="started" pid=94636
2026-07-30T20:32:22.300893Z  INFO herdr::server::headless: client connected client_id=2 cols=151 rows=47 cell_width_px=0 cell_height_px=0 render_encoding=SemanticFrame
2026-07-30T20:32:22.301668Z  WARN herdr::app: unknown theme, falling back theme="catppuccin-frappe" fallback="catppuccin"
2026-07-30T20:32:22.321444Z  INFO herdr::logging: spawning pane terminal event="pane.spawn.start" subsystem="pane" outcome="started" pane_id=3 rows=44 cols=36 scrollback_limit_bytes=10000000
2026-07-30T20:32:22.323846Z  INFO herdr::logging: pane child spawned event="pane.spawned" subsystem="pane" outcome="ok" pane_id=3 pid=94848
2026-07-30T20:32:22.878924Z  INFO herdr::pane: agent changed pane=3 previous_agent=None agent=Some(Claude) process=claude pgid=Some(94915)
2026-07-30T20:32:24.100797Z  INFO herdr::pane: agent changed pane=3 previous_agent=Some(Claude) agent=None pgid=Some(94848)
2026-07-30T20:32:28.802157Z  INFO herdr::logging: session saved event="persist.save" subsystem="persist" outcome="ok" path=/Users/alex/.config/herdr/session.json workspaces=2
2026-07-30T20:32:31.502264Z  INFO herdr::logging: workspace closed event="workspace.close" subsystem="workspace" outcome="ok" workspace_id="wP"
2026-07-30T20:32:31.504904Z  INFO herdr::logging: pane child exited event="pane.exit" subsystem="pane" outcome="completed" pane_id=3 status="ExitStatus { code: 1, signal: None }"
2026-07-30T20:32:31.528113Z  INFO herdr::pane: pane session terminated pane=3 pid=94848 signal=Hangup
2026-07-30T20:32:31.531258Z  INFO herdr::logging: pane child exited event="pane.exit" subsystem="pane" outcome="completed" pane_id=2 status="ExitStatus { code: 1, signal: None }"
2026-07-30T20:32:31.553089Z  INFO herdr::pane: pane session terminated pane=2 pid=94638 signal=Hangup
2026-07-30T20:32:31.556478Z  INFO herdr::logging: pane child exited event="pane.exit" subsystem="pane" outcome="completed" pane_id=4 status="ExitStatus { code: 1, signal: None }"
2026-07-30T20:32:31.578081Z  INFO herdr::pane: pane session terminated pane=4 pid=94639 signal=Hangup
2026-07-30T20:32:31.579236Z  WARN herdr::app::actions: PaneDied for unknown pane pane=3
2026-07-30T20:32:31.579266Z  WARN herdr::app::actions: PaneDied for unknown pane pane=2
2026-07-30T20:32:31.579277Z  WARN herdr::app::actions: PaneDied for unknown pane pane=4
2026-07-30T20:32:33.530433Z  INFO herdr::server::headless: client detach requested via keybind client_id=2
2026-07-30T20:32:33.533003Z  INFO herdr::server::headless: client disconnected client_id=2
2026-07-30T20:32:35.844096Z  INFO herdr::server::headless: client connected client_id=4 cols=151 rows=47 cell_width_px=0 cell_height_px=0 render_encoding=SemanticFrame
2026-07-30T20:32:35.844193Z  WARN herdr::app: unknown theme, falling back theme="catppuccin-frappe" fallback="catppuccin"
2026-07-30T20:32:35.848510Z  WARN herdr::app: unknown theme, falling back theme="catppuccin-frappe" fallback="catppuccin"
2026-07-30T20:32:36.587500Z  INFO herdr::logging: session saved event="persist.save" subsystem="persist" outcome="ok" path=/Users/alex/.config/herdr/session.json workspaces=1
2026-07-30T20:32:40.222367Z  INFO herdr::server::headless: client detach requested via keybind client_id=4
2026-07-30T20:32:40.224717Z  INFO herdr::server::headless: client disconnected client_id=4
2026-07-30T20:32:43.172320Z  INFO herdr::server::headless: server shutdown initiated
2026-07-30T20:32:43.227390Z  INFO herdr::server::headless: completing server shutdown
2026-07-30T20:32:43.228437Z  INFO herdr::logging: session saved event="persist.save" subsystem="persist" outcome="ok" path=/Users/alex/.config/herdr/session.json workspaces=1
2026-07-30T20:32:43.228470Z  INFO herdr::server::headless: headless server exiting
2026-07-30T20:32:43.231136Z  INFO herdr::logging: pane child exited event="pane.exit" subsystem="pane" outcome="completed" pane_id=1 status="ExitStatus { code: 1, signal: None }"
2026-07-30T20:32:43.252956Z  INFO herdr::pane: pane session terminated pane=1 pid=94637 signal=Hangup
2026-07-30T20:32:43.254142Z  INFO herdr::logging: herdr exiting event="app.shutdown" subsystem="server" outcome="completed" pid=94636
2026-07-30T20:32:45.094980Z  INFO herdr::platform::macos: raised server file descriptor soft limit previous=256 target=8192
2026-07-30T20:32:45.095803Z  INFO herdr::api::server: api server listening path=/Users/alex/.config/herdr/herdr.sock
2026-07-30T20:32:45.096313Z  INFO herdr::logging: spawning pane terminal event="pane.spawn.start" subsystem="pane" outcome="started" pane_id=1 rows=24 cols=80 scrollback_limit_bytes=10000000
2026-07-30T20:32:45.099405Z  INFO herdr::logging: pane child spawned event="pane.spawned" subsystem="pane" outcome="ok" pane_id=1 pid=95302
2026-07-30T20:32:45.099581Z  INFO herdr::logging: session restore evaluated event="persist.restore" subsystem="persist" outcome="ok" workspaces=1
2026-07-30T20:32:45.099597Z  INFO herdr::app: using pane scrollback configuration pane_scrollback_limit_bytes=10000000
2026-07-30T20:32:45.120023Z  WARN herdr::app: unknown theme, falling back theme="catppuccin-frappe" fallback="catppuccin"
2026-07-30T20:32:45.120883Z  INFO herdr::logging: checking for updates event="update.check.start" subsystem="update" outcome="started"
2026-07-30T20:32:45.125504Z  INFO herdr::server::headless: restored session already has workspaces; ignoring startup cwd cwd=/Users/alex/.dotfiles
2026-07-30T20:32:45.125628Z  INFO herdr::server::headless: client protocol socket listening path=/Users/alex/.config/herdr/herdr-client.sock
2026-07-30T20:32:45.125644Z  INFO herdr::server::headless: herdr server started api_socket=/Users/alex/.config/herdr/herdr.sock client_socket=/Users/alex/.config/herdr/herdr-client.sock
2026-07-30T20:32:45.125792Z  INFO herdr::logging: herdr starting event="app.startup" subsystem="server" outcome="started" pid=95301
2026-07-30T20:32:45.195359Z  INFO herdr::server::headless: client connected client_id=2 cols=151 rows=47 cell_width_px=0 cell_height_px=0 render_encoding=SemanticFrame
2026-07-30T20:32:45.195652Z  WARN herdr::app: unknown theme, falling back theme="catppuccin-frappe" fallback="catppuccin"
2026-07-30T20:37:47.484941Z  INFO herdr::logging: api request received event="api.request.start" subsystem="api" outcome="started" request_id="cli:plugin" method="plugin.pane.open" changes_ui=true
2026-07-30T20:37:47.485788Z  INFO herdr::logging: spawning pane terminal event="pane.spawn.start" subsystem="pane" outcome="started" pane_id=2 rows=46 cols=131 scrollback_limit_bytes=10000000
2026-07-30T20:37:47.488934Z  INFO herdr::logging: pane child spawned event="pane.spawned" subsystem="pane" outcome="ok" pane_id=2 pid=95712
2026-07-30T20:37:47.489120Z  INFO herdr::logging: tab focused event="tab.focus" subsystem="tab" outcome="ok" workspace_id="wN" tab_id="wN:t1"
2026-07-30T20:37:47.489616Z  INFO herdr::logging: api request completed event="api.request.complete" subsystem="api" outcome="ok" request_id="cli:plugin" method="plugin.pane.open"
2026-07-30T20:37:47.494527Z  INFO herdr::logging: pane child exited event="pane.exit" subsystem="pane" outcome="completed" pane_id=2 status="ExitStatus { code: 1, signal: None }"
2026-07-30T20:37:47.494888Z  INFO herdr::pane: pane session terminated pane=2 pid=95712 signal=Hangup
2026-07-30T20:37:51.605017Z  INFO herdr::logging: api request received event="api.request.start" subsystem="api" outcome="started" request_id="cli:plugin" method="plugin.pane.open" changes_ui=true
2026-07-30T20:37:51.606075Z  INFO herdr::logging: spawning pane terminal event="pane.spawn.start" subsystem="pane" outcome="started" pane_id=3 rows=46 cols=131 scrollback_limit_bytes=10000000
2026-07-30T20:37:51.610195Z  INFO herdr::logging: pane child spawned event="pane.spawned" subsystem="pane" outcome="ok" pane_id=3 pid=95716
2026-07-30T20:37:51.610426Z  INFO herdr::logging: tab focused event="tab.focus" subsystem="tab" outcome="ok" workspace_id="wN" tab_id="wN:t1"
2026-07-30T20:37:51.611006Z  INFO herdr::logging: api request completed event="api.request.complete" subsystem="api" outcome="ok" request_id="cli:plugin" method="plugin.pane.open"
2026-07-30T20:37:51.616033Z  INFO herdr::logging: pane child exited event="pane.exit" subsystem="pane" outcome="completed" pane_id=3 status="ExitStatus { code: 1, signal: None }"
2026-07-30T20:37:51.616441Z  INFO herdr::pane: pane session terminated pane=3 pid=95716 signal=Hangup
2026-07-30T20:37:56.624550Z  INFO herdr::logging: session saved event="persist.save" subsystem="persist" outcome="ok" path=/Users/alex/.config/herdr/session.json workspaces=1
2026-07-30T20:37:57.609345Z  INFO herdr::logging: api request received event="api.request.start" subsystem="api" outcome="started" request_id="cli:plugin" method="plugin.pane.open" changes_ui=true
2026-07-30T20:37:57.609760Z  INFO herdr::logging: spawning pane terminal event="pane.spawn.start" subsystem="pane" outcome="started" pane_id=4 rows=46 cols=131 scrollback_limit_bytes=10000000
2026-07-30T20:37:57.611559Z  INFO herdr::logging: pane child spawned event="pane.spawned" subsystem="pane" outcome="ok" pane_id=4 pid=95720
2026-07-30T20:37:57.611657Z  INFO herdr::logging: tab focused event="tab.focus" subsystem="tab" outcome="ok" workspace_id="wN" tab_id="wN:t1"
2026-07-30T20:37:57.611922Z  INFO herdr::logging: api request completed event="api.request.complete" subsystem="api" outcome="ok" request_id="cli:plugin" method="plugin.pane.open"
2026-07-30T20:38:01.542147Z  INFO herdr::logging: api request received event="api.request.start" subsystem="api" outcome="started" request_id="cli:workspace:create" method="workspace.create" changes_ui=true
2026-07-30T20:38:01.542310Z  INFO herdr::logging: spawning pane terminal event="pane.spawn.start" subsystem="pane" outcome="started" pane_id=5 rows=46 cols=131 scrollback_limit_bytes=10000000
2026-07-30T20:38:01.545890Z  INFO herdr::logging: pane child spawned event="pane.spawned" subsystem="pane" outcome="ok" pane_id=5 pid=95733
2026-07-30T20:38:01.548799Z  INFO herdr::logging: workspace created event="workspace.create" subsystem="workspace" outcome="ok" workspace_id="wP" pane_id=5
2026-07-30T20:38:01.548832Z  INFO herdr::logging: workspace renamed event="workspace.rename" subsystem="workspace" outcome="ok" workspace_id="wP"
2026-07-30T20:38:01.550985Z  INFO herdr::logging: api request completed event="api.request.complete" subsystem="api" outcome="ok" request_id="cli:workspace:create" method="workspace.create"
2026-07-30T20:38:01.559532Z  INFO herdr::logging: api request received event="api.request.start" subsystem="api" outcome="started" request_id="cli:tab:rename" method="tab.rename" changes_ui=true
2026-07-30T20:38:01.559607Z  INFO herdr::logging: tab renamed event="tab.rename" subsystem="tab" outcome="ok" workspace_id="wP" tab_id="wP:t1"
2026-07-30T20:38:01.560084Z  INFO herdr::logging: api request completed event="api.request.complete" subsystem="api" outcome="ok" request_id="cli:tab:rename" method="tab.rename"
2026-07-30T20:38:01.566448Z  INFO herdr::logging: api request received event="api.request.start" subsystem="api" outcome="started" request_id="cli:pane:rename" method="pane.rename" changes_ui=true
2026-07-30T20:38:01.566630Z  INFO herdr::logging: api request completed event="api.request.complete" subsystem="api" outcome="ok" request_id="cli:pane:rename" method="pane.rename"
2026-07-30T20:38:01.576439Z  INFO herdr::logging: api request received event="api.request.start" subsystem="api" outcome="started" request_id="cli:pane:split" method="pane.split" changes_ui=true
2026-07-30T20:38:01.576518Z  INFO herdr::logging: spawning pane terminal event="pane.spawn.start" subsystem="pane" outcome="started" pane_id=6 rows=46 cols=131 scrollback_limit_bytes=10000000
2026-07-30T20:38:01.578815Z  INFO herdr::logging: pane child spawned event="pane.spawned" subsystem="pane" outcome="ok" pane_id=6 pid=95738
2026-07-30T20:38:01.579348Z  INFO herdr::logging: api request completed event="api.request.complete" subsystem="api" outcome="ok" request_id="cli:pane:split" method="pane.split"
2026-07-30T20:38:01.583477Z  INFO herdr::logging: api request received event="api.request.start" subsystem="api" outcome="started" request_id="cli:pane:rename" method="pane.rename" changes_ui=true
2026-07-30T20:38:01.583613Z  INFO herdr::logging: api request completed event="api.request.complete" subsystem="api" outcome="ok" request_id="cli:pane:rename" method="pane.rename"
2026-07-30T20:38:01.591982Z  INFO herdr::logging: api request received event="api.request.start" subsystem="api" outcome="started" request_id="cli:tab:create" method="tab.create" changes_ui=true
2026-07-30T20:38:01.592044Z  INFO herdr::logging: spawning pane terminal event="pane.spawn.start" subsystem="pane" outcome="started" pane_id=7 rows=46 cols=131 scrollback_limit_bytes=10000000
2026-07-30T20:38:01.594122Z  INFO herdr::logging: pane child spawned event="pane.spawned" subsystem="pane" outcome="ok" pane_id=7 pid=95744
2026-07-30T20:38:01.594207Z  INFO herdr::logging: tab renamed event="tab.rename" subsystem="tab" outcome="ok" workspace_id="wP" tab_id="wP:t2"
2026-07-30T20:38:01.594817Z  INFO herdr::logging: api request completed event="api.request.complete" subsystem="api" outcome="ok" request_id="cli:tab:create" method="tab.create"
2026-07-30T20:38:01.598489Z  INFO herdr::logging: api request received event="api.request.start" subsystem="api" outcome="started" request_id="cli:pane:rename" method="pane.rename" changes_ui=true
2026-07-30T20:38:01.598631Z  INFO herdr::logging: api request completed event="api.request.complete" subsystem="api" outcome="ok" request_id="cli:pane:rename" method="pane.rename"
2026-07-30T20:38:01.606464Z  INFO herdr::logging: api request received event="api.request.start" subsystem="api" outcome="started" request_id="cli:tab:focus" method="tab.focus" changes_ui=true
2026-07-30T20:38:01.606504Z  INFO herdr::logging: workspace focused event="workspace.focus" subsystem="workspace" outcome="ok" workspace_id="wP"
2026-07-30T20:38:01.606546Z  INFO herdr::logging: tab focused event="tab.focus" subsystem="tab" outcome="ok" workspace_id="wP" tab_id="wP:t1"
2026-07-30T20:38:01.606572Z  INFO herdr::logging: api request completed event="api.request.complete" subsystem="api" outcome="ok" request_id="cli:tab:focus" method="tab.focus"
2026-07-30T20:38:01.610474Z  INFO herdr::logging: api request received event="api.request.start" subsystem="api" outcome="started" request_id="cli:workspace:focus" method="workspace.focus" changes_ui=true
2026-07-30T20:38:01.610525Z  INFO herdr::logging: workspace focused event="workspace.focus" subsystem="workspace" outcome="ok" workspace_id="wP"
2026-07-30T20:38:01.610564Z  INFO herdr::logging: tab focused event="tab.focus" subsystem="tab" outcome="ok" workspace_id="wP" tab_id="wP:t1"
2026-07-30T20:38:01.610587Z  INFO herdr::logging: api request completed event="api.request.complete" subsystem="api" outcome="ok" request_id="cli:workspace:focus" method="workspace.focus"
2026-07-30T20:38:01.612658Z  INFO herdr::logging: pane child exited event="pane.exit" subsystem="pane" outcome="completed" pane_id=4 status="ExitStatus { code: 0, signal: None }"
2026-07-30T20:38:01.612923Z  INFO herdr::pane: pane session terminated pane=4 pid=95720 signal=Hangup
2026-07-30T20:38:02.134279Z  INFO herdr::pane: agent changed pane=6 previous_agent=None agent=Some(Claude) process=claude pgid=Some(95898)
2026-07-30T20:38:07.446791Z  INFO herdr::logging: session saved event="persist.save" subsystem="persist" outcome="ok" path=/Users/alex/.config/herdr/session.json workspaces=2
2026-07-30T21:02:45.136271Z  INFO herdr::logging: checking for updates event="update.check.start" subsystem="update" outcome="started"
2026-07-30T21:07:37.652953Z  INFO herdr::logging: tab focused event="tab.focus" subsystem="tab" outcome="ok" workspace_id="wP" tab_id="wP:t2"
2026-07-30T21:07:42.666059Z  INFO herdr::logging: session saved event="persist.save" subsystem="persist" outcome="ok" path=/Users/alex/.config/herdr/session.json workspaces=2
2026-07-30T21:08:26.871733Z  INFO herdr::logging: tab focused event="tab.focus" subsystem="tab" outcome="ok" workspace_id="wP" tab_id="wP:t1"
2026-07-30T21:08:31.880821Z  INFO herdr::logging: session saved event="persist.save" subsystem="persist" outcome="ok" path=/Users/alex/.config/herdr/session.json workspaces=2
2026-07-30T21:14:15.616035Z  INFO herdr::logging: session saved event="persist.save" subsystem="persist" outcome="ok" path=/Users/alex/.config/herdr/session.json workspaces=2
2026-07-30T21:14:36.457623Z  INFO herdr::logging: session saved event="persist.save" subsystem="persist" outcome="ok" path=/Users/alex/.config/herdr/session.json workspaces=2
2026-07-30T21:14:57.191200Z  INFO herdr::logging: tab focused event="tab.focus" subsystem="tab" outcome="ok" workspace_id="wP" tab_id="wP:t2"
2026-07-30T21:15:02.201426Z  INFO herdr::logging: session saved event="persist.save" subsystem="persist" outcome="ok" path=/Users/alex/.config/herdr/session.json workspaces=2
2026-07-30T21:15:08.425506Z  INFO herdr::logging: api request received event="api.request.start" subsystem="api" outcome="started" request_id="cli:server:reload-config" method="server.reload_config" changes_ui=true
2026-07-30T21:15:08.425911Z  WARN herdr::app: unknown theme, falling back theme="catppuccin-frappe" fallback="catppuccin"
2026-07-30T21:15:08.425974Z  INFO herdr::logging: api request completed event="api.request.complete" subsystem="api" outcome="ok" request_id="cli:server:reload-config" method="server.reload_config"
2026-07-30T21:15:13.660106Z  INFO herdr::logging: api request received event="api.request.start" subsystem="api" outcome="started" request_id="cli:plugin" method="plugin.pane.open" changes_ui=true
2026-07-30T21:15:13.660916Z  INFO herdr::logging: spawning pane terminal event="pane.spawn.start" subsystem="pane" outcome="started" pane_id=8 rows=46 cols=131 scrollback_limit_bytes=10000000
2026-07-30T21:15:13.665206Z  INFO herdr::logging: pane child spawned event="pane.spawned" subsystem="pane" outcome="ok" pane_id=8 pid=3758
2026-07-30T21:15:13.665435Z  INFO herdr::logging: tab focused event="tab.focus" subsystem="tab" outcome="ok" workspace_id="wP" tab_id="wP:t2"
2026-07-30T21:15:13.665843Z  INFO herdr::logging: api request completed event="api.request.complete" subsystem="api" outcome="ok" request_id="cli:plugin" method="plugin.pane.open"
2026-07-30T21:15:18.674377Z  INFO herdr::logging: session saved event="persist.save" subsystem="persist" outcome="ok" path=/Users/alex/.config/herdr/session.json workspaces=2
2026-07-30T21:15:50.572133Z  INFO herdr::logging: api request received event="api.request.start" subsystem="api" outcome="started" request_id="cli:workspace:create" method="workspace.create" changes_ui=true
2026-07-30T21:15:50.572315Z  INFO herdr::logging: spawning pane terminal event="pane.spawn.start" subsystem="pane" outcome="started" pane_id=9 rows=46 cols=131 scrollback_limit_bytes=10000000
2026-07-30T21:15:50.576245Z  INFO herdr::logging: pane child spawned event="pane.spawned" subsystem="pane" outcome="ok" pane_id=9 pid=3790
2026-07-30T21:15:50.579332Z  INFO herdr::logging: workspace created event="workspace.create" subsystem="workspace" outcome="ok" workspace_id="wQ" pane_id=9
2026-07-30T21:15:50.579352Z  INFO herdr::logging: workspace focused event="workspace.focus" subsystem="workspace" outcome="ok" workspace_id="wQ"
2026-07-30T21:15:50.579440Z  INFO herdr::logging: tab focused event="tab.focus" subsystem="tab" outcome="ok" workspace_id="wQ" tab_id="wQ:t1"
2026-07-30T21:15:50.579450Z  INFO herdr::logging: workspace renamed event="workspace.rename" subsystem="workspace" outcome="ok" workspace_id="wQ"
2026-07-30T21:15:50.581786Z  INFO herdr::logging: api request completed event="api.request.complete" subsystem="api" outcome="ok" request_id="cli:workspace:create" method="workspace.create"
2026-07-30T21:15:50.596537Z  INFO herdr::logging: api request received event="api.request.start" subsystem="api" outcome="started" request_id="cli:notification:show" method="notification.show" changes_ui=true
2026-07-30T21:15:50.596899Z  INFO herdr::logging: api request completed event="api.request.complete" subsystem="api" outcome="ok" request_id="cli:notification:show" method="notification.show"
2026-07-30T21:15:50.597799Z  INFO herdr::logging: pane child exited event="pane.exit" subsystem="pane" outcome="completed" pane_id=8 status="ExitStatus { code: 0, signal: None }"
2026-07-30T21:15:50.598231Z  INFO herdr::pane: pane session terminated pane=8 pid=3758 signal=Hangup
2026-07-30T21:15:55.603724Z  INFO herdr::logging: session saved event="persist.save" subsystem="persist" outcome="ok" path=/Users/alex/.config/herdr/session.json workspaces=3
2026-07-30T21:18:44.354199Z  INFO herdr::logging: api request received event="api.request.start" subsystem="api" outcome="started" request_id="cli:plugin" method="plugin.unlink" changes_ui=true
2026-07-30T21:18:44.357391Z  INFO herdr::logging: api request completed event="api.request.complete" subsystem="api" outcome="ok" request_id="cli:plugin" method="plugin.unlink"
2026-07-30T21:19:12.933142Z  INFO herdr::logging: api request received event="api.request.start" subsystem="api" outcome="started" request_id="cli:server:reload-config" method="server.reload_config" changes_ui=true
2026-07-30T21:19:12.934098Z  WARN herdr::app: unknown theme, falling back theme="catppuccin-frappe" fallback="catppuccin"
2026-07-30T21:19:12.934161Z  INFO herdr::logging: api request completed event="api.request.complete" subsystem="api" outcome="ok" request_id="cli:server:reload-config" method="server.reload_config"
2026-07-30T21:19:16.980667Z  INFO herdr::logging: api request received event="api.request.start" subsystem="api" outcome="started" request_id="cli:plugin" method="plugin.pane.open" changes_ui=true
2026-07-30T21:19:16.981498Z  INFO herdr::logging: spawning pane terminal event="pane.spawn.start" subsystem="pane" outcome="started" pane_id=10 rows=46 cols=131 scrollback_limit_bytes=10000000
2026-07-30T21:19:16.984970Z  INFO herdr::logging: pane child spawned event="pane.spawned" subsystem="pane" outcome="ok" pane_id=10 pid=4676
2026-07-30T21:19:16.985200Z  INFO herdr::logging: tab focused event="tab.focus" subsystem="tab" outcome="ok" workspace_id="wQ" tab_id="wQ:t1"
2026-07-30T21:19:16.985619Z  INFO herdr::logging: api request completed event="api.request.complete" subsystem="api" outcome="ok" request_id="cli:plugin" method="plugin.pane.open"
2026-07-30T21:19:21.990652Z  INFO herdr::logging: session saved event="persist.save" subsystem="persist" outcome="ok" path=/Users/alex/.config/herdr/session.json workspaces=3
2026-07-30T21:19:35.240766Z  INFO herdr::logging: api request received event="api.request.start" subsystem="api" outcome="started" request_id="cli:workspace:create" method="workspace.create" changes_ui=true
2026-07-30T21:19:35.240945Z  INFO herdr::logging: spawning pane terminal event="pane.spawn.start" subsystem="pane" outcome="started" pane_id=11 rows=46 cols=131 scrollback_limit_bytes=10000000
2026-07-30T21:19:35.244536Z  INFO herdr::logging: pane child spawned event="pane.spawned" subsystem="pane" outcome="ok" pane_id=11 pid=4689
2026-07-30T21:19:35.249038Z  INFO herdr::logging: workspace created event="workspace.create" subsystem="workspace" outcome="ok" workspace_id="wR" pane_id=11
2026-07-30T21:19:35.249073Z  INFO herdr::logging: workspace focused event="workspace.focus" subsystem="workspace" outcome="ok" workspace_id="wR"
2026-07-30T21:19:35.249230Z  INFO herdr::logging: tab focused event="tab.focus" subsystem="tab" outcome="ok" workspace_id="wR" tab_id="wR:t1"
2026-07-30T21:19:35.249244Z  INFO herdr::logging: workspace renamed event="workspace.rename" subsystem="workspace" outcome="ok" workspace_id="wR"
2026-07-30T21:19:35.251592Z  INFO herdr::logging: api request completed event="api.request.complete" subsystem="api" outcome="ok" request_id="cli:workspace:create" method="workspace.create"
2026-07-30T21:19:35.265543Z  INFO herdr::logging: api request received event="api.request.start" subsystem="api" outcome="started" request_id="cli:notification:show" method="notification.show" changes_ui=true
2026-07-30T21:19:35.265597Z  INFO herdr::logging: api request completed event="api.request.complete" subsystem="api" outcome="ok" request_id="cli:notification:show" method="notification.show"
2026-07-30T21:19:35.266510Z  INFO herdr::logging: pane child exited event="pane.exit" subsystem="pane" outcome="completed" pane_id=10 status="ExitStatus { code: 0, signal: None }"
2026-07-30T21:19:35.266916Z  INFO herdr::pane: pane session terminated pane=10 pid=4676 signal=Hangup
2026-07-30T21:19:39.420397Z  INFO herdr::logging: workspace closed event="workspace.close" subsystem="workspace" outcome="ok" workspace_id="wR"
2026-07-30T21:19:39.424261Z  INFO herdr::logging: pane child exited event="pane.exit" subsystem="pane" outcome="completed" pane_id=11 status="ExitStatus { code: 1, signal: None }"
2026-07-30T21:19:39.444734Z  INFO herdr::pane: pane session terminated pane=11 pid=4689 signal=Hangup
2026-07-30T21:19:39.445763Z  WARN herdr::app::actions: PaneDied for unknown pane pane=11
2026-07-30T21:19:41.089225Z  INFO herdr::logging: workspace closed event="workspace.close" subsystem="workspace" outcome="ok" workspace_id="wQ"
2026-07-30T21:19:41.092398Z  INFO herdr::logging: pane child exited event="pane.exit" subsystem="pane" outcome="completed" pane_id=9 status="ExitStatus { code: 1, signal: None }"
2026-07-30T21:19:41.114429Z  INFO herdr::pane: pane session terminated pane=9 pid=3790 signal=Hangup
2026-07-30T21:19:41.116450Z  WARN herdr::app::actions: PaneDied for unknown pane pane=9
2026-07-30T21:19:44.711059Z  INFO herdr::logging: tab focused event="tab.focus" subsystem="tab" outcome="ok" workspace_id="wP" tab_id="wP:t1"
2026-07-30T21:19:49.716779Z  INFO herdr::logging: session saved event="persist.save" subsystem="persist" outcome="ok" path=/Users/alex/.config/herdr/session.json workspaces=2
2026-07-30T21:21:44.011018Z  INFO herdr::logging: tab focused event="tab.focus" subsystem="tab" outcome="ok" workspace_id="wP" tab_id="wP:t2"
2026-07-30T21:21:45.474980Z  INFO herdr::logging: api request received event="api.request.start" subsystem="api" outcome="started" request_id="cli:server:reload-config" method="server.reload_config" changes_ui=true
2026-07-30T21:21:45.475574Z  WARN herdr::app: unknown theme, falling back theme="catppuccin-frappe" fallback="catppuccin"
2026-07-30T21:21:45.475638Z  INFO herdr::logging: api request completed event="api.request.complete" subsystem="api" outcome="ok" request_id="cli:server:reload-config" method="server.reload_config"
2026-07-30T21:21:48.400439Z  INFO herdr::logging: api request received event="api.request.start" subsystem="api" outcome="started" request_id="cli:plugin" method="plugin.pane.open" changes_ui=true
2026-07-30T21:21:48.401285Z  INFO herdr::logging: spawning pane terminal event="pane.spawn.start" subsystem="pane" outcome="started" pane_id=12 rows=46 cols=131 scrollback_limit_bytes=10000000
2026-07-30T21:21:48.405214Z  INFO herdr::logging: pane child spawned event="pane.spawned" subsystem="pane" outcome="ok" pane_id=12 pid=4845
2026-07-30T21:21:48.405475Z  INFO herdr::logging: tab focused event="tab.focus" subsystem="tab" outcome="ok" workspace_id="wP" tab_id="wP:t2"
2026-07-30T21:21:48.406072Z  INFO herdr::logging: api request completed event="api.request.complete" subsystem="api" outcome="ok" request_id="cli:plugin" method="plugin.pane.open"
2026-07-30T21:21:53.413281Z  INFO herdr::logging: session saved event="persist.save" subsystem="persist" outcome="ok" path=/Users/alex/.config/herdr/session.json workspaces=2
2026-07-30T21:22:09.375539Z  INFO herdr::logging: pane child exited event="pane.exit" subsystem="pane" outcome="completed" pane_id=12 status="ExitStatus { code: 0, signal: None }"
2026-07-30T21:22:09.380181Z  INFO herdr::pane: pane session terminated pane=12 pid=4845 signal=Hangup
2026-07-30T21:22:11.058010Z  INFO herdr::logging: tab focused event="tab.focus" subsystem="tab" outcome="ok" workspace_id="wP" tab_id="wP:t1"
2026-07-30T21:22:16.068730Z  INFO herdr::logging: session saved event="persist.save" subsystem="persist" outcome="ok" path=/Users/alex/.config/herdr/session.json workspaces=2
2026-07-30T21:22:35.456463Z  INFO herdr::logging: tab focused event="tab.focus" subsystem="tab" outcome="ok" workspace_id="wP" tab_id="wP:t2"
2026-07-30T21:22:36.472606Z  INFO herdr::logging: api request received event="api.request.start" subsystem="api" outcome="started" request_id="cli:server:reload-config" method="server.reload_config" changes_ui=true
2026-07-30T21:22:36.473234Z  WARN herdr::app: unknown theme, falling back theme="catppuccin-frappe" fallback="catppuccin"
2026-07-30T21:22:36.473303Z  INFO herdr::logging: api request completed event="api.request.complete" subsystem="api" outcome="ok" request_id="cli:server:reload-config" method="server.reload_config"
2026-07-30T21:22:40.463578Z  INFO herdr::logging: session saved event="persist.save" subsystem="persist" outcome="ok" path=/Users/alex/.config/herdr/session.json workspaces=2
2026-07-30T21:22:42.797376Z  INFO herdr::logging: api request received event="api.request.start" subsystem="api" outcome="started" request_id="cli:plugin" method="plugin.pane.open" changes_ui=true
2026-07-30T21:22:42.798307Z  INFO herdr::logging: spawning pane terminal event="pane.spawn.start" subsystem="pane" outcome="started" pane_id=13 rows=46 cols=131 scrollback_limit_bytes=10000000
2026-07-30T21:22:42.802308Z  INFO herdr::logging: pane child spawned event="pane.spawned" subsystem="pane" outcome="ok" pane_id=13 pid=5070
2026-07-30T21:22:42.802532Z  INFO herdr::logging: tab focused event="tab.focus" subsystem="tab" outcome="ok" workspace_id="wP" tab_id="wP:t2"
2026-07-30T21:22:42.803166Z  INFO herdr::logging: api request completed event="api.request.complete" subsystem="api" outcome="ok" request_id="cli:plugin" method="plugin.pane.open"
2026-07-30T21:22:47.811020Z  INFO herdr::logging: session saved event="persist.save" subsystem="persist" outcome="ok" path=/Users/alex/.config/herdr/session.json workspaces=2
2026-07-30T21:24:32.989487Z  INFO herdr::logging: pane child exited event="pane.exit" subsystem="pane" outcome="completed" pane_id=13 status="ExitStatus { code: 0, signal: None }"
2026-07-30T21:24:32.996647Z  INFO herdr::pane: pane session terminated pane=13 pid=5070 signal=Hangup
2026-07-30T21:24:38.004667Z  INFO herdr::logging: session saved event="persist.save" subsystem="persist" outcome="ok" path=/Users/alex/.config/herdr/session.json workspaces=2
2026-07-30T21:25:02.738767Z  INFO herdr::logging: tab focused event="tab.focus" subsystem="tab" outcome="ok" workspace_id="wP" tab_id="wP:t1"
2026-07-30T21:25:07.748005Z  INFO herdr::logging: session saved event="persist.save" subsystem="persist" outcome="ok" path=/Users/alex/.config/herdr/session.json workspaces=2
2026-07-30T21:25:08.338306Z  INFO herdr::logging: tab focused event="tab.focus" subsystem="tab" outcome="ok" workspace_id="wP" tab_id="wP:t2"
2026-07-30T21:25:09.984606Z  INFO herdr::logging: api request received event="api.request.start" subsystem="api" outcome="started" request_id="cli:server:reload-config" method="server.reload_config" changes_ui=true
2026-07-30T21:25:09.985373Z  WARN herdr::app: unknown theme, falling back theme="catppuccin-frappe" fallback="catppuccin"
2026-07-30T21:25:09.985450Z  INFO herdr::logging: api request completed event="api.request.complete" subsystem="api" outcome="ok" request_id="cli:server:reload-config" method="server.reload_config"
2026-07-30T21:25:13.192445Z  INFO herdr::logging: api request received event="api.request.start" subsystem="api" outcome="started" request_id="cli:plugin" method="plugin.pane.open" changes_ui=true
2026-07-30T21:25:13.193333Z  INFO herdr::logging: spawning pane terminal event="pane.spawn.start" subsystem="pane" outcome="started" pane_id=14 rows=46 cols=131 scrollback_limit_bytes=10000000
2026-07-30T21:25:13.196990Z  INFO herdr::logging: pane child spawned event="pane.spawned" subsystem="pane" outcome="ok" pane_id=14 pid=5166
2026-07-30T21:25:13.197239Z  INFO herdr::logging: tab focused event="tab.focus" subsystem="tab" outcome="ok" workspace_id="wP" tab_id="wP:t2"
2026-07-30T21:25:13.197895Z  INFO herdr::logging: api request completed event="api.request.complete" subsystem="api" outcome="ok" request_id="cli:plugin" method="plugin.pane.open"
2026-07-30T21:25:18.204587Z  INFO herdr::logging: session saved event="persist.save" subsystem="persist" outcome="ok" path=/Users/alex/.config/herdr/session.json workspaces=2
2026-07-30T21:27:32.391441Z  INFO herdr::logging: pane child exited event="pane.exit" subsystem="pane" outcome="completed" pane_id=14 status="ExitStatus { code: 0, signal: None }"
2026-07-30T21:27:32.398521Z  INFO herdr::pane: pane session terminated pane=14 pid=5166 signal=Hangup
2026-07-30T21:27:36.306465Z  INFO herdr::logging: tab focused event="tab.focus" subsystem="tab" outcome="ok" workspace_id="wP" tab_id="wP:t1"
2026-07-30T21:27:41.317117Z  INFO herdr::logging: session saved event="persist.save" subsystem="persist" outcome="ok" path=/Users/alex/.config/herdr/session.json workspaces=2
2026-07-30T21:28:01.204072Z  INFO herdr::logging: tab focused event="tab.focus" subsystem="tab" outcome="ok" workspace_id="wP" tab_id="wP:t2"
2026-07-30T21:28:06.209071Z  INFO herdr::logging: session saved event="persist.save" subsystem="persist" outcome="ok" path=/Users/alex/.config/herdr/session.json workspaces=2
2026-07-30T21:30:03.552395Z  INFO herdr::logging: api request received event="api.request.start" subsystem="api" outcome="started" request_id="cli:plugin" method="plugin.pane.open" changes_ui=true
2026-07-30T21:30:03.553488Z  INFO herdr::logging: spawning pane terminal event="pane.spawn.start" subsystem="pane" outcome="started" pane_id=15 rows=46 cols=131 scrollback_limit_bytes=10000000
2026-07-30T21:30:03.556942Z  INFO herdr::logging: pane child spawned event="pane.spawned" subsystem="pane" outcome="ok" pane_id=15 pid=5904
2026-07-30T21:30:03.557162Z  INFO herdr::logging: tab focused event="tab.focus" subsystem="tab" outcome="ok" workspace_id="wP" tab_id="wP:t2"
2026-07-30T21:30:03.557769Z  INFO herdr::logging: api request completed event="api.request.complete" subsystem="api" outcome="ok" request_id="cli:plugin" method="plugin.pane.open"
2026-07-30T21:30:08.562615Z  INFO herdr::logging: session saved event="persist.save" subsystem="persist" outcome="ok" path=/Users/alex/.config/herdr/session.json workspaces=2
2026-07-30T21:32:45.119434Z  INFO herdr::logging: checking for updates event="update.check.start" subsystem="update" outcome="started"
2026-07-30T21:34:18.392549Z  INFO herdr::logging: pane child exited event="pane.exit" subsystem="pane" outcome="completed" pane_id=15 status="ExitStatus { code: 0, signal: None }"
2026-07-30T21:34:18.395318Z  INFO herdr::pane: pane session terminated pane=15 pid=5904 signal=Hangup
2026-07-30T21:34:21.378511Z  INFO herdr::logging: tab focused event="tab.focus" subsystem="tab" outcome="ok" workspace_id="wP" tab_id="wP:t1"
2026-07-30T21:34:26.388553Z  INFO herdr::logging: session saved event="persist.save" subsystem="persist" outcome="ok" path=/Users/alex/.config/herdr/session.json workspaces=2
2026-07-30T21:34:40.254015Z  INFO herdr::logging: tab focused event="tab.focus" subsystem="tab" outcome="ok" workspace_id="wP" tab_id="wP:t2"
2026-07-30T21:34:43.611015Z  INFO herdr::logging: api request received event="api.request.start" subsystem="api" outcome="started" request_id="cli:server:reload-config" method="server.reload_config" changes_ui=true
2026-07-30T21:34:43.611431Z  WARN herdr::app: unknown theme, falling back theme="catppuccin-frappe" fallback="catppuccin"
2026-07-30T21:34:43.611486Z  INFO herdr::logging: api request completed event="api.request.complete" subsystem="api" outcome="ok" request_id="cli:server:reload-config" method="server.reload_config"
2026-07-30T21:34:45.261638Z  INFO herdr::logging: session saved event="persist.save" subsystem="persist" outcome="ok" path=/Users/alex/.config/herdr/session.json workspaces=2
2026-07-30T21:34:45.583383Z  INFO herdr::logging: api request received event="api.request.start" subsystem="api" outcome="started" request_id="cli:plugin" method="plugin.pane.open" changes_ui=true
2026-07-30T21:34:45.584420Z  INFO herdr::logging: spawning pane terminal event="pane.spawn.start" subsystem="pane" outcome="started" pane_id=16 rows=46 cols=131 scrollback_limit_bytes=10000000
2026-07-30T21:34:45.589133Z  INFO herdr::logging: pane child spawned event="pane.spawned" subsystem="pane" outcome="ok" pane_id=16 pid=6361
2026-07-30T21:34:45.589341Z  INFO herdr::logging: tab focused event="tab.focus" subsystem="tab" outcome="ok" workspace_id="wP" tab_id="wP:t2"
2026-07-30T21:34:45.589903Z  INFO herdr::logging: api request completed event="api.request.complete" subsystem="api" outcome="ok" request_id="cli:plugin" method="plugin.pane.open"
2026-07-30T21:34:50.597704Z  INFO herdr::logging: session saved event="persist.save" subsystem="persist" outcome="ok" path=/Users/alex/.config/herdr/session.json workspaces=2
2026-07-30T21:36:00.183357Z  INFO herdr::logging: pane child exited event="pane.exit" subsystem="pane" outcome="completed" pane_id=16 status="ExitStatus { code: 0, signal: None }"
2026-07-30T21:36:00.188001Z  INFO herdr::pane: pane session terminated pane=16 pid=6361 signal=Hangup
2026-07-30T21:36:01.103299Z  INFO herdr::logging: tab focused event="tab.focus" subsystem="tab" outcome="ok" workspace_id="wP" tab_id="wP:t1"
2026-07-30T21:36:06.113879Z  INFO herdr::logging: session saved event="persist.save" subsystem="persist" outcome="ok" path=/Users/alex/.config/herdr/session.json workspaces=2
2026-07-30T21:36:09.609229Z  INFO herdr::logging: tab focused event="tab.focus" subsystem="tab" outcome="ok" workspace_id="wP" tab_id="wP:t2"
2026-07-30T21:36:12.286629Z  INFO herdr::logging: api request received event="api.request.start" subsystem="api" outcome="started" request_id="cli:server:reload-config" method="server.reload_config" changes_ui=true
2026-07-30T21:36:12.287257Z  WARN herdr::app: unknown theme, falling back theme="catppuccin-frappe" fallback="catppuccin"
2026-07-30T21:36:12.287324Z  INFO herdr::logging: api request completed event="api.request.complete" subsystem="api" outcome="ok" request_id="cli:server:reload-config" method="server.reload_config"
2026-07-30T21:36:13.930917Z  INFO herdr::logging: api request received event="api.request.start" subsystem="api" outcome="started" request_id="cli:plugin" method="plugin.pane.open" changes_ui=true
2026-07-30T21:36:13.931845Z  INFO herdr::logging: spawning pane terminal event="pane.spawn.start" subsystem="pane" outcome="started" pane_id=17 rows=46 cols=131 scrollback_limit_bytes=10000000
2026-07-30T21:36:13.935596Z  INFO herdr::logging: pane child spawned event="pane.spawned" subsystem="pane" outcome="ok" pane_id=17 pid=6457
2026-07-30T21:36:13.935868Z  INFO herdr::logging: tab focused event="tab.focus" subsystem="tab" outcome="ok" workspace_id="wP" tab_id="wP:t2"
2026-07-30T21:36:13.936513Z  INFO herdr::logging: api request completed event="api.request.complete" subsystem="api" outcome="ok" request_id="cli:plugin" method="plugin.pane.open"
2026-07-30T21:36:18.944540Z  INFO herdr::logging: session saved event="persist.save" subsystem="persist" outcome="ok" path=/Users/alex/.config/herdr/session.json workspaces=2
2026-07-30T21:36:24.382911Z  INFO herdr::logging: pane child exited event="pane.exit" subsystem="pane" outcome="completed" pane_id=17 status="ExitStatus { code: 0, signal: None }"
2026-07-30T21:36:24.385146Z  INFO herdr::pane: pane session terminated pane=17 pid=6457 signal=Hangup
2026-07-30T21:36:25.198441Z  INFO herdr::logging: tab focused event="tab.focus" subsystem="tab" outcome="ok" workspace_id="wP" tab_id="wP:t1"
2026-07-30T21:36:28.423406Z  INFO herdr::logging: tab focused event="tab.focus" subsystem="tab" outcome="ok" workspace_id="wP" tab_id="wP:t2"
2026-07-30T21:36:29.529877Z  INFO herdr::logging: api request received event="api.request.start" subsystem="api" outcome="started" request_id="cli:server:reload-config" method="server.reload_config" changes_ui=true
2026-07-30T21:36:29.530303Z  WARN herdr::app: unknown theme, falling back theme="catppuccin-frappe" fallback="catppuccin"
2026-07-30T21:36:29.530362Z  INFO herdr::logging: api request completed event="api.request.complete" subsystem="api" outcome="ok" request_id="cli:server:reload-config" method="server.reload_config"
2026-07-30T21:36:31.092580Z  INFO herdr::logging: api request received event="api.request.start" subsystem="api" outcome="started" request_id="cli:plugin" method="plugin.pane.open" changes_ui=true
2026-07-30T21:36:31.093553Z  INFO herdr::logging: spawning pane terminal event="pane.spawn.start" subsystem="pane" outcome="started" pane_id=18 rows=46 cols=131 scrollback_limit_bytes=10000000
2026-07-30T21:36:31.097703Z  INFO herdr::logging: pane child spawned event="pane.spawned" subsystem="pane" outcome="ok" pane_id=18 pid=6524
2026-07-30T21:36:31.097945Z  INFO herdr::logging: tab focused event="tab.focus" subsystem="tab" outcome="ok" workspace_id="wP" tab_id="wP:t2"
2026-07-30T21:36:31.098547Z  INFO herdr::logging: api request completed event="api.request.complete" subsystem="api" outcome="ok" request_id="cli:plugin" method="plugin.pane.open"
2026-07-30T21:36:36.103685Z  INFO herdr::logging: session saved event="persist.save" subsystem="persist" outcome="ok" path=/Users/alex/.config/herdr/session.json workspaces=2
2026-07-30T21:36:51.157479Z  INFO herdr::logging: pane child exited event="pane.exit" subsystem="pane" outcome="completed" pane_id=18 status="ExitStatus { code: 0, signal: None }"
2026-07-30T21:36:51.159113Z  INFO herdr::pane: pane session terminated pane=18 pid=6524 signal=Hangup
2026-07-30T21:36:52.998222Z  INFO herdr::logging: tab focused event="tab.focus" subsystem="tab" outcome="ok" workspace_id="wP" tab_id="wP:t1"
2026-07-30T21:36:58.004117Z  INFO herdr::logging: session saved event="persist.save" subsystem="persist" outcome="ok" path=/Users/alex/.config/herdr/session.json workspaces=2
2026-07-30T21:37:51.294334Z  INFO herdr::logging: tab focused event="tab.focus" subsystem="tab" outcome="ok" workspace_id="wP" tab_id="wP:t2"
2026-07-30T21:37:52.510990Z  INFO herdr::logging: api request received event="api.request.start" subsystem="api" outcome="started" request_id="cli:server:reload-config" method="server.reload_config" changes_ui=true
2026-07-30T21:37:52.511720Z  WARN herdr::app: unknown theme, falling back theme="catppuccin-frappe" fallback="catppuccin"
2026-07-30T21:37:52.511789Z  INFO herdr::logging: api request completed event="api.request.complete" subsystem="api" outcome="ok" request_id="cli:server:reload-config" method="server.reload_config"
2026-07-30T21:37:54.114108Z  INFO herdr::logging: api request received event="api.request.start" subsystem="api" outcome="started" request_id="cli:plugin" method="plugin.pane.open" changes_ui=true
2026-07-30T21:37:54.114974Z  INFO herdr::logging: spawning pane terminal event="pane.spawn.start" subsystem="pane" outcome="started" pane_id=19 rows=46 cols=131 scrollback_limit_bytes=10000000
2026-07-30T21:37:54.118299Z  INFO herdr::logging: pane child spawned event="pane.spawned" subsystem="pane" outcome="ok" pane_id=19 pid=6593
2026-07-30T21:37:54.118515Z  INFO herdr::logging: tab focused event="tab.focus" subsystem="tab" outcome="ok" workspace_id="wP" tab_id="wP:t2"
2026-07-30T21:37:54.119096Z  INFO herdr::logging: api request completed event="api.request.complete" subsystem="api" outcome="ok" request_id="cli:plugin" method="plugin.pane.open"
2026-07-30T21:37:57.444341Z  INFO herdr::logging: api request received event="api.request.start" subsystem="api" outcome="started" request_id="cli:workspace:create" method="workspace.create" changes_ui=true
2026-07-30T21:37:57.444658Z  INFO herdr::logging: spawning pane terminal event="pane.spawn.start" subsystem="pane" outcome="started" pane_id=20 rows=46 cols=131 scrollback_limit_bytes=10000000
2026-07-30T21:37:57.448345Z  INFO herdr::logging: pane child spawned event="pane.spawned" subsystem="pane" outcome="ok" pane_id=20 pid=6602
2026-07-30T21:37:57.449108Z  INFO herdr::logging: workspace created event="workspace.create" subsystem="workspace" outcome="ok" workspace_id="wS" pane_id=20
2026-07-30T21:37:57.449130Z  INFO herdr::logging: workspace focused event="workspace.focus" subsystem="workspace" outcome="ok" workspace_id="wS"
2026-07-30T21:37:57.449249Z  INFO herdr::logging: tab focused event="tab.focus" subsystem="tab" outcome="ok" workspace_id="wS" tab_id="wS:t1"
2026-07-30T21:37:57.449263Z  INFO herdr::logging: workspace renamed event="workspace.rename" subsystem="workspace" outcome="ok" workspace_id="wS"
2026-07-30T21:37:57.451473Z  INFO herdr::logging: api request completed event="api.request.complete" subsystem="api" outcome="ok" request_id="cli:workspace:create" method="workspace.create"
2026-07-30T21:37:57.459647Z  INFO herdr::logging: api request received event="api.request.start" subsystem="api" outcome="started" request_id="cli:tab:rename" method="tab.rename" changes_ui=true
2026-07-30T21:37:57.459709Z  INFO herdr::logging: tab renamed event="tab.rename" subsystem="tab" outcome="ok" workspace_id="wS" tab_id="wS:t1"
2026-07-30T21:37:57.460251Z  INFO herdr::logging: api request completed event="api.request.complete" subsystem="api" outcome="ok" request_id="cli:tab:rename" method="tab.rename"
2026-07-30T21:37:57.465824Z  INFO herdr::logging: api request received event="api.request.start" subsystem="api" outcome="started" request_id="cli:tab:create" method="tab.create" changes_ui=true
2026-07-30T21:37:57.465895Z  INFO herdr::logging: spawning pane terminal event="pane.spawn.start" subsystem="pane" outcome="started" pane_id=21 rows=46 cols=131 scrollback_limit_bytes=10000000
2026-07-30T21:37:57.468439Z  INFO herdr::logging: pane child spawned event="pane.spawned" subsystem="pane" outcome="ok" pane_id=21 pid=6605
2026-07-30T21:37:57.468575Z  INFO herdr::logging: tab renamed event="tab.rename" subsystem="tab" outcome="ok" workspace_id="wS" tab_id="wS:t2"
2026-07-30T21:37:57.469520Z  INFO herdr::logging: api request completed event="api.request.complete" subsystem="api" outcome="ok" request_id="cli:tab:create" method="tab.create"
2026-07-30T21:37:57.483407Z  INFO herdr::logging: api request received event="api.request.start" subsystem="api" outcome="started" request_id="cli:notification:show" method="notification.show" changes_ui=true
2026-07-30T21:37:57.483444Z  INFO herdr::logging: api request completed event="api.request.complete" subsystem="api" outcome="ok" request_id="cli:notification:show" method="notification.show"
2026-07-30T21:37:57.484170Z  INFO herdr::logging: pane child exited event="pane.exit" subsystem="pane" outcome="completed" pane_id=19 status="ExitStatus { code: 0, signal: None }"
2026-07-30T21:37:57.484499Z  INFO herdr::pane: pane session terminated pane=19 pid=6593 signal=Hangup
2026-07-30T21:37:59.713845Z  INFO herdr::logging: tab focused event="tab.focus" subsystem="tab" outcome="ok" workspace_id="wS" tab_id="wS:t2"
2026-07-30T21:38:00.492346Z  INFO herdr::logging: tab focused event="tab.focus" subsystem="tab" outcome="ok" workspace_id="wS" tab_id="wS:t1"
2026-07-30T21:38:03.052858Z  INFO herdr::logging: workspace closed event="workspace.close" subsystem="workspace" outcome="ok" workspace_id="wS"
2026-07-30T21:38:03.055986Z  INFO herdr::logging: pane child exited event="pane.exit" subsystem="pane" outcome="completed" pane_id=20 status="ExitStatus { code: 1, signal: None }"
2026-07-30T21:38:03.077732Z  INFO herdr::pane: pane session terminated pane=20 pid=6602 signal=Hangup
2026-07-30T21:38:03.079808Z  INFO herdr::logging: pane child exited event="pane.exit" subsystem="pane" outcome="completed" pane_id=21 status="ExitStatus { code: 1, signal: None }"
2026-07-30T21:38:03.102864Z  INFO herdr::pane: pane session terminated pane=21 pid=6605 signal=Hangup
2026-07-30T21:38:03.104829Z  WARN herdr::app::actions: PaneDied for unknown pane pane=20
2026-07-30T21:38:03.104865Z  WARN herdr::app::actions: PaneDied for unknown pane pane=21
2026-07-30T21:38:05.227047Z  INFO herdr::logging: tab focused event="tab.focus" subsystem="tab" outcome="ok" workspace_id="wP" tab_id="wP:t1"
2026-07-30T21:38:10.236418Z  INFO herdr::logging: session saved event="persist.save" subsystem="persist" outcome="ok" path=/Users/alex/.config/herdr/session.json workspaces=2
2026-07-30T21:40:52.027295Z  INFO herdr::logging: tab focused event="tab.focus" subsystem="tab" outcome="ok" workspace_id="wP" tab_id="wP:t2"
2026-07-30T21:40:53.202766Z  INFO herdr::logging: api request received event="api.request.start" subsystem="api" outcome="started" request_id="cli:server:reload-config" method="server.reload_config" changes_ui=true
2026-07-30T21:40:53.203393Z  WARN herdr::app: unknown theme, falling back theme="catppuccin-frappe" fallback="catppuccin"
2026-07-30T21:40:53.203460Z  INFO herdr::logging: api request completed event="api.request.complete" subsystem="api" outcome="ok" request_id="cli:server:reload-config" method="server.reload_config"
2026-07-30T21:40:55.407362Z  INFO herdr::logging: api request received event="api.request.start" subsystem="api" outcome="started" request_id="cli:plugin" method="plugin.pane.open" changes_ui=true
2026-07-30T21:40:55.408259Z  INFO herdr::logging: spawning pane terminal event="pane.spawn.start" subsystem="pane" outcome="started" pane_id=22 rows=46 cols=131 scrollback_limit_bytes=10000000
2026-07-30T21:40:55.412140Z  INFO herdr::logging: pane child spawned event="pane.spawned" subsystem="pane" outcome="ok" pane_id=22 pid=8264
2026-07-30T21:40:55.412481Z  INFO herdr::logging: tab focused event="tab.focus" subsystem="tab" outcome="ok" workspace_id="wP" tab_id="wP:t2"
2026-07-30T21:40:55.413241Z  INFO herdr::logging: api request completed event="api.request.complete" subsystem="api" outcome="ok" request_id="cli:plugin" method="plugin.pane.open"
2026-07-30T21:40:59.227468Z  INFO herdr::logging: api request received event="api.request.start" subsystem="api" outcome="started" request_id="cli:workspace:create" method="workspace.create" changes_ui=true
2026-07-30T21:40:59.227642Z  INFO herdr::logging: spawning pane terminal event="pane.spawn.start" subsystem="pane" outcome="started" pane_id=23 rows=46 cols=131 scrollback_limit_bytes=10000000
2026-07-30T21:40:59.231737Z  INFO herdr::logging: pane child spawned event="pane.spawned" subsystem="pane" outcome="ok" pane_id=23 pid=8272
2026-07-30T21:40:59.234975Z  INFO herdr::logging: workspace created event="workspace.create" subsystem="workspace" outcome="ok" workspace_id="wT" pane_id=23
2026-07-30T21:40:59.235016Z  INFO herdr::logging: workspace focused event="workspace.focus" subsystem="workspace" outcome="ok" workspace_id="wT"
2026-07-30T21:40:59.235125Z  INFO herdr::logging: tab focused event="tab.focus" subsystem="tab" outcome="ok" workspace_id="wT" tab_id="wT:t1"
2026-07-30T21:40:59.235136Z  INFO herdr::logging: workspace renamed event="workspace.rename" subsystem="workspace" outcome="ok" workspace_id="wT"
2026-07-30T21:40:59.237072Z  INFO herdr::logging: api request completed event="api.request.complete" subsystem="api" outcome="ok" request_id="cli:workspace:create" method="workspace.create"
2026-07-30T21:40:59.244834Z  INFO herdr::logging: api request received event="api.request.start" subsystem="api" outcome="started" request_id="cli:tab:rename" method="tab.rename" changes_ui=true
2026-07-30T21:40:59.244900Z  INFO herdr::logging: tab renamed event="tab.rename" subsystem="tab" outcome="ok" workspace_id="wT" tab_id="wT:t1"
2026-07-30T21:40:59.245386Z  INFO herdr::logging: api request completed event="api.request.complete" subsystem="api" outcome="ok" request_id="cli:tab:rename" method="tab.rename"
2026-07-30T21:40:59.251060Z  INFO herdr::logging: api request received event="api.request.start" subsystem="api" outcome="started" request_id="cli:pane:rename" method="pane.rename" changes_ui=true
2026-07-30T21:40:59.251214Z  INFO herdr::logging: api request completed event="api.request.complete" subsystem="api" outcome="ok" request_id="cli:pane:rename" method="pane.rename"
2026-07-30T21:40:59.256252Z  INFO herdr::logging: api request received event="api.request.start" subsystem="api" outcome="started" request_id="cli:pane:split" method="pane.split" changes_ui=true
2026-07-30T21:40:59.256350Z  INFO herdr::logging: spawning pane terminal event="pane.spawn.start" subsystem="pane" outcome="started" pane_id=24 rows=46 cols=131 scrollback_limit_bytes=10000000
2026-07-30T21:40:59.258994Z  INFO herdr::logging: pane child spawned event="pane.spawned" subsystem="pane" outcome="ok" pane_id=24 pid=8276
2026-07-30T21:40:59.259689Z  INFO herdr::logging: api request completed event="api.request.complete" subsystem="api" outcome="ok" request_id="cli:pane:split" method="pane.split"
2026-07-30T21:40:59.264463Z  INFO herdr::logging: api request received event="api.request.start" subsystem="api" outcome="started" request_id="cli:pane:rename" method="pane.rename" changes_ui=true
2026-07-30T21:40:59.264581Z  INFO herdr::logging: api request completed event="api.request.complete" subsystem="api" outcome="ok" request_id="cli:pane:rename" method="pane.rename"
2026-07-30T21:40:59.268611Z  INFO herdr::logging: api request received event="api.request.start" subsystem="api" outcome="started" request_id="cli:tab:create" method="tab.create" changes_ui=true
2026-07-30T21:40:59.268667Z  INFO herdr::logging: spawning pane terminal event="pane.spawn.start" subsystem="pane" outcome="started" pane_id=25 rows=46 cols=66 scrollback_limit_bytes=10000000
2026-07-30T21:40:59.271096Z  INFO herdr::logging: pane child spawned event="pane.spawned" subsystem="pane" outcome="ok" pane_id=25 pid=8279
2026-07-30T21:40:59.271196Z  INFO herdr::logging: tab renamed event="tab.rename" subsystem="tab" outcome="ok" workspace_id="wT" tab_id="wT:t2"
2026-07-30T21:40:59.271982Z  INFO herdr::logging: api request completed event="api.request.complete" subsystem="api" outcome="ok" request_id="cli:tab:create" method="tab.create"
2026-07-30T21:40:59.287299Z  INFO herdr::logging: api request received event="api.request.start" subsystem="api" outcome="started" request_id="cli:notification:show" method="notification.show" changes_ui=true
2026-07-30T21:40:59.287356Z  INFO herdr::logging: api request completed event="api.request.complete" subsystem="api" outcome="ok" request_id="cli:notification:show" method="notification.show"
2026-07-30T21:40:59.287972Z  INFO herdr::logging: pane child exited event="pane.exit" subsystem="pane" outcome="completed" pane_id=22 status="ExitStatus { code: 0, signal: None }"
2026-07-30T21:40:59.288326Z  INFO herdr::pane: pane session terminated pane=22 pid=8264 signal=Hangup
2026-07-30T21:40:59.815372Z  INFO herdr::pane: agent changed pane=24 previous_agent=None agent=Some(Claude) process=claude pgid=Some(8423)
2026-07-30T21:41:04.741375Z  INFO herdr::logging: session saved event="persist.save" subsystem="persist" outcome="ok" path=/Users/alex/.config/herdr/session.json workspaces=3
2026-07-30T21:41:12.301494Z  INFO herdr::logging: workspace closed event="workspace.close" subsystem="workspace" outcome="ok" workspace_id="wT"
2026-07-30T21:41:12.305406Z  INFO herdr::logging: pane child exited event="pane.exit" subsystem="pane" outcome="completed" pane_id=23 status="ExitStatus { code: 1, signal: None }"
2026-07-30T21:41:12.327143Z  INFO herdr::pane: pane session terminated pane=23 pid=8272 signal=Hangup
2026-07-30T21:41:12.329765Z  INFO herdr::logging: pane child exited event="pane.exit" subsystem="pane" outcome="completed" pane_id=24 status="ExitStatus { code: 1, signal: None }"
2026-07-30T21:41:12.888146Z  INFO herdr::pane: pane session terminated pane=24 pid=8276 signal=Kill
2026-07-30T21:41:12.889803Z  INFO herdr::logging: pane child exited event="pane.exit" subsystem="pane" outcome="completed" pane_id=25 status="ExitStatus { code: 1, signal: None }"
2026-07-30T21:41:12.913792Z  INFO herdr::pane: pane session terminated pane=25 pid=8279 signal=Hangup
2026-07-30T21:41:12.914629Z  WARN herdr::app::actions: PaneDied for unknown pane pane=23
2026-07-30T21:41:12.914641Z  WARN herdr::app::actions: PaneDied for unknown pane pane=24
2026-07-30T21:41:12.914647Z  WARN herdr::app::actions: PaneDied for unknown pane pane=25
2026-07-30T21:41:17.917547Z  INFO herdr::logging: session saved event="persist.save" subsystem="persist" outcome="ok" path=/Users/alex/.config/herdr/session.json workspaces=2
2026-07-30T21:43:15.525744Z  INFO herdr::logging: tab focused event="tab.focus" subsystem="tab" outcome="ok" workspace_id="wP" tab_id="wP:t1"
2026-07-30T21:43:20.529744Z  INFO herdr::logging: session saved event="persist.save" subsystem="persist" outcome="ok" path=/Users/alex/.config/herdr/session.json workspaces=2
2026-07-30T21:48:10.697599Z  INFO herdr::logging: tab focused event="tab.focus" subsystem="tab" outcome="ok" workspace_id="wP" tab_id="wP:t2"
2026-07-30T21:48:11.882344Z  INFO herdr::logging: api request received event="api.request.start" subsystem="api" outcome="started" request_id="cli:server:reload-config" method="server.reload_config" changes_ui=true
2026-07-30T21:48:11.883390Z  WARN herdr::app: unknown theme, falling back theme="catppuccin-frappe" fallback="catppuccin"
2026-07-30T21:48:11.883468Z  INFO herdr::logging: api request completed event="api.request.complete" subsystem="api" outcome="ok" request_id="cli:server:reload-config" method="server.reload_config"
2026-07-30T21:48:15.713196Z  INFO herdr::logging: session saved event="persist.save" subsystem="persist" outcome="ok" path=/Users/alex/.config/herdr/session.json workspaces=2
2026-07-30T21:48:16.659705Z  INFO herdr::logging: api request received event="api.request.start" subsystem="api" outcome="started" request_id="cli:plugin" method="plugin.pane.open" changes_ui=true
2026-07-30T21:48:16.660495Z  INFO herdr::logging: spawning pane terminal event="pane.spawn.start" subsystem="pane" outcome="started" pane_id=26 rows=46 cols=131 scrollback_limit_bytes=10000000
2026-07-30T21:48:16.664510Z  INFO herdr::logging: pane child spawned event="pane.spawned" subsystem="pane" outcome="ok" pane_id=26 pid=13361
2026-07-30T21:48:16.664731Z  INFO herdr::logging: tab focused event="tab.focus" subsystem="tab" outcome="ok" workspace_id="wP" tab_id="wP:t2"
2026-07-30T21:48:16.665392Z  INFO herdr::logging: api request completed event="api.request.complete" subsystem="api" outcome="ok" request_id="cli:plugin" method="plugin.pane.open"
2026-07-30T21:48:20.544322Z  INFO herdr::logging: api request received event="api.request.start" subsystem="api" outcome="started" request_id="cli:workspace:create" method="workspace.create" changes_ui=true
2026-07-30T21:48:20.544631Z  INFO herdr::logging: spawning pane terminal event="pane.spawn.start" subsystem="pane" outcome="started" pane_id=27 rows=46 cols=131 scrollback_limit_bytes=10000000
2026-07-30T21:48:20.548058Z  INFO herdr::logging: pane child spawned event="pane.spawned" subsystem="pane" outcome="ok" pane_id=27 pid=13370
2026-07-30T21:48:20.548656Z  INFO herdr::logging: workspace created event="workspace.create" subsystem="workspace" outcome="ok" workspace_id="wV" pane_id=27
2026-07-30T21:48:20.548668Z  INFO herdr::logging: workspace focused event="workspace.focus" subsystem="workspace" outcome="ok" workspace_id="wV"
2026-07-30T21:48:20.548751Z  INFO herdr::logging: tab focused event="tab.focus" subsystem="tab" outcome="ok" workspace_id="wV" tab_id="wV:t1"
2026-07-30T21:48:20.548762Z  INFO herdr::logging: workspace renamed event="workspace.rename" subsystem="workspace" outcome="ok" workspace_id="wV"
2026-07-30T21:48:20.551148Z  INFO herdr::logging: api request completed event="api.request.complete" subsystem="api" outcome="ok" request_id="cli:workspace:create" method="workspace.create"
2026-07-30T21:48:20.558600Z  INFO herdr::logging: api request received event="api.request.start" subsystem="api" outcome="started" request_id="cli:tab:rename" method="tab.rename" changes_ui=true
2026-07-30T21:48:20.558673Z  INFO herdr::logging: tab renamed event="tab.rename" subsystem="tab" outcome="ok" workspace_id="wV" tab_id="wV:t1"
2026-07-30T21:48:20.559170Z  INFO herdr::logging: api request completed event="api.request.complete" subsystem="api" outcome="ok" request_id="cli:tab:rename" method="tab.rename"
2026-07-30T21:48:20.564826Z  INFO herdr::logging: api request received event="api.request.start" subsystem="api" outcome="started" request_id="cli:tab:create" method="tab.create" changes_ui=true
2026-07-30T21:48:20.564905Z  INFO herdr::logging: spawning pane terminal event="pane.spawn.start" subsystem="pane" outcome="started" pane_id=28 rows=46 cols=131 scrollback_limit_bytes=10000000
2026-07-30T21:48:20.567720Z  INFO herdr::logging: pane child spawned event="pane.spawned" subsystem="pane" outcome="ok" pane_id=28 pid=13373
2026-07-30T21:48:20.567851Z  INFO herdr::logging: tab renamed event="tab.rename" subsystem="tab" outcome="ok" workspace_id="wV" tab_id="wV:t2"
2026-07-30T21:48:20.568804Z  INFO herdr::logging: api request completed event="api.request.complete" subsystem="api" outcome="ok" request_id="cli:tab:create" method="tab.create"
2026-07-30T21:48:20.582470Z  INFO herdr::logging: api request received event="api.request.start" subsystem="api" outcome="started" request_id="cli:notification:show" method="notification.show" changes_ui=true
2026-07-30T21:48:20.582512Z  INFO herdr::logging: api request completed event="api.request.complete" subsystem="api" outcome="ok" request_id="cli:notification:show" method="notification.show"
2026-07-30T21:48:20.583267Z  INFO herdr::logging: pane child exited event="pane.exit" subsystem="pane" outcome="completed" pane_id=26 status="ExitStatus { code: 0, signal: None }"
2026-07-30T21:48:20.583620Z  INFO herdr::pane: pane session terminated pane=26 pid=13361 signal=Hangup
2026-07-30T21:48:20.870262Z  INFO herdr::logging: api request received event="api.request.start" subsystem="api" outcome="started" request_id="cli:pane:split" method="pane.split" changes_ui=true
2026-07-30T21:48:20.870351Z  INFO herdr::logging: spawning pane terminal event="pane.spawn.start" subsystem="pane" outcome="started" pane_id=29 rows=46 cols=131 scrollback_limit_bytes=10000000
2026-07-30T21:48:20.872346Z  INFO herdr::logging: pane child spawned event="pane.spawned" subsystem="pane" outcome="ok" pane_id=29 pid=13530
2026-07-30T21:48:20.872810Z  INFO herdr::logging: api request completed event="api.request.complete" subsystem="api" outcome="ok" request_id="cli:pane:split" method="pane.split"
2026-07-30T21:48:20.923785Z  INFO herdr::logging: api request received event="api.request.start" subsystem="api" outcome="started" request_id="cli:pane:rename" method="pane.rename" changes_ui=true
2026-07-30T21:48:20.923950Z  INFO herdr::logging: api request completed event="api.request.complete" subsystem="api" outcome="ok" request_id="cli:pane:rename" method="pane.rename"
2026-07-30T21:48:21.433428Z  INFO herdr::pane: agent changed pane=29 previous_agent=None agent=Some(Claude) process=claude pgid=Some(13636)
2026-07-30T21:48:24.174747Z  INFO herdr::logging: tab focused event="tab.focus" subsystem="tab" outcome="ok" workspace_id="wV" tab_id="wV:t2"
2026-07-30T21:48:24.742932Z  INFO herdr::logging: tab focused event="tab.focus" subsystem="tab" outcome="ok" workspace_id="wV" tab_id="wV:t1"
2026-07-30T21:48:29.752398Z  INFO herdr::logging: session saved event="persist.save" subsystem="persist" outcome="ok" path=/Users/alex/.config/herdr/session.json workspaces=3
2026-07-30T21:48:29.996266Z  INFO herdr::logging: workspace focused event="workspace.focus" subsystem="workspace" outcome="ok" workspace_id="wP"
2026-07-30T21:48:29.996556Z  INFO herdr::logging: tab focused event="tab.focus" subsystem="tab" outcome="ok" workspace_id="wP" tab_id="wP:t2"
2026-07-30T21:48:30.961059Z  INFO herdr::logging: workspace focused event="workspace.focus" subsystem="workspace" outcome="ok" workspace_id="wN"
2026-07-30T21:48:30.961389Z  INFO herdr::logging: tab focused event="tab.focus" subsystem="tab" outcome="ok" workspace_id="wN" tab_id="wN:t1"
2026-07-30T21:48:31.552594Z  INFO herdr::logging: workspace focused event="workspace.focus" subsystem="workspace" outcome="ok" workspace_id="wP"
2026-07-30T21:48:31.552843Z  INFO herdr::logging: tab focused event="tab.focus" subsystem="tab" outcome="ok" workspace_id="wP" tab_id="wP:t2"
2026-07-30T21:48:31.711285Z  INFO herdr::logging: workspace focused event="workspace.focus" subsystem="workspace" outcome="ok" workspace_id="wV"
2026-07-30T21:48:31.711528Z  INFO herdr::logging: tab focused event="tab.focus" subsystem="tab" outcome="ok" workspace_id="wV" tab_id="wV:t1"
2026-07-30T21:48:33.492973Z  INFO herdr::logging: api request received event="api.request.start" subsystem="api" outcome="started" request_id="cli:plugin" method="plugin.pane.open" changes_ui=true
2026-07-30T21:48:33.493968Z  INFO herdr::logging: spawning pane terminal event="pane.spawn.start" subsystem="pane" outcome="started" pane_id=30 rows=46 cols=92 scrollback_limit_bytes=10000000
2026-07-30T21:48:33.498169Z  INFO herdr::logging: pane child spawned event="pane.spawned" subsystem="pane" outcome="ok" pane_id=30 pid=15053
2026-07-30T21:48:33.498404Z  INFO herdr::logging: tab focused event="tab.focus" subsystem="tab" outcome="ok" workspace_id="wV" tab_id="wV:t1"
2026-07-30T21:48:33.499003Z  INFO herdr::logging: api request completed event="api.request.complete" subsystem="api" outcome="ok" request_id="cli:plugin" method="plugin.pane.open"
2026-07-30T21:48:35.094690Z  INFO herdr::logging: api request received event="api.request.start" subsystem="api" outcome="started" request_id="cli:workspace:focus" method="workspace.focus" changes_ui=true
2026-07-30T21:48:35.094759Z  INFO herdr::logging: workspace focused event="workspace.focus" subsystem="workspace" outcome="ok" workspace_id="wP"
2026-07-30T21:48:35.094831Z  INFO herdr::logging: tab focused event="tab.focus" subsystem="tab" outcome="ok" workspace_id="wP" tab_id="wP:t2"
2026-07-30T21:48:35.094862Z  INFO herdr::logging: api request completed event="api.request.complete" subsystem="api" outcome="ok" request_id="cli:workspace:focus" method="workspace.focus"
2026-07-30T21:48:35.109607Z  INFO herdr::logging: api request received event="api.request.start" subsystem="api" outcome="started" request_id="cli:notification:show" method="notification.show" changes_ui=true
2026-07-30T21:48:35.109663Z  INFO herdr::logging: api request completed event="api.request.complete" subsystem="api" outcome="ok" request_id="cli:notification:show" method="notification.show"
2026-07-30T21:48:35.110677Z  INFO herdr::logging: pane child exited event="pane.exit" subsystem="pane" outcome="completed" pane_id=30 status="ExitStatus { code: 0, signal: None }"
2026-07-30T21:48:35.111184Z  INFO herdr::pane: pane session terminated pane=30 pid=15053 signal=Hangup
2026-07-30T21:48:37.744330Z  INFO herdr::logging: workspace focused event="workspace.focus" subsystem="workspace" outcome="ok" workspace_id="wV"
2026-07-30T21:48:37.744675Z  INFO herdr::logging: tab focused event="tab.focus" subsystem="tab" outcome="ok" workspace_id="wV" tab_id="wV:t1"
2026-07-30T21:48:38.215175Z  INFO herdr::logging: workspace focused event="workspace.focus" subsystem="workspace" outcome="ok" workspace_id="wP"
2026-07-30T21:48:38.215466Z  INFO herdr::logging: tab focused event="tab.focus" subsystem="tab" outcome="ok" workspace_id="wP" tab_id="wP:t2"
2026-07-30T21:48:38.615513Z  INFO herdr::logging: workspace focused event="workspace.focus" subsystem="workspace" outcome="ok" workspace_id="wV"
2026-07-30T21:48:38.615811Z  INFO herdr::logging: tab focused event="tab.focus" subsystem="tab" outcome="ok" workspace_id="wV" tab_id="wV:t1"
2026-07-30T21:48:42.505881Z  INFO herdr::logging: workspace focused event="workspace.focus" subsystem="workspace" outcome="ok" workspace_id="wP"
2026-07-30T21:48:42.506214Z  INFO herdr::logging: tab focused event="tab.focus" subsystem="tab" outcome="ok" workspace_id="wP" tab_id="wP:t2"
2026-07-30T21:48:43.110705Z  INFO herdr::logging: workspace focused event="workspace.focus" subsystem="workspace" outcome="ok" workspace_id="wV"
2026-07-30T21:48:43.110957Z  INFO herdr::logging: tab focused event="tab.focus" subsystem="tab" outcome="ok" workspace_id="wV" tab_id="wV:t1"
2026-07-30T21:48:44.183148Z  INFO herdr::logging: workspace closed event="workspace.close" subsystem="workspace" outcome="ok" workspace_id="wV"
2026-07-30T21:48:44.186629Z  INFO herdr::logging: pane child exited event="pane.exit" subsystem="pane" outcome="completed" pane_id=29 status="ExitStatus { code: 1, signal: None }"
2026-07-30T21:48:44.734127Z  INFO herdr::pane: pane session terminated pane=29 pid=13530 signal=Kill
2026-07-30T21:48:44.735408Z  INFO herdr::logging: pane child exited event="pane.exit" subsystem="pane" outcome="completed" pane_id=27 status="ExitStatus { code: 1, signal: Some(\"Hangup: 1\") }"
2026-07-30T21:48:44.759777Z  INFO herdr::pane: pane session terminated pane=27 pid=13370 signal=Hangup
2026-07-30T21:48:44.761086Z  INFO herdr::logging: pane child exited event="pane.exit" subsystem="pane" outcome="completed" pane_id=28 status="ExitStatus { code: 1, signal: None }"
2026-07-30T21:48:44.785253Z  INFO herdr::pane: pane session terminated pane=28 pid=13373 signal=Hangup
2026-07-30T21:48:44.785961Z  WARN herdr::app::actions: PaneDied for unknown pane pane=29
2026-07-30T21:48:44.785971Z  WARN herdr::app::actions: PaneDied for unknown pane pane=27
2026-07-30T21:48:44.785977Z  WARN herdr::app::actions: PaneDied for unknown pane pane=28
2026-07-30T21:48:46.741817Z  INFO herdr::logging: tab focused event="tab.focus" subsystem="tab" outcome="ok" workspace_id="wP" tab_id="wP:t1"
2026-07-30T21:48:51.752009Z  INFO herdr::logging: session saved event="persist.save" subsystem="persist" outcome="ok" path=/Users/alex/.config/herdr/session.json workspaces=2
2026-07-30T21:48:56.962348Z  INFO herdr::logging: api request received event="api.request.start" subsystem="api" outcome="started" request_id="cli:plugin" method="plugin.pane.open" changes_ui=true
2026-07-30T21:48:56.963398Z  INFO herdr::logging: spawning pane terminal event="pane.spawn.start" subsystem="pane" outcome="started" pane_id=31 rows=46 cols=92 scrollback_limit_bytes=10000000
2026-07-30T21:48:56.967801Z  INFO herdr::logging: pane child spawned event="pane.spawned" subsystem="pane" outcome="ok" pane_id=31 pid=15081
2026-07-30T21:48:56.968026Z  INFO herdr::logging: tab focused event="tab.focus" subsystem="tab" outcome="ok" workspace_id="wP" tab_id="wP:t1"
2026-07-30T21:48:56.968686Z  INFO herdr::logging: api request completed event="api.request.complete" subsystem="api" outcome="ok" request_id="cli:plugin" method="plugin.pane.open"
2026-07-30T21:49:00.212470Z  INFO herdr::logging: api request received event="api.request.start" subsystem="api" outcome="started" request_id="cli:workspace:create" method="workspace.create" changes_ui=true
2026-07-30T21:49:00.212643Z  INFO herdr::logging: spawning pane terminal event="pane.spawn.start" subsystem="pane" outcome="started" pane_id=32 rows=46 cols=131 scrollback_limit_bytes=10000000
2026-07-30T21:49:00.216724Z  INFO herdr::logging: pane child spawned event="pane.spawned" subsystem="pane" outcome="ok" pane_id=32 pid=15089
2026-07-30T21:49:00.217014Z  INFO herdr::logging: workspace created event="workspace.create" subsystem="workspace" outcome="ok" workspace_id="wW" pane_id=32
2026-07-30T21:49:00.217026Z  INFO herdr::logging: workspace focused event="workspace.focus" subsystem="workspace" outcome="ok" workspace_id="wW"
2026-07-30T21:49:00.217113Z  INFO herdr::logging: tab focused event="tab.focus" subsystem="tab" outcome="ok" workspace_id="wW" tab_id="wW:t1"
2026-07-30T21:49:00.217124Z  INFO herdr::logging: workspace renamed event="workspace.rename" subsystem="workspace" outcome="ok" workspace_id="wW"
2026-07-30T21:49:00.218997Z  INFO herdr::logging: api request completed event="api.request.complete" subsystem="api" outcome="ok" request_id="cli:workspace:create" method="workspace.create"
2026-07-30T21:49:00.227412Z  INFO herdr::logging: api request received event="api.request.start" subsystem="api" outcome="started" request_id="cli:tab:rename" method="tab.rename" changes_ui=true
2026-07-30T21:49:00.227494Z  INFO herdr::logging: tab renamed event="tab.rename" subsystem="tab" outcome="ok" workspace_id="wW" tab_id="wW:t1"
2026-07-30T21:49:00.228122Z  INFO herdr::logging: api request completed event="api.request.complete" subsystem="api" outcome="ok" request_id="cli:tab:rename" method="tab.rename"
2026-07-30T21:49:00.234315Z  INFO herdr::logging: api request received event="api.request.start" subsystem="api" outcome="started" request_id="cli:tab:create" method="tab.create" changes_ui=true
2026-07-30T21:49:00.234400Z  INFO herdr::logging: spawning pane terminal event="pane.spawn.start" subsystem="pane" outcome="started" pane_id=33 rows=46 cols=131 scrollback_limit_bytes=10000000
2026-07-30T21:49:00.237412Z  INFO herdr::logging: pane child spawned event="pane.spawned" subsystem="pane" outcome="ok" pane_id=33 pid=15092
2026-07-30T21:49:00.237536Z  INFO herdr::logging: tab renamed event="tab.rename" subsystem="tab" outcome="ok" workspace_id="wW" tab_id="wW:t2"
2026-07-30T21:49:00.238616Z  INFO herdr::logging: api request completed event="api.request.complete" subsystem="api" outcome="ok" request_id="cli:tab:create" method="tab.create"
2026-07-30T21:49:00.252382Z  INFO herdr::logging: api request received event="api.request.start" subsystem="api" outcome="started" request_id="cli:notification:show" method="notification.show" changes_ui=true
2026-07-30T21:49:00.252429Z  INFO herdr::logging: api request completed event="api.request.complete" subsystem="api" outcome="ok" request_id="cli:notification:show" method="notification.show"
2026-07-30T21:49:00.253165Z  INFO herdr::logging: pane child exited event="pane.exit" subsystem="pane" outcome="completed" pane_id=31 status="ExitStatus { code: 0, signal: None }"
2026-07-30T21:49:00.253524Z  INFO herdr::pane: pane session terminated pane=31 pid=15081 signal=Hangup
2026-07-30T21:49:00.528408Z  INFO herdr::logging: api request received event="api.request.start" subsystem="api" outcome="started" request_id="cli:pane:split" method="pane.split" changes_ui=true
2026-07-30T21:49:00.528514Z  INFO herdr::logging: spawning pane terminal event="pane.spawn.start" subsystem="pane" outcome="started" pane_id=34 rows=46 cols=131 scrollback_limit_bytes=10000000
2026-07-30T21:49:00.535568Z  INFO herdr::logging: pane child spawned event="pane.spawned" subsystem="pane" outcome="ok" pane_id=34 pid=15249
2026-07-30T21:49:00.537176Z  INFO herdr::logging: api request completed event="api.request.complete" subsystem="api" outcome="ok" request_id="cli:pane:split" method="pane.split"
2026-07-30T21:49:00.595489Z  INFO herdr::logging: api request received event="api.request.start" subsystem="api" outcome="started" request_id="cli:pane:rename" method="pane.rename" changes_ui=true
2026-07-30T21:49:00.595659Z  INFO herdr::logging: api request completed event="api.request.complete" subsystem="api" outcome="ok" request_id="cli:pane:rename" method="pane.rename"
2026-07-30T21:49:01.090214Z  INFO herdr::pane: agent changed pane=34 previous_agent=None agent=Some(Claude) process=claude pgid=Some(15355)
2026-07-30T21:49:05.969658Z  INFO herdr::logging: session saved event="persist.save" subsystem="persist" outcome="ok" path=/Users/alex/.config/herdr/session.json workspaces=3
2026-07-30T21:49:08.997161Z  INFO herdr::logging: workspace closed event="workspace.close" subsystem="workspace" outcome="ok" workspace_id="wW"
2026-07-30T21:49:08.999972Z  INFO herdr::logging: pane child exited event="pane.exit" subsystem="pane" outcome="completed" pane_id=32 status="ExitStatus { code: 1, signal: Some(\"Hangup: 1\") }"
2026-07-30T21:49:09.023319Z  INFO herdr::pane: pane session terminated pane=32 pid=15089 signal=Hangup
2026-07-30T21:49:09.025812Z  INFO herdr::logging: pane child exited event="pane.exit" subsystem="pane" outcome="completed" pane_id=34 status="ExitStatus { code: 1, signal: None }"
2026-07-30T21:49:09.578794Z  INFO herdr::pane: pane session terminated pane=34 pid=15249 signal=Kill
2026-07-30T21:49:09.580524Z  INFO herdr::logging: pane child exited event="pane.exit" subsystem="pane" outcome="completed" pane_id=33 status="ExitStatus { code: 1, signal: None }"
2026-07-30T21:49:09.604481Z  INFO herdr::pane: pane session terminated pane=33 pid=15092 signal=Hangup
2026-07-30T21:49:09.605712Z  WARN herdr::app::actions: PaneDied for unknown pane pane=32
2026-07-30T21:49:09.605742Z  WARN herdr::app::actions: PaneDied for unknown pane pane=34
2026-07-30T21:49:09.605751Z  WARN herdr::app::actions: PaneDied for unknown pane pane=33
2026-07-30T21:49:11.812791Z  INFO herdr::logging: workspace closed event="workspace.close" subsystem="workspace" outcome="ok" workspace_id="wP"
2026-07-30T21:49:11.816355Z  INFO herdr::logging: pane child exited event="pane.exit" subsystem="pane" outcome="completed" pane_id=6 status="ExitStatus { code: 1, signal: None }"
2026-07-30T21:49:12.125909Z  INFO herdr::pane: pane session terminated pane=6 pid=95738 signal=Terminate
2026-07-30T21:49:12.128114Z  INFO herdr::logging: pane child exited event="pane.exit" subsystem="pane" outcome="completed" pane_id=5 status="ExitStatus { code: 1, signal: None }"
2026-07-30T21:49:12.151728Z  INFO herdr::pane: pane session terminated pane=5 pid=95733 signal=Hangup
2026-07-30T21:49:12.152579Z  INFO herdr::logging: pane child exited event="pane.exit" subsystem="pane" outcome="completed" pane_id=7 status="ExitStatus { code: 1, signal: None }"
2026-07-30T21:49:12.177055Z  INFO herdr::pane: pane session terminated pane=7 pid=95744 signal=Hangup
2026-07-30T21:49:12.177599Z  WARN herdr::app::actions: PaneDied for unknown pane pane=6
2026-07-30T21:49:12.177607Z  WARN herdr::app::actions: PaneDied for unknown pane pane=5
2026-07-30T21:49:12.177611Z  WARN herdr::app::actions: PaneDied for unknown pane pane=7
2026-07-30T21:49:15.358024Z  INFO herdr::logging: api request received event="api.request.start" subsystem="api" outcome="started" request_id="cli:plugin" method="plugin.pane.open" changes_ui=true
2026-07-30T21:49:15.358905Z  INFO herdr::logging: spawning pane terminal event="pane.spawn.start" subsystem="pane" outcome="started" pane_id=35 rows=46 cols=131 scrollback_limit_bytes=10000000
2026-07-30T21:49:15.362526Z  INFO herdr::logging: pane child spawned event="pane.spawned" subsystem="pane" outcome="ok" pane_id=35 pid=16792
2026-07-30T21:49:15.362751Z  INFO herdr::logging: tab focused event="tab.focus" subsystem="tab" outcome="ok" workspace_id="wN" tab_id="wN:t1"
2026-07-30T21:49:15.363376Z  INFO herdr::logging: api request completed event="api.request.complete" subsystem="api" outcome="ok" request_id="cli:plugin" method="plugin.pane.open"
2026-07-30T21:49:19.001153Z  INFO herdr::logging: api request received event="api.request.start" subsystem="api" outcome="started" request_id="cli:workspace:create" method="workspace.create" changes_ui=true
2026-07-30T21:49:19.001337Z  INFO herdr::logging: spawning pane terminal event="pane.spawn.start" subsystem="pane" outcome="started" pane_id=36 rows=46 cols=131 scrollback_limit_bytes=10000000
2026-07-30T21:49:19.005176Z  INFO herdr::logging: pane child spawned event="pane.spawned" subsystem="pane" outcome="ok" pane_id=36 pid=16800
2026-07-30T21:49:19.005522Z  INFO herdr::logging: workspace created event="workspace.create" subsystem="workspace" outcome="ok" workspace_id="wX" pane_id=36
2026-07-30T21:49:19.005538Z  INFO herdr::logging: workspace focused event="workspace.focus" subsystem="workspace" outcome="ok" workspace_id="wX"
2026-07-30T21:49:19.005626Z  INFO herdr::logging: tab focused event="tab.focus" subsystem="tab" outcome="ok" workspace_id="wX" tab_id="wX:t1"
2026-07-30T21:49:19.005639Z  INFO herdr::logging: workspace renamed event="workspace.rename" subsystem="workspace" outcome="ok" workspace_id="wX"
2026-07-30T21:49:19.007649Z  INFO herdr::logging: api request completed event="api.request.complete" subsystem="api" outcome="ok" request_id="cli:workspace:create" method="workspace.create"
2026-07-30T21:49:19.015760Z  INFO herdr::logging: api request received event="api.request.start" subsystem="api" outcome="started" request_id="cli:tab:rename" method="tab.rename" changes_ui=true
2026-07-30T21:49:19.015841Z  INFO herdr::logging: tab renamed event="tab.rename" subsystem="tab" outcome="ok" workspace_id="wX" tab_id="wX:t1"
2026-07-30T21:49:19.016476Z  INFO herdr::logging: api request completed event="api.request.complete" subsystem="api" outcome="ok" request_id="cli:tab:rename" method="tab.rename"
2026-07-30T21:49:19.022908Z  INFO herdr::logging: api request received event="api.request.start" subsystem="api" outcome="started" request_id="cli:tab:create" method="tab.create" changes_ui=true
2026-07-30T21:49:19.022994Z  INFO herdr::logging: spawning pane terminal event="pane.spawn.start" subsystem="pane" outcome="started" pane_id=37 rows=46 cols=131 scrollback_limit_bytes=10000000
2026-07-30T21:49:19.026141Z  INFO herdr::logging: pane child spawned event="pane.spawned" subsystem="pane" outcome="ok" pane_id=37 pid=16803
2026-07-30T21:49:19.026249Z  INFO herdr::logging: tab renamed event="tab.rename" subsystem="tab" outcome="ok" workspace_id="wX" tab_id="wX:t2"
2026-07-30T21:49:19.027184Z  INFO herdr::logging: api request completed event="api.request.complete" subsystem="api" outcome="ok" request_id="cli:tab:create" method="tab.create"
2026-07-30T21:49:19.041407Z  INFO herdr::logging: api request received event="api.request.start" subsystem="api" outcome="started" request_id="cli:notification:show" method="notification.show" changes_ui=true
2026-07-30T21:49:19.041452Z  INFO herdr::logging: api request completed event="api.request.complete" subsystem="api" outcome="ok" request_id="cli:notification:show" method="notification.show"
2026-07-30T21:49:19.042219Z  INFO herdr::logging: pane child exited event="pane.exit" subsystem="pane" outcome="completed" pane_id=35 status="ExitStatus { code: 0, signal: None }"
2026-07-30T21:49:19.042593Z  INFO herdr::pane: pane session terminated pane=35 pid=16792 signal=Hangup
2026-07-30T21:49:19.306214Z  INFO herdr::logging: api request received event="api.request.start" subsystem="api" outcome="started" request_id="cli:pane:split" method="pane.split" changes_ui=true
2026-07-30T21:49:19.306302Z  INFO herdr::logging: spawning pane terminal event="pane.spawn.start" subsystem="pane" outcome="started" pane_id=38 rows=46 cols=131 scrollback_limit_bytes=10000000
2026-07-30T21:49:19.308242Z  INFO herdr::logging: pane child spawned event="pane.spawned" subsystem="pane" outcome="ok" pane_id=38 pid=16965
2026-07-30T21:49:19.308694Z  INFO herdr::logging: api request completed event="api.request.complete" subsystem="api" outcome="ok" request_id="cli:pane:split" method="pane.split"
2026-07-30T21:49:19.358832Z  INFO herdr::logging: api request received event="api.request.start" subsystem="api" outcome="started" request_id="cli:pane:rename" method="pane.rename" changes_ui=true
2026-07-30T21:49:19.358962Z  INFO herdr::logging: api request completed event="api.request.complete" subsystem="api" outcome="ok" request_id="cli:pane:rename" method="pane.rename"
2026-07-30T21:49:19.861738Z  INFO herdr::pane: agent changed pane=38 previous_agent=None agent=Some(Claude) process=claude pgid=Some(17071)
2026-07-30T21:49:24.705701Z  INFO herdr::logging: session saved event="persist.save" subsystem="persist" outcome="ok" path=/Users/alex/.config/herdr/session.json workspaces=2
2026-07-30T21:51:14.284280Z  INFO herdr::logging: tab focused event="tab.focus" subsystem="tab" outcome="ok" workspace_id="wX" tab_id="wX:t2"
2026-07-30T21:51:19.293430Z  INFO herdr::logging: session saved event="persist.save" subsystem="persist" outcome="ok" path=/Users/alex/.config/herdr/session.json workspaces=2
2026-07-30T21:51:28.744310Z  INFO herdr::logging: api request received event="api.request.start" subsystem="api" outcome="started" request_id="cli:server:reload-config" method="server.reload_config" changes_ui=true
2026-07-30T21:51:28.744836Z  WARN herdr::app: unknown theme, falling back theme="catppuccin-frappe" fallback="catppuccin"
2026-07-30T21:51:28.744893Z  INFO herdr::logging: api request completed event="api.request.complete" subsystem="api" outcome="ok" request_id="cli:server:reload-config" method="server.reload_config"
2026-07-30T21:58:10.546876Z  INFO herdr::logging: tab focused event="tab.focus" subsystem="tab" outcome="ok" workspace_id="wX" tab_id="wX:t1"
2026-07-30T21:58:15.561323Z  INFO herdr::logging: session saved event="persist.save" subsystem="persist" outcome="ok" path=/Users/alex/.config/herdr/session.json workspaces=2
2026-07-30T21:59:10.473664Z  INFO herdr::logging: tab focused event="tab.focus" subsystem="tab" outcome="ok" workspace_id="wX" tab_id="wX:t2"
2026-07-30T21:59:15.484591Z  INFO herdr::logging: session saved event="persist.save" subsystem="persist" outcome="ok" path=/Users/alex/.config/herdr/session.json workspaces=2
2026-07-30T21:59:19.931223Z  INFO herdr::logging: tab focused event="tab.focus" subsystem="tab" outcome="ok" workspace_id="wX" tab_id="wX:t1"
2026-07-30T21:59:24.936953Z  INFO herdr::logging: session saved event="persist.save" subsystem="persist" outcome="ok" path=/Users/alex/.config/herdr/session.json workspaces=2
2026-07-30T21:59:57.320033Z  INFO herdr::logging: tab focused event="tab.focus" subsystem="tab" outcome="ok" workspace_id="wX" tab_id="wX:t2"
2026-07-30T21:59:59.263147Z  INFO herdr::logging: api request received event="api.request.start" subsystem="api" outcome="started" request_id="cli:server:reload-config" method="server.reload_config" changes_ui=true
2026-07-30T21:59:59.263775Z  WARN herdr::app: unknown theme, falling back theme="catppuccin-frappe" fallback="catppuccin"
2026-07-30T21:59:59.263845Z  INFO herdr::logging: api request completed event="api.request.complete" subsystem="api" outcome="ok" request_id="cli:server:reload-config" method="server.reload_config"
2026-07-30T22:00:02.006017Z  INFO herdr::logging: api request received event="api.request.start" subsystem="api" outcome="started" request_id="cli:plugin" method="plugin.pane.open" changes_ui=true
2026-07-30T22:00:02.006833Z  INFO herdr::logging: spawning pane terminal event="pane.spawn.start" subsystem="pane" outcome="started" pane_id=39 rows=46 cols=131 scrollback_limit_bytes=10000000
2026-07-30T22:00:02.011114Z  INFO herdr::logging: pane child spawned event="pane.spawned" subsystem="pane" outcome="ok" pane_id=39 pid=19661
2026-07-30T22:00:02.011361Z  INFO herdr::logging: tab focused event="tab.focus" subsystem="tab" outcome="ok" workspace_id="wX" tab_id="wX:t2"
2026-07-30T22:00:02.011971Z  INFO herdr::logging: api request completed event="api.request.complete" subsystem="api" outcome="ok" request_id="cli:plugin" method="plugin.pane.open"
2026-07-30T22:00:06.666201Z  INFO herdr::logging: api request received event="api.request.start" subsystem="api" outcome="started" request_id="cli:workspace:create" method="workspace.create" changes_ui=true
2026-07-30T22:00:06.666381Z  INFO herdr::logging: spawning pane terminal event="pane.spawn.start" subsystem="pane" outcome="started" pane_id=40 rows=46 cols=131 scrollback_limit_bytes=10000000
2026-07-30T22:00:06.670372Z  INFO herdr::logging: pane child spawned event="pane.spawned" subsystem="pane" outcome="ok" pane_id=40 pid=19674
2026-07-30T22:00:06.671197Z  INFO herdr::logging: workspace created event="workspace.create" subsystem="workspace" outcome="ok" workspace_id="wY" pane_id=40
2026-07-30T22:00:06.671215Z  INFO herdr::logging: workspace focused event="workspace.focus" subsystem="workspace" outcome="ok" workspace_id="wY"
2026-07-30T22:00:06.671311Z  INFO herdr::logging: tab focused event="tab.focus" subsystem="tab" outcome="ok" workspace_id="wY" tab_id="wY:t1"
2026-07-30T22:00:06.671324Z  INFO herdr::logging: workspace renamed event="workspace.rename" subsystem="workspace" outcome="ok" workspace_id="wY"
2026-07-30T22:00:06.673423Z  INFO herdr::logging: api request completed event="api.request.complete" subsystem="api" outcome="ok" request_id="cli:workspace:create" method="workspace.create"
2026-07-30T22:00:06.682249Z  INFO herdr::logging: api request received event="api.request.start" subsystem="api" outcome="started" request_id="cli:tab:rename" method="tab.rename" changes_ui=true
2026-07-30T22:00:06.682331Z  INFO herdr::logging: tab renamed event="tab.rename" subsystem="tab" outcome="ok" workspace_id="wY" tab_id="wY:t1"
2026-07-30T22:00:06.682997Z  INFO herdr::logging: api request completed event="api.request.complete" subsystem="api" outcome="ok" request_id="cli:tab:rename" method="tab.rename"
2026-07-30T22:00:06.689688Z  INFO herdr::logging: api request received event="api.request.start" subsystem="api" outcome="started" request_id="cli:tab:create" method="tab.create" changes_ui=true
2026-07-30T22:00:06.689783Z  INFO herdr::logging: spawning pane terminal event="pane.spawn.start" subsystem="pane" outcome="started" pane_id=41 rows=46 cols=131 scrollback_limit_bytes=10000000
2026-07-30T22:00:06.693283Z  INFO herdr::logging: pane child spawned event="pane.spawned" subsystem="pane" outcome="ok" pane_id=41 pid=19677
2026-07-30T22:00:06.693495Z  INFO herdr::logging: tab renamed event="tab.rename" subsystem="tab" outcome="ok" workspace_id="wY" tab_id="wY:t2"
2026-07-30T22:00:06.694609Z  INFO herdr::logging: api request completed event="api.request.complete" subsystem="api" outcome="ok" request_id="cli:tab:create" method="tab.create"
2026-07-30T22:00:06.709096Z  INFO herdr::logging: api request received event="api.request.start" subsystem="api" outcome="started" request_id="cli:notification:show" method="notification.show" changes_ui=true
2026-07-30T22:00:06.709141Z  INFO herdr::logging: api request completed event="api.request.complete" subsystem="api" outcome="ok" request_id="cli:notification:show" method="notification.show"
2026-07-30T22:00:06.709883Z  INFO herdr::logging: pane child exited event="pane.exit" subsystem="pane" outcome="completed" pane_id=39 status="ExitStatus { code: 0, signal: None }"
2026-07-30T22:00:06.710266Z  INFO herdr::pane: pane session terminated pane=39 pid=19661 signal=Hangup
2026-07-30T22:00:07.158729Z  INFO herdr::logging: api request received event="api.request.start" subsystem="api" outcome="started" request_id="cli:pane:rename" method="pane.rename" changes_ui=true
2026-07-30T22:00:07.158830Z  INFO herdr::logging: api request completed event="api.request.complete" subsystem="api" outcome="ok" request_id="cli:pane:rename" method="pane.rename"
2026-07-30T22:00:07.298092Z  INFO herdr::logging: api request received event="api.request.start" subsystem="api" outcome="started" request_id="cli:pane:split" method="pane.split" changes_ui=true
2026-07-30T22:00:07.298188Z  INFO herdr::logging: spawning pane terminal event="pane.spawn.start" subsystem="pane" outcome="started" pane_id=42 rows=46 cols=131 scrollback_limit_bytes=10000000
2026-07-30T22:00:07.300137Z  INFO herdr::logging: pane child spawned event="pane.spawned" subsystem="pane" outcome="ok" pane_id=42 pid=19911
2026-07-30T22:00:07.300589Z  INFO herdr::logging: api request completed event="api.request.complete" subsystem="api" outcome="ok" request_id="cli:pane:split" method="pane.split"
2026-07-30T22:00:07.350109Z  INFO herdr::logging: api request received event="api.request.start" subsystem="api" outcome="started" request_id="cli:pane:rename" method="pane.rename" changes_ui=true
2026-07-30T22:00:07.350239Z  INFO herdr::logging: api request completed event="api.request.complete" subsystem="api" outcome="ok" request_id="cli:pane:rename" method="pane.rename"
2026-07-30T22:00:07.857447Z  INFO herdr::pane: agent changed pane=42 previous_agent=None agent=Some(Claude) process=claude pgid=Some(20017)
2026-07-30T22:00:09.587527Z  INFO herdr::logging: tab focused event="tab.focus" subsystem="tab" outcome="ok" workspace_id="wY" tab_id="wY:t2"
2026-07-30T22:00:14.593071Z  INFO herdr::logging: session saved event="persist.save" subsystem="persist" outcome="ok" path=/Users/alex/.config/herdr/session.json workspaces=3
2026-07-30T22:00:18.723097Z  INFO herdr::logging: workspace closed event="workspace.close" subsystem="workspace" outcome="ok" workspace_id="wY"
2026-07-30T22:00:18.728721Z  INFO herdr::logging: pane child exited event="pane.exit" subsystem="pane" outcome="completed" pane_id=40 status="ExitStatus { code: 1, signal: Some(\"Hangup: 1\") }"
2026-07-30T22:00:18.748699Z  INFO herdr::pane: pane session terminated pane=40 pid=19674 signal=Hangup
2026-07-30T22:00:18.751057Z  INFO herdr::logging: pane child exited event="pane.exit" subsystem="pane" outcome="completed" pane_id=42 status="ExitStatus { code: 1, signal: None }"
2026-07-30T22:00:19.326602Z  INFO herdr::pane: pane session terminated pane=42 pid=19911 signal=Kill
2026-07-30T22:00:19.330231Z  INFO herdr::logging: pane child exited event="pane.exit" subsystem="pane" outcome="completed" pane_id=41 status="ExitStatus { code: 1, signal: None }"
2026-07-30T22:00:19.349609Z  INFO herdr::pane: pane session terminated pane=41 pid=19677 signal=Hangup
2026-07-30T22:00:19.350498Z  WARN herdr::app::actions: PaneDied for unknown pane pane=40
2026-07-30T22:00:19.350516Z  WARN herdr::app::actions: PaneDied for unknown pane pane=42
2026-07-30T22:00:19.350524Z  WARN herdr::app::actions: PaneDied for unknown pane pane=41
2026-07-30T22:00:24.355004Z  INFO herdr::logging: session saved event="persist.save" subsystem="persist" outcome="ok" path=/Users/alex/.config/herdr/session.json workspaces=2
2026-07-30T22:00:38.853252Z  INFO herdr::logging: tab focused event="tab.focus" subsystem="tab" outcome="ok" workspace_id="wX" tab_id="wX:t1"
2026-07-30T22:00:43.861435Z  INFO herdr::logging: session saved event="persist.save" subsystem="persist" outcome="ok" path=/Users/alex/.config/herdr/session.json workspaces=2
2026-07-30T22:01:12.137938Z  INFO herdr::logging: api request received event="api.request.start" subsystem="api" outcome="started" request_id="cli:plugin" method="plugin.pane.open" changes_ui=true
2026-07-30T22:01:12.138951Z  INFO herdr::logging: spawning pane terminal event="pane.spawn.start" subsystem="pane" outcome="started" pane_id=43 rows=46 cols=92 scrollback_limit_bytes=10000000
2026-07-30T22:01:12.142881Z  INFO herdr::logging: pane child spawned event="pane.spawned" subsystem="pane" outcome="ok" pane_id=43 pid=21517
2026-07-30T22:01:12.143132Z  INFO herdr::logging: tab focused event="tab.focus" subsystem="tab" outcome="ok" workspace_id="wX" tab_id="wX:t1"
2026-07-30T22:01:12.143791Z  INFO herdr::logging: api request completed event="api.request.complete" subsystem="api" outcome="ok" request_id="cli:plugin" method="plugin.pane.open"
2026-07-30T22:01:17.150886Z  INFO herdr::logging: session saved event="persist.save" subsystem="persist" outcome="ok" path=/Users/alex/.config/herdr/session.json workspaces=2
2026-07-30T22:02:45.086442Z  INFO herdr::logging: checking for updates event="update.check.start" subsystem="update" outcome="started"
2026-07-30T22:03:21.334465Z  INFO herdr::logging: pane child exited event="pane.exit" subsystem="pane" outcome="completed" pane_id=43 status="ExitStatus { code: 0, signal: None }"
2026-07-30T22:03:21.339255Z  INFO herdr::pane: pane session terminated pane=43 pid=21517 signal=Hangup
2026-07-30T22:03:26.342792Z  INFO herdr::logging: session saved event="persist.save" subsystem="persist" outcome="ok" path=/Users/alex/.config/herdr/session.json workspaces=2
2026-07-30T22:03:33.912131Z  INFO herdr::logging: tab focused event="tab.focus" subsystem="tab" outcome="ok" workspace_id="wX" tab_id="wX:t2"
2026-07-30T22:03:35.366364Z  INFO herdr::logging: api request received event="api.request.start" subsystem="api" outcome="started" request_id="cli:server:reload-config" method="server.reload_config" changes_ui=true
2026-07-30T22:03:35.366957Z  WARN herdr::app: unknown theme, falling back theme="catppuccin-frappe" fallback="catppuccin"
2026-07-30T22:03:35.367019Z  INFO herdr::logging: api request completed event="api.request.complete" subsystem="api" outcome="ok" request_id="cli:server:reload-config" method="server.reload_config"
2026-07-30T22:03:38.704122Z  INFO herdr::logging: api request received event="api.request.start" subsystem="api" outcome="started" request_id="cli:plugin" method="plugin.pane.open" changes_ui=true
2026-07-30T22:03:38.705026Z  INFO herdr::logging: spawning pane terminal event="pane.spawn.start" subsystem="pane" outcome="started" pane_id=44 rows=46 cols=131 scrollback_limit_bytes=10000000
2026-07-30T22:03:38.708842Z  INFO herdr::logging: pane child spawned event="pane.spawned" subsystem="pane" outcome="ok" pane_id=44 pid=21920
2026-07-30T22:03:38.709113Z  INFO herdr::logging: tab focused event="tab.focus" subsystem="tab" outcome="ok" workspace_id="wX" tab_id="wX:t2"
2026-07-30T22:03:38.709828Z  INFO herdr::logging: api request completed event="api.request.complete" subsystem="api" outcome="ok" request_id="cli:plugin" method="plugin.pane.open"
2026-07-30T22:03:43.714210Z  INFO herdr::logging: session saved event="persist.save" subsystem="persist" outcome="ok" path=/Users/alex/.config/herdr/session.json workspaces=2
2026-07-30T22:03:46.597693Z  INFO herdr::logging: pane child exited event="pane.exit" subsystem="pane" outcome="completed" pane_id=44 status="ExitStatus { code: 0, signal: None }"
2026-07-30T22:03:46.599926Z  INFO herdr::pane: pane session terminated pane=44 pid=21920 signal=Hangup
2026-07-30T22:03:47.679373Z  INFO herdr::logging: tab focused event="tab.focus" subsystem="tab" outcome="ok" workspace_id="wX" tab_id="wX:t1"
2026-07-30T22:03:52.689444Z  INFO herdr::logging: session saved event="persist.save" subsystem="persist" outcome="ok" path=/Users/alex/.config/herdr/session.json workspaces=2
2026-07-30T22:04:01.546722Z  INFO herdr::logging: tab focused event="tab.focus" subsystem="tab" outcome="ok" workspace_id="wX" tab_id="wX:t2"
2026-07-30T22:04:04.088492Z  INFO herdr::logging: api request received event="api.request.start" subsystem="api" outcome="started" request_id="cli:server:reload-config" method="server.reload_config" changes_ui=true
2026-07-30T22:04:04.089000Z  WARN herdr::app: unknown theme, falling back theme="catppuccin-frappe" fallback="catppuccin"
2026-07-30T22:04:04.089073Z  INFO herdr::logging: api request completed event="api.request.complete" subsystem="api" outcome="ok" request_id="cli:server:reload-config" method="server.reload_config"
2026-07-30T22:04:06.127342Z  INFO herdr::logging: api request received event="api.request.start" subsystem="api" outcome="started" request_id="cli:plugin" method="plugin.pane.open" changes_ui=true
2026-07-30T22:04:06.128264Z  INFO herdr::logging: spawning pane terminal event="pane.spawn.start" subsystem="pane" outcome="started" pane_id=45 rows=46 cols=131 scrollback_limit_bytes=10000000
2026-07-30T22:04:06.132523Z  INFO herdr::logging: pane child spawned event="pane.spawned" subsystem="pane" outcome="ok" pane_id=45 pid=22006
2026-07-30T22:04:06.132761Z  INFO herdr::logging: tab focused event="tab.focus" subsystem="tab" outcome="ok" workspace_id="wX" tab_id="wX:t2"
2026-07-30T22:04:06.133481Z  INFO herdr::logging: api request completed event="api.request.complete" subsystem="api" outcome="ok" request_id="cli:plugin" method="plugin.pane.open"
2026-07-30T22:04:10.992449Z  INFO herdr::logging: pane child exited event="pane.exit" subsystem="pane" outcome="completed" pane_id=45 status="ExitStatus { code: 0, signal: None }"
2026-07-30T22:04:10.994606Z  INFO herdr::pane: pane session terminated pane=45 pid=22006 signal=Hangup
2026-07-30T22:04:15.999592Z  INFO herdr::logging: session saved event="persist.save" subsystem="persist" outcome="ok" path=/Users/alex/.config/herdr/session.json workspaces=2
2026-07-30T22:04:21.140435Z  INFO herdr::logging: tab focused event="tab.focus" subsystem="tab" outcome="ok" workspace_id="wX" tab_id="wX:t1"
2026-07-30T22:04:26.152183Z  INFO herdr::logging: session saved event="persist.save" subsystem="persist" outcome="ok" path=/Users/alex/.config/herdr/session.json workspaces=2
2026-07-30T22:05:02.898246Z  INFO herdr::logging: tab focused event="tab.focus" subsystem="tab" outcome="ok" workspace_id="wX" tab_id="wX:t2"
2026-07-30T22:05:05.297832Z  INFO herdr::logging: api request received event="api.request.start" subsystem="api" outcome="started" request_id="cli:plugin" method="plugin.pane.open" changes_ui=true
2026-07-30T22:05:05.298667Z  INFO herdr::logging: spawning pane terminal event="pane.spawn.start" subsystem="pane" outcome="started" pane_id=46 rows=46 cols=131 scrollback_limit_bytes=10000000
2026-07-30T22:05:05.302298Z  INFO herdr::logging: pane child spawned event="pane.spawned" subsystem="pane" outcome="ok" pane_id=46 pid=22059
2026-07-30T22:05:05.302539Z  INFO herdr::logging: tab focused event="tab.focus" subsystem="tab" outcome="ok" workspace_id="wX" tab_id="wX:t2"
2026-07-30T22:05:05.303061Z  INFO herdr::logging: api request completed event="api.request.complete" subsystem="api" outcome="ok" request_id="cli:plugin" method="plugin.pane.open"
2026-07-30T22:05:10.309718Z  INFO herdr::logging: session saved event="persist.save" subsystem="persist" outcome="ok" path=/Users/alex/.config/herdr/session.json workspaces=2
2026-07-30T22:05:19.069971Z  INFO herdr::logging: pane child exited event="pane.exit" subsystem="pane" outcome="completed" pane_id=46 status="ExitStatus { code: 0, signal: None }"
2026-07-30T22:05:19.076051Z  INFO herdr::pane: pane session terminated pane=46 pid=22059 signal=Hangup
2026-07-30T22:05:20.179102Z  INFO herdr::logging: tab focused event="tab.focus" subsystem="tab" outcome="ok" workspace_id="wX" tab_id="wX:t1"
2026-07-30T22:05:25.184944Z  INFO herdr::logging: session saved event="persist.save" subsystem="persist" outcome="ok" path=/Users/alex/.config/herdr/session.json workspaces=2
2026-07-30T22:05:28.480889Z  INFO herdr::logging: tab focused event="tab.focus" subsystem="tab" outcome="ok" workspace_id="wX" tab_id="wX:t2"
2026-07-30T22:05:30.606234Z  INFO herdr::logging: api request received event="api.request.start" subsystem="api" outcome="started" request_id="cli:server:reload-config" method="server.reload_config" changes_ui=true
2026-07-30T22:05:30.606776Z  WARN herdr::app: unknown theme, falling back theme="catppuccin-frappe" fallback="catppuccin"
2026-07-30T22:05:30.606836Z  INFO herdr::logging: api request completed event="api.request.complete" subsystem="api" outcome="ok" request_id="cli:server:reload-config" method="server.reload_config"
2026-07-30T22:05:32.586417Z  INFO herdr::logging: api request received event="api.request.start" subsystem="api" outcome="started" request_id="cli:plugin" method="plugin.pane.open" changes_ui=true
2026-07-30T22:05:32.587366Z  INFO herdr::logging: spawning pane terminal event="pane.spawn.start" subsystem="pane" outcome="started" pane_id=47 rows=46 cols=131 scrollback_limit_bytes=10000000
2026-07-30T22:05:32.591179Z  INFO herdr::logging: pane child spawned event="pane.spawned" subsystem="pane" outcome="ok" pane_id=47 pid=22127
2026-07-30T22:05:32.591389Z  INFO herdr::logging: tab focused event="tab.focus" subsystem="tab" outcome="ok" workspace_id="wX" tab_id="wX:t2"
2026-07-30T22:05:32.592127Z  INFO herdr::logging: api request completed event="api.request.complete" subsystem="api" outcome="ok" request_id="cli:plugin" method="plugin.pane.open"
2026-07-30T22:05:34.499398Z  INFO herdr::logging: api request received event="api.request.start" subsystem="api" outcome="started" request_id="cli:workspace:create" method="workspace.create" changes_ui=true
2026-07-30T22:05:34.499601Z  INFO herdr::logging: spawning pane terminal event="pane.spawn.start" subsystem="pane" outcome="started" pane_id=48 rows=46 cols=131 scrollback_limit_bytes=10000000
2026-07-30T22:05:34.503534Z  INFO herdr::logging: pane child spawned event="pane.spawned" subsystem="pane" outcome="ok" pane_id=48 pid=22135
2026-07-30T22:05:34.504257Z  INFO herdr::logging: workspace created event="workspace.create" subsystem="workspace" outcome="ok" workspace_id="wZ" pane_id=48
2026-07-30T22:05:34.504272Z  INFO herdr::logging: workspace focused event="workspace.focus" subsystem="workspace" outcome="ok" workspace_id="wZ"
2026-07-30T22:05:34.504365Z  INFO herdr::logging: tab focused event="tab.focus" subsystem="tab" outcome="ok" workspace_id="wZ" tab_id="wZ:t1"
2026-07-30T22:05:34.504376Z  INFO herdr::logging: workspace renamed event="workspace.rename" subsystem="workspace" outcome="ok" workspace_id="wZ"
2026-07-30T22:05:34.506686Z  INFO herdr::logging: api request completed event="api.request.complete" subsystem="api" outcome="ok" request_id="cli:workspace:create" method="workspace.create"
2026-07-30T22:05:34.514113Z  INFO herdr::logging: api request received event="api.request.start" subsystem="api" outcome="started" request_id="cli:tab:rename" method="tab.rename" changes_ui=true
2026-07-30T22:05:34.514183Z  INFO herdr::logging: tab renamed event="tab.rename" subsystem="tab" outcome="ok" workspace_id="wZ" tab_id="wZ:t1"
2026-07-30T22:05:34.514707Z  INFO herdr::logging: api request completed event="api.request.complete" subsystem="api" outcome="ok" request_id="cli:tab:rename" method="tab.rename"
2026-07-30T22:05:34.520961Z  INFO herdr::logging: api request received event="api.request.start" subsystem="api" outcome="started" request_id="cli:tab:create" method="tab.create" changes_ui=true
2026-07-30T22:05:34.521031Z  INFO herdr::logging: spawning pane terminal event="pane.spawn.start" subsystem="pane" outcome="started" pane_id=49 rows=46 cols=131 scrollback_limit_bytes=10000000
2026-07-30T22:05:34.523875Z  INFO herdr::logging: pane child spawned event="pane.spawned" subsystem="pane" outcome="ok" pane_id=49 pid=22138
2026-07-30T22:05:34.523990Z  INFO herdr::logging: tab renamed event="tab.rename" subsystem="tab" outcome="ok" workspace_id="wZ" tab_id="wZ:t2"
2026-07-30T22:05:34.525004Z  INFO herdr::logging: api request completed event="api.request.complete" subsystem="api" outcome="ok" request_id="cli:tab:create" method="tab.create"
2026-07-30T22:05:34.538688Z  INFO herdr::logging: api request received event="api.request.start" subsystem="api" outcome="started" request_id="cli:notification:show" method="notification.show" changes_ui=true
2026-07-30T22:05:34.538724Z  INFO herdr::logging: api request completed event="api.request.complete" subsystem="api" outcome="ok" request_id="cli:notification:show" method="notification.show"
2026-07-30T22:05:34.539481Z  INFO herdr::logging: pane child exited event="pane.exit" subsystem="pane" outcome="completed" pane_id=47 status="ExitStatus { code: 0, signal: None }"
2026-07-30T22:05:34.539883Z  INFO herdr::pane: pane session terminated pane=47 pid=22127 signal=Hangup
2026-07-30T22:05:34.762975Z  INFO herdr::logging: api request received event="api.request.start" subsystem="api" outcome="started" request_id="cli:pane:rename" method="pane.rename" changes_ui=true
2026-07-30T22:05:34.763089Z  INFO herdr::logging: api request completed event="api.request.complete" subsystem="api" outcome="ok" request_id="cli:pane:rename" method="pane.rename"
2026-07-30T22:05:34.904743Z  INFO herdr::logging: api request received event="api.request.start" subsystem="api" outcome="started" request_id="cli:pane:split" method="pane.split" changes_ui=true
2026-07-30T22:05:34.904831Z  INFO herdr::logging: spawning pane terminal event="pane.spawn.start" subsystem="pane" outcome="started" pane_id=50 rows=46 cols=131 scrollback_limit_bytes=10000000
2026-07-30T22:05:34.906827Z  INFO herdr::logging: pane child spawned event="pane.spawned" subsystem="pane" outcome="ok" pane_id=50 pid=22334
2026-07-30T22:05:34.907319Z  INFO herdr::logging: api request completed event="api.request.complete" subsystem="api" outcome="ok" request_id="cli:pane:split" method="pane.split"
2026-07-30T22:05:34.956045Z  INFO herdr::logging: api request received event="api.request.start" subsystem="api" outcome="started" request_id="cli:pane:rename" method="pane.rename" changes_ui=true
2026-07-30T22:05:34.956188Z  INFO herdr::logging: api request completed event="api.request.complete" subsystem="api" outcome="ok" request_id="cli:pane:rename" method="pane.rename"
2026-07-30T22:05:35.463808Z  INFO herdr::pane: agent changed pane=50 previous_agent=None agent=Some(Claude) process=claude pgid=Some(22440)
2026-07-30T22:05:39.711412Z  INFO herdr::logging: workspace closed event="workspace.close" subsystem="workspace" outcome="ok" workspace_id="wZ"
2026-07-30T22:05:39.715105Z  INFO herdr::logging: pane child exited event="pane.exit" subsystem="pane" outcome="completed" pane_id=50 status="ExitStatus { code: 1, signal: None }"
2026-07-30T22:05:40.259899Z  INFO herdr::pane: pane session terminated pane=50 pid=22334 signal=Kill
2026-07-30T22:05:40.261671Z  INFO herdr::logging: pane child exited event="pane.exit" subsystem="pane" outcome="completed" pane_id=48 status="ExitStatus { code: 1, signal: Some(\"Hangup: 1\") }"
2026-07-30T22:05:40.285688Z  INFO herdr::pane: pane session terminated pane=48 pid=22135 signal=Hangup
2026-07-30T22:05:40.287452Z  INFO herdr::logging: pane child exited event="pane.exit" subsystem="pane" outcome="completed" pane_id=49 status="ExitStatus { code: 1, signal: None }"
2026-07-30T22:05:40.311283Z  INFO herdr::pane: pane session terminated pane=49 pid=22138 signal=Hangup
2026-07-30T22:05:40.312181Z  WARN herdr::app::actions: PaneDied for unknown pane pane=50
2026-07-30T22:05:40.312194Z  WARN herdr::app::actions: PaneDied for unknown pane pane=48
2026-07-30T22:05:40.312200Z  WARN herdr::app::actions: PaneDied for unknown pane pane=49
2026-07-30T22:05:45.316966Z  INFO herdr::logging: session saved event="persist.save" subsystem="persist" outcome="ok" path=/Users/alex/.config/herdr/session.json workspaces=2
2026-07-30T22:08:49.368623Z  INFO herdr::logging: api request received event="api.request.start" subsystem="api" outcome="started" request_id="cli:plugin" method="plugin.pane.open" changes_ui=true
2026-07-30T22:08:49.369576Z  INFO herdr::logging: spawning pane terminal event="pane.spawn.start" subsystem="pane" outcome="started" pane_id=51 rows=46 cols=131 scrollback_limit_bytes=10000000
2026-07-30T22:08:49.373390Z  INFO herdr::logging: pane child spawned event="pane.spawned" subsystem="pane" outcome="ok" pane_id=51 pid=23911
2026-07-30T22:08:49.373623Z  INFO herdr::logging: tab focused event="tab.focus" subsystem="tab" outcome="ok" workspace_id="wX" tab_id="wX:t2"
2026-07-30T22:08:49.374228Z  INFO herdr::logging: api request completed event="api.request.complete" subsystem="api" outcome="ok" request_id="cli:plugin" method="plugin.pane.open"
2026-07-30T22:08:52.011229Z  INFO herdr::logging: api request received event="api.request.start" subsystem="api" outcome="started" request_id="cli:workspace:create" method="workspace.create" changes_ui=true
2026-07-30T22:08:52.011430Z  INFO herdr::logging: spawning pane terminal event="pane.spawn.start" subsystem="pane" outcome="started" pane_id=52 rows=46 cols=131 scrollback_limit_bytes=10000000
2026-07-30T22:08:52.015368Z  INFO herdr::logging: pane child spawned event="pane.spawned" subsystem="pane" outcome="ok" pane_id=52 pid=23919
2026-07-30T22:08:52.016123Z  INFO herdr::logging: workspace created event="workspace.create" subsystem="workspace" outcome="ok" workspace_id="w0" pane_id=52
2026-07-30T22:08:52.016141Z  INFO herdr::logging: workspace focused event="workspace.focus" subsystem="workspace" outcome="ok" workspace_id="w0"
2026-07-30T22:08:52.016241Z  INFO herdr::logging: tab focused event="tab.focus" subsystem="tab" outcome="ok" workspace_id="w0" tab_id="w0:t1"
2026-07-30T22:08:52.016254Z  INFO herdr::logging: workspace renamed event="workspace.rename" subsystem="workspace" outcome="ok" workspace_id="w0"
2026-07-30T22:08:52.018456Z  INFO herdr::logging: api request completed event="api.request.complete" subsystem="api" outcome="ok" request_id="cli:workspace:create" method="workspace.create"
2026-07-30T22:08:52.026615Z  INFO herdr::logging: api request received event="api.request.start" subsystem="api" outcome="started" request_id="cli:tab:rename" method="tab.rename" changes_ui=true
2026-07-30T22:08:52.026686Z  INFO herdr::logging: tab renamed event="tab.rename" subsystem="tab" outcome="ok" workspace_id="w0" tab_id="w0:t1"
2026-07-30T22:08:52.027223Z  INFO herdr::logging: api request completed event="api.request.complete" subsystem="api" outcome="ok" request_id="cli:tab:rename" method="tab.rename"
2026-07-30T22:08:52.033310Z  INFO herdr::logging: api request received event="api.request.start" subsystem="api" outcome="started" request_id="cli:tab:create" method="tab.create" changes_ui=true
2026-07-30T22:08:52.033400Z  INFO herdr::logging: spawning pane terminal event="pane.spawn.start" subsystem="pane" outcome="started" pane_id=53 rows=46 cols=131 scrollback_limit_bytes=10000000
2026-07-30T22:08:52.036635Z  INFO herdr::logging: pane child spawned event="pane.spawned" subsystem="pane" outcome="ok" pane_id=53 pid=23922
2026-07-30T22:08:52.036765Z  INFO herdr::logging: tab renamed event="tab.rename" subsystem="tab" outcome="ok" workspace_id="w0" tab_id="w0:t2"
2026-07-30T22:08:52.037806Z  INFO herdr::logging: api request completed event="api.request.complete" subsystem="api" outcome="ok" request_id="cli:tab:create" method="tab.create"
2026-07-30T22:08:52.051378Z  INFO herdr::logging: api request received event="api.request.start" subsystem="api" outcome="started" request_id="cli:notification:show" method="notification.show" changes_ui=true
2026-07-30T22:08:52.051419Z  INFO herdr::logging: api request completed event="api.request.complete" subsystem="api" outcome="ok" request_id="cli:notification:show" method="notification.show"
2026-07-30T22:08:52.052148Z  INFO herdr::logging: pane child exited event="pane.exit" subsystem="pane" outcome="completed" pane_id=51 status="ExitStatus { code: 0, signal: None }"
2026-07-30T22:08:52.052521Z  INFO herdr::pane: pane session terminated pane=51 pid=23911 signal=Hangup
2026-07-30T22:08:52.295807Z  INFO herdr::logging: api request received event="api.request.start" subsystem="api" outcome="started" request_id="cli:pane:rename" method="pane.rename" changes_ui=true
2026-07-30T22:08:52.295913Z  INFO herdr::logging: api request completed event="api.request.complete" subsystem="api" outcome="ok" request_id="cli:pane:rename" method="pane.rename"
2026-07-30T22:08:52.437223Z  INFO herdr::logging: api request received event="api.request.start" subsystem="api" outcome="started" request_id="cli:pane:split" method="pane.split" changes_ui=true
2026-07-30T22:08:52.437319Z  INFO herdr::logging: spawning pane terminal event="pane.spawn.start" subsystem="pane" outcome="started" pane_id=54 rows=46 cols=131 scrollback_limit_bytes=10000000
2026-07-30T22:08:52.439436Z  INFO herdr::logging: pane child spawned event="pane.spawned" subsystem="pane" outcome="ok" pane_id=54 pid=24118
2026-07-30T22:08:52.439930Z  INFO herdr::logging: api request completed event="api.request.complete" subsystem="api" outcome="ok" request_id="cli:pane:split" method="pane.split"
2026-07-30T22:08:52.490381Z  INFO herdr::logging: api request received event="api.request.start" subsystem="api" outcome="started" request_id="cli:pane:rename" method="pane.rename" changes_ui=true
2026-07-30T22:08:52.490511Z  INFO herdr::logging: api request completed event="api.request.complete" subsystem="api" outcome="ok" request_id="cli:pane:rename" method="pane.rename"
2026-07-30T22:08:52.994772Z  INFO herdr::pane: agent changed pane=54 previous_agent=None agent=Some(Claude) process=claude pgid=Some(24224)
2026-07-30T22:08:57.901034Z  INFO herdr::logging: session saved event="persist.save" subsystem="persist" outcome="ok" path=/Users/alex/.config/herdr/session.json workspaces=3
2026-07-30T22:19:26.579675Z  INFO herdr::logging: tab focused event="tab.focus" subsystem="tab" outcome="ok" workspace_id="w0" tab_id="w0:t2"
2026-07-30T22:19:31.597801Z  INFO herdr::logging: session saved event="persist.save" subsystem="persist" outcome="ok" path=/Users/alex/.config/herdr/session.json workspaces=3
2026-07-30T22:32:45.087372Z  INFO herdr::logging: checking for updates event="update.check.start" subsystem="update" outcome="started"
2026-07-30T23:02:45.108096Z  INFO herdr::logging: checking for updates event="update.check.start" subsystem="update" outcome="started"
2026-07-30T23:07:22.185612Z  INFO herdr::logging: tab focused event="tab.focus" subsystem="tab" outcome="ok" workspace_id="w0" tab_id="w0:t1"
2026-07-30T23:07:27.198444Z  INFO herdr::logging: session saved event="persist.save" subsystem="persist" outcome="ok" path=/Users/alex/.config/herdr/session.json workspaces=3
2026-07-30T23:07:34.368504Z  INFO herdr::logging: tab focused event="tab.focus" subsystem="tab" outcome="ok" workspace_id="w0" tab_id="w0:t1"
2026-07-30T23:07:39.380521Z  INFO herdr::logging: session saved event="persist.save" subsystem="persist" outcome="ok" path=/Users/alex/.config/herdr/session.json workspaces=3
2026-07-31T04:23:04.095126Z  INFO herdr::logging: checking for updates event="update.check.start" subsystem="update" outcome="started"
2026-07-31T05:56:54.929342Z  INFO herdr::logging: checking for updates event="update.check.start" subsystem="update" outcome="started"
2026-07-31T06:26:54.973392Z  INFO herdr::logging: checking for updates event="update.check.start" subsystem="update" outcome="started"
2026-07-31T06:56:54.976980Z  INFO herdr::logging: checking for updates event="update.check.start" subsystem="update" outcome="started"
2026-07-31T12:36:56.063065Z  INFO herdr::logging: checking for updates event="update.check.start" subsystem="update" outcome="started"
2026-07-31T14:14:17.418263Z  INFO herdr::logging: tab focused event="tab.focus" subsystem="tab" outcome="ok" workspace_id="w0" tab_id="w0:t1"
2026-07-31T14:14:22.440135Z  INFO herdr::logging: session saved event="persist.save" subsystem="persist" outcome="ok" path=/Users/alex/.config/herdr/session.json workspaces=3
2026-07-31T14:14:44.759344Z  INFO herdr::logging: workspace focused event="workspace.focus" subsystem="workspace" outcome="ok" workspace_id="wX"
2026-07-31T14:14:44.759515Z  INFO herdr::logging: tab focused event="tab.focus" subsystem="tab" outcome="ok" workspace_id="wX" tab_id="wX:t2"
2026-07-31T14:14:45.405324Z  INFO herdr::logging: workspace focused event="workspace.focus" subsystem="workspace" outcome="ok" workspace_id="w0"
2026-07-31T14:14:45.405434Z  INFO herdr::logging: tab focused event="tab.focus" subsystem="tab" outcome="ok" workspace_id="w0" tab_id="w0:t1"
2026-07-31T14:14:50.410535Z  INFO herdr::logging: session saved event="persist.save" subsystem="persist" outcome="ok" path=/Users/alex/.config/herdr/session.json workspaces=3
2026-07-31T14:14:55.229093Z  INFO herdr::logging: workspace focused event="workspace.focus" subsystem="workspace" outcome="ok" workspace_id="wX"
2026-07-31T14:14:55.231960Z  INFO herdr::logging: tab focused event="tab.focus" subsystem="tab" outcome="ok" workspace_id="wX" tab_id="wX:t2"
2026-07-31T14:14:56.004560Z  INFO herdr::logging: workspace focused event="workspace.focus" subsystem="workspace" outcome="ok" workspace_id="wN"
2026-07-31T14:14:56.004671Z  INFO herdr::logging: tab focused event="tab.focus" subsystem="tab" outcome="ok" workspace_id="wN" tab_id="wN:t1"
2026-07-31T14:14:58.426881Z  INFO herdr::logging: workspace closed event="workspace.close" subsystem="workspace" outcome="ok" workspace_id="wN"
2026-07-31T14:14:58.435427Z  INFO herdr::logging: pane child exited event="pane.exit" subsystem="pane" outcome="completed" pane_id=1 status="ExitStatus { code: 1, signal: None }"
2026-07-31T14:14:58.451974Z  INFO herdr::pane: pane session terminated pane=1 pid=95302 signal=Hangup
2026-07-31T14:14:58.454201Z  WARN herdr::app::actions: PaneDied for unknown pane pane=1
2026-07-31T14:15:02.779912Z  INFO herdr::logging: workspace focused event="workspace.focus" subsystem="workspace" outcome="ok" workspace_id="w0"
2026-07-31T14:15:02.780044Z  INFO herdr::logging: tab focused event="tab.focus" subsystem="tab" outcome="ok" workspace_id="w0" tab_id="w0:t1"
2026-07-31T14:15:07.789342Z  INFO herdr::logging: session saved event="persist.save" subsystem="persist" outcome="ok" path=/Users/alex/.config/herdr/session.json workspaces=2
2026-07-31T14:17:05.166661Z  INFO herdr::logging: tab focused event="tab.focus" subsystem="tab" outcome="ok" workspace_id="w0" tab_id="w0:t2"
2026-07-31T14:17:10.186037Z  INFO herdr::logging: session saved event="persist.save" subsystem="persist" outcome="ok" path=/Users/alex/.config/herdr/session.json workspaces=2
2026-07-31T14:17:27.675361Z  INFO herdr::logging: tab focused event="tab.focus" subsystem="tab" outcome="ok" workspace_id="w0" tab_id="w0:t1"
2026-07-31T14:17:32.687798Z  INFO herdr::logging: session saved event="persist.save" subsystem="persist" outcome="ok" path=/Users/alex/.config/herdr/session.json workspaces=2
2026-07-31T14:17:47.396893Z  INFO herdr::logging: session saved event="persist.save" subsystem="persist" outcome="ok" path=/Users/alex/.config/herdr/session.json workspaces=2
2026-07-31T14:30:29.700299Z  INFO herdr::logging: checking for updates event="update.check.start" subsystem="update" outcome="started"
2026-07-31T15:14:59.452286Z  INFO herdr::logging: checking for updates event="update.check.start" subsystem="update" outcome="started"
2026-07-31T15:32:05.307792Z  INFO herdr::logging: tab focused event="tab.focus" subsystem="tab" outcome="ok" workspace_id="w0" tab_id="w0:t1"
2026-07-31T15:32:10.325637Z  INFO herdr::logging: session saved event="persist.save" subsystem="persist" outcome="ok" path=/Users/alex/.config/herdr/session.json workspaces=2
2026-07-31T15:32:51.883518Z  INFO herdr::logging: tab focused event="tab.focus" subsystem="tab" outcome="ok" workspace_id="w0" tab_id="w0:t1"
2026-07-31T15:32:56.902300Z  INFO herdr::logging: session saved event="persist.save" subsystem="persist" outcome="ok" path=/Users/alex/.config/herdr/session.json workspaces=2
2026-07-31T15:33:15.658560Z  INFO herdr::logging: tab focused event="tab.focus" subsystem="tab" outcome="ok" workspace_id="w0" tab_id="w0:t1"
2026-07-31T15:33:20.671863Z  INFO herdr::logging: session saved event="persist.save" subsystem="persist" outcome="ok" path=/Users/alex/.config/herdr/session.json workspaces=2
2026-07-31T15:33:29.860836Z  INFO herdr::logging: tab focused event="tab.focus" subsystem="tab" outcome="ok" workspace_id="w0" tab_id="w0:t1"
2026-07-31T15:33:34.867526Z  INFO herdr::logging: session saved event="persist.save" subsystem="persist" outcome="ok" path=/Users/alex/.config/herdr/session.json workspaces=2
2026-07-31T15:33:35.145807Z  INFO herdr::logging: tab focused event="tab.focus" subsystem="tab" outcome="ok" workspace_id="w0" tab_id="w0:t1"
2026-07-31T15:33:40.153056Z  INFO herdr::logging: session saved event="persist.save" subsystem="persist" outcome="ok" path=/Users/alex/.config/herdr/session.json workspaces=2
2026-07-31T15:33:53.412235Z  INFO herdr::logging: tab focused event="tab.focus" subsystem="tab" outcome="ok" workspace_id="w0" tab_id="w0:t1"
2026-07-31T15:33:56.725984Z  INFO herdr::logging: tab focused event="tab.focus" subsystem="tab" outcome="ok" workspace_id="w0" tab_id="w0:t1"
2026-07-31T15:34:01.733801Z  INFO herdr::logging: session saved event="persist.save" subsystem="persist" outcome="ok" path=/Users/alex/.config/herdr/session.json workspaces=2
2026-07-31T15:37:50.865980Z  INFO herdr::logging: session saved event="persist.save" subsystem="persist" outcome="ok" path=/Users/alex/.config/herdr/session.json workspaces=2
2026-07-31T15:44:59.420303Z  INFO herdr::logging: checking for updates event="update.check.start" subsystem="update" outcome="started"
2026-07-31T16:06:21.648750Z  INFO herdr::logging: tab focused event="tab.focus" subsystem="tab" outcome="ok" workspace_id="w0" tab_id="w0:t1"
2026-07-31T16:06:28.866938Z  INFO herdr::logging: session saved event="persist.save" subsystem="persist" outcome="ok" path=/Users/alex/.config/herdr/session.json workspaces=2
2026-07-31T16:12:52.293538Z  INFO herdr::logging: tab focused event="tab.focus" subsystem="tab" outcome="ok" workspace_id="w0" tab_id="w0:t2"
2026-07-31T16:12:54.372322Z  INFO herdr::logging: tab focused event="tab.focus" subsystem="tab" outcome="ok" workspace_id="w0" tab_id="w0:t1"
2026-07-31T16:12:59.386545Z  INFO herdr::logging: session saved event="persist.save" subsystem="persist" outcome="ok" path=/Users/alex/.config/herdr/session.json workspaces=2
2026-07-31T16:13:41.851992Z  INFO herdr::logging: tab focused event="tab.focus" subsystem="tab" outcome="ok" workspace_id="w0" tab_id="w0:t2"
2026-07-31T16:13:46.861184Z  INFO herdr::logging: session saved event="persist.save" subsystem="persist" outcome="ok" path=/Users/alex/.config/herdr/session.json workspaces=2
2026-07-31T16:14:11.852381Z  INFO herdr::logging: tab focused event="tab.focus" subsystem="tab" outcome="ok" workspace_id="w0" tab_id="w0:t1"
2026-07-31T16:14:14.416127Z  INFO herdr::logging: tab focused event="tab.focus" subsystem="tab" outcome="ok" workspace_id="w0" tab_id="w0:t2"
2026-07-31T16:14:19.426664Z  INFO herdr::logging: session saved event="persist.save" subsystem="persist" outcome="ok" path=/Users/alex/.config/herdr/session.json workspaces=2
2026-07-31T16:14:59.407664Z  INFO herdr::logging: checking for updates event="update.check.start" subsystem="update" outcome="started"
2026-07-31T16:15:05.095062Z  INFO herdr::logging: tab focused event="tab.focus" subsystem="tab" outcome="ok" workspace_id="w0" tab_id="w0:t1"
2026-07-31T16:15:10.113263Z  INFO herdr::logging: session saved event="persist.save" subsystem="persist" outcome="ok" path=/Users/alex/.config/herdr/session.json workspaces=2
2026-07-31T16:22:24.153111Z  INFO herdr::logging: tab focused event="tab.focus" subsystem="tab" outcome="ok" workspace_id="w0" tab_id="w0:t2"
2026-07-31T16:22:29.166069Z  INFO herdr::logging: session saved event="persist.save" subsystem="persist" outcome="ok" path=/Users/alex/.config/herdr/session.json workspaces=2
2026-07-31T16:22:44.738306Z  INFO herdr::logging: tab focused event="tab.focus" subsystem="tab" outcome="ok" workspace_id="w0" tab_id="w0:t1"
2026-07-31T16:22:49.747173Z  INFO herdr::logging: session saved event="persist.save" subsystem="persist" outcome="ok" path=/Users/alex/.config/herdr/session.json workspaces=2
2026-07-31T16:22:59.767507Z  INFO herdr::logging: pane child exited event="pane.exit" subsystem="pane" outcome="completed" pane_id=52 status="ExitStatus { code: 0, signal: None }"
2026-07-31T16:22:59.774132Z  INFO herdr::pane: pane session terminated pane=52 pid=23919 signal=Hangup
2026-07-31T16:23:04.796653Z  INFO herdr::logging: session saved event="persist.save" subsystem="persist" outcome="ok" path=/Users/alex/.config/herdr/session.json workspaces=2
2026-07-31T16:23:05.628864Z  INFO herdr::logging: tab focused event="tab.focus" subsystem="tab" outcome="ok" workspace_id="w0" tab_id="w0:t2"
2026-07-31T16:23:06.263839Z  INFO herdr::logging: tab focused event="tab.focus" subsystem="tab" outcome="ok" workspace_id="w0" tab_id="w0:t1"
2026-07-31T16:23:11.274984Z  INFO herdr::logging: session saved event="persist.save" subsystem="persist" outcome="ok" path=/Users/alex/.config/herdr/session.json workspaces=2
2026-07-31T16:23:35.465461Z  INFO herdr::logging: spawning pane terminal event="pane.spawn.start" subsystem="pane" outcome="started" pane_id=55 rows=46 cols=147 scrollback_limit_bytes=10000000
2026-07-31T16:23:35.472055Z  INFO herdr::logging: pane child spawned event="pane.spawned" subsystem="pane" outcome="ok" pane_id=55 pid=6185
2026-07-31T16:23:35.472290Z  INFO herdr::logging: tab focused event="tab.focus" subsystem="tab" outcome="ok" workspace_id="w0" tab_id="w0:t1"
2026-07-31T16:23:40.476406Z  INFO herdr::logging: session saved event="persist.save" subsystem="persist" outcome="ok" path=/Users/alex/.config/herdr/session.json workspaces=2
2026-07-31T16:24:23.523783Z  INFO herdr::logging: session saved event="persist.save" subsystem="persist" outcome="ok" path=/Users/alex/.config/herdr/session.json workspaces=2
2026-07-31T16:24:24.480150Z  INFO herdr::pane: agent changed pane=55 previous_agent=None agent=Some(Claude) process=claude pgid=Some(6361)
2026-07-31T16:24:26.053913Z  INFO herdr::logging: tab focused event="tab.focus" subsystem="tab" outcome="ok" workspace_id="w0" tab_id="w0:t1"
2026-07-31T16:24:28.347807Z  INFO herdr::pane: agent changed pane=54 previous_agent=Some(Claude) agent=None pgid=Some(24118)
2026-07-31T16:24:33.049405Z  INFO herdr::logging: session saved event="persist.save" subsystem="persist" outcome="ok" path=/Users/alex/.config/herdr/session.json workspaces=2
2026-07-31T16:25:12.956849Z  INFO herdr::logging: tab focused event="tab.focus" subsystem="tab" outcome="ok" workspace_id="w0" tab_id="w0:t2"
2026-07-31T16:25:17.968949Z  INFO herdr::logging: session saved event="persist.save" subsystem="persist" outcome="ok" path=/Users/alex/.config/herdr/session.json workspaces=2
2026-07-31T16:29:56.358132Z  INFO herdr::logging: tab focused event="tab.focus" subsystem="tab" outcome="ok" workspace_id="w0" tab_id="w0:t1"
2026-07-31T16:30:01.379043Z  INFO herdr::logging: session saved event="persist.save" subsystem="persist" outcome="ok" path=/Users/alex/.config/herdr/session.json workspaces=2
2026-07-31T16:44:59.426909Z  INFO herdr::logging: checking for updates event="update.check.start" subsystem="update" outcome="started"
2026-07-31T16:46:55.544103Z  INFO herdr::logging: tab focused event="tab.focus" subsystem="tab" outcome="ok" workspace_id="w0" tab_id="w0:t2"
2026-07-31T16:47:00.558681Z  INFO herdr::logging: session saved event="persist.save" subsystem="persist" outcome="ok" path=/Users/alex/.config/herdr/session.json workspaces=2
2026-07-31T16:47:00.983714Z  INFO herdr::logging: tab focused event="tab.focus" subsystem="tab" outcome="ok" workspace_id="w0" tab_id="w0:t1"
2026-07-31T16:47:05.994709Z  INFO herdr::logging: session saved event="persist.save" subsystem="persist" outcome="ok" path=/Users/alex/.config/herdr/session.json workspaces=2
2026-07-31T16:52:47.271325Z  INFO herdr::logging: tab focused event="tab.focus" subsystem="tab" outcome="ok" workspace_id="w0" tab_id="w0:t2"
2026-07-31T16:52:52.284066Z  INFO herdr::logging: session saved event="persist.save" subsystem="persist" outcome="ok" path=/Users/alex/.config/herdr/session.json workspaces=2
2026-07-31T16:53:40.665123Z  INFO herdr::logging: tab focused event="tab.focus" subsystem="tab" outcome="ok" workspace_id="w0" tab_id="w0:t1"
2026-07-31T16:53:45.676959Z  INFO herdr::logging: session saved event="persist.save" subsystem="persist" outcome="ok" path=/Users/alex/.config/herdr/session.json workspaces=2
2026-07-31T16:56:25.865887Z  INFO herdr::logging: tab focused event="tab.focus" subsystem="tab" outcome="ok" workspace_id="w0" tab_id="w0:t2"
2026-07-31T16:56:30.884544Z  INFO herdr::logging: session saved event="persist.save" subsystem="persist" outcome="ok" path=/Users/alex/.config/herdr/session.json workspaces=2
2026-07-31T16:57:11.064381Z  INFO herdr::logging: tab focused event="tab.focus" subsystem="tab" outcome="ok" workspace_id="w0" tab_id="w0:t1"
2026-07-31T16:57:16.071955Z  INFO herdr::logging: session saved event="persist.save" subsystem="persist" outcome="ok" path=/Users/alex/.config/herdr/session.json workspaces=2
2026-07-31T16:57:29.565075Z  INFO herdr::logging: tab focused event="tab.focus" subsystem="tab" outcome="ok" workspace_id="w0" tab_id="w0:t2"
2026-07-31T16:57:34.571948Z  INFO herdr::logging: session saved event="persist.save" subsystem="persist" outcome="ok" path=/Users/alex/.config/herdr/session.json workspaces=2
2026-07-31T16:57:44.380885Z  INFO herdr::logging: tab focused event="tab.focus" subsystem="tab" outcome="ok" workspace_id="w0" tab_id="w0:t1"
2026-07-31T16:57:49.392496Z  INFO herdr::logging: session saved event="persist.save" subsystem="persist" outcome="ok" path=/Users/alex/.config/herdr/session.json workspaces=2
2026-07-31T16:57:50.251032Z  INFO herdr::logging: tab focused event="tab.focus" subsystem="tab" outcome="ok" workspace_id="w0" tab_id="w0:t2"
2026-07-31T16:57:55.258157Z  INFO herdr::logging: session saved event="persist.save" subsystem="persist" outcome="ok" path=/Users/alex/.config/herdr/session.json workspaces=2
2026-07-31T16:58:50.407303Z  INFO herdr::logging: tab focused event="tab.focus" subsystem="tab" outcome="ok" workspace_id="w0" tab_id="w0:t1"
2026-07-31T16:58:55.427985Z  INFO herdr::logging: session saved event="persist.save" subsystem="persist" outcome="ok" path=/Users/alex/.config/herdr/session.json workspaces=2
2026-07-31T17:14:59.443769Z  INFO herdr::logging: checking for updates event="update.check.start" subsystem="update" outcome="started"
2026-07-31T17:27:38.505561Z  INFO herdr::logging: tab focused event="tab.focus" subsystem="tab" outcome="ok" workspace_id="w0" tab_id="w0:t2"
2026-07-31T17:27:40.675465Z  INFO herdr::logging: tab focused event="tab.focus" subsystem="tab" outcome="ok" workspace_id="w0" tab_id="w0:t1"
2026-07-31T17:27:45.689812Z  INFO herdr::logging: session saved event="persist.save" subsystem="persist" outcome="ok" path=/Users/alex/.config/herdr/session.json workspaces=2
2026-07-31T17:28:01.136469Z  INFO herdr::logging: tab focused event="tab.focus" subsystem="tab" outcome="ok" workspace_id="w0" tab_id="w0:t2"
2026-07-31T17:28:06.145063Z  INFO herdr::logging: session saved event="persist.save" subsystem="persist" outcome="ok" path=/Users/alex/.config/herdr/session.json workspaces=2
2026-07-31T17:28:08.316453Z  INFO herdr::logging: tab focused event="tab.focus" subsystem="tab" outcome="ok" workspace_id="w0" tab_id="w0:t1"
2026-07-31T17:28:13.323660Z  INFO herdr::logging: session saved event="persist.save" subsystem="persist" outcome="ok" path=/Users/alex/.config/herdr/session.json workspaces=2
2026-07-31T17:28:34.113054Z  INFO herdr::logging: tab focused event="tab.focus" subsystem="tab" outcome="ok" workspace_id="w0" tab_id="w0:t2"
2026-07-31T17:28:39.125559Z  INFO herdr::logging: session saved event="persist.save" subsystem="persist" outcome="ok" path=/Users/alex/.config/herdr/session.json workspaces=2
2026-07-31T17:29:01.061379Z  INFO herdr::logging: tab focused event="tab.focus" subsystem="tab" outcome="ok" workspace_id="w0" tab_id="w0:t1"
2026-07-31T17:29:04.304091Z  INFO herdr::logging: tab focused event="tab.focus" subsystem="tab" outcome="ok" workspace_id="w0" tab_id="w0:t2"
2026-07-31T17:29:05.503567Z  INFO herdr::logging: tab focused event="tab.focus" subsystem="tab" outcome="ok" workspace_id="w0" tab_id="w0:t1"
2026-07-31T17:29:10.513858Z  INFO herdr::logging: session saved event="persist.save" subsystem="persist" outcome="ok" path=/Users/alex/.config/herdr/session.json workspaces=2
2026-07-31T17:29:26.270490Z  INFO herdr::logging: tab focused event="tab.focus" subsystem="tab" outcome="ok" workspace_id="w0" tab_id="w0:t2"
2026-07-31T17:29:26.989165Z  INFO herdr::logging: tab focused event="tab.focus" subsystem="tab" outcome="ok" workspace_id="w0" tab_id="w0:t1"
2026-07-31T17:29:31.996073Z  INFO herdr::logging: session saved event="persist.save" subsystem="persist" outcome="ok" path=/Users/alex/.config/herdr/session.json workspaces=2
2026-07-31T17:30:20.826106Z  INFO herdr::logging: tab focused event="tab.focus" subsystem="tab" outcome="ok" workspace_id="w0" tab_id="w0:t2"
2026-07-31T17:30:21.988582Z  INFO herdr::logging: tab focused event="tab.focus" subsystem="tab" outcome="ok" workspace_id="w0" tab_id="w0:t1"
2026-07-31T17:30:27.001366Z  INFO herdr::logging: session saved event="persist.save" subsystem="persist" outcome="ok" path=/Users/alex/.config/herdr/session.json workspaces=2
2026-07-31T17:31:03.039380Z  INFO herdr::logging: tab focused event="tab.focus" subsystem="tab" outcome="ok" workspace_id="w0" tab_id="w0:t2"
2026-07-31T17:31:03.719327Z  INFO herdr::logging: tab focused event="tab.focus" subsystem="tab" outcome="ok" workspace_id="w0" tab_id="w0:t1"
2026-07-31T17:31:08.729215Z  INFO herdr::logging: session saved event="persist.save" subsystem="persist" outcome="ok" path=/Users/alex/.config/herdr/session.json workspaces=2
2026-07-31T17:31:29.141122Z  INFO herdr::logging: tab focused event="tab.focus" subsystem="tab" outcome="ok" workspace_id="w0" tab_id="w0:t2"
2026-07-31T17:31:34.155603Z  INFO herdr::logging: session saved event="persist.save" subsystem="persist" outcome="ok" path=/Users/alex/.config/herdr/session.json workspaces=2
2026-07-31T17:31:59.265674Z  INFO herdr::logging: tab focused event="tab.focus" subsystem="tab" outcome="ok" workspace_id="w0" tab_id="w0:t1"
2026-07-31T17:32:04.278278Z  INFO herdr::logging: session saved event="persist.save" subsystem="persist" outcome="ok" path=/Users/alex/.config/herdr/session.json workspaces=2
2026-07-31T17:32:16.490167Z  INFO herdr::logging: tab focused event="tab.focus" subsystem="tab" outcome="ok" workspace_id="w0" tab_id="w0:t2"
2026-07-31T17:32:21.499749Z  INFO herdr::logging: session saved event="persist.save" subsystem="persist" outcome="ok" path=/Users/alex/.config/herdr/session.json workspaces=2
2026-07-31T17:32:45.231250Z  INFO herdr::logging: tab focused event="tab.focus" subsystem="tab" outcome="ok" workspace_id="w0" tab_id="w0:t1"
2026-07-31T17:32:50.249262Z  INFO herdr::logging: session saved event="persist.save" subsystem="persist" outcome="ok" path=/Users/alex/.config/herdr/session.json workspaces=2
2026-07-31T17:32:51.513323Z  INFO herdr::logging: tab focused event="tab.focus" subsystem="tab" outcome="ok" workspace_id="w0" tab_id="w0:t2"
2026-07-31T17:32:52.642120Z  INFO herdr::logging: tab focused event="tab.focus" subsystem="tab" outcome="ok" workspace_id="w0" tab_id="w0:t1"
2026-07-31T17:32:57.654130Z  INFO herdr::logging: session saved event="persist.save" subsystem="persist" outcome="ok" path=/Users/alex/.config/herdr/session.json workspaces=2
2026-07-31T17:33:59.132448Z  INFO herdr::logging: tab focused event="tab.focus" subsystem="tab" outcome="ok" workspace_id="w0" tab_id="w0:t2"
2026-07-31T17:34:04.151419Z  INFO herdr::logging: session saved event="persist.save" subsystem="persist" outcome="ok" path=/Users/alex/.config/herdr/session.json workspaces=2
2026-07-31T17:34:29.680273Z  INFO herdr::logging: tab focused event="tab.focus" subsystem="tab" outcome="ok" workspace_id="w0" tab_id="w0:t1"
2026-07-31T17:34:34.699507Z  INFO herdr::logging: session saved event="persist.save" subsystem="persist" outcome="ok" path=/Users/alex/.config/herdr/session.json workspaces=2
2026-07-31T17:34:52.834194Z  INFO herdr::logging: tab focused event="tab.focus" subsystem="tab" outcome="ok" workspace_id="w0" tab_id="w0:t2"
2026-07-31T17:34:57.850852Z  INFO herdr::logging: session saved event="persist.save" subsystem="persist" outcome="ok" path=/Users/alex/.config/herdr/session.json workspaces=2
2026-07-31T17:36:25.283993Z  INFO herdr::logging: tab focused event="tab.focus" subsystem="tab" outcome="ok" workspace_id="w0" tab_id="w0:t1"
2026-07-31T17:36:30.310048Z  INFO herdr::logging: session saved event="persist.save" subsystem="persist" outcome="ok" path=/Users/alex/.config/herdr/session.json workspaces=2
2026-07-31T17:42:45.624939Z  INFO herdr::logging: tab focused event="tab.focus" subsystem="tab" outcome="ok" workspace_id="w0" tab_id="w0:t2"
2026-07-31T17:42:50.642411Z  INFO herdr::logging: session saved event="persist.save" subsystem="persist" outcome="ok" path=/Users/alex/.config/herdr/session.json workspaces=2
2026-07-31T17:43:19.982158Z  INFO herdr::logging: tab focused event="tab.focus" subsystem="tab" outcome="ok" workspace_id="w0" tab_id="w0:t1"
2026-07-31T17:43:25.003077Z  INFO herdr::logging: session saved event="persist.save" subsystem="persist" outcome="ok" path=/Users/alex/.config/herdr/session.json workspaces=2
2026-07-31T17:43:37.669856Z  INFO herdr::logging: tab focused event="tab.focus" subsystem="tab" outcome="ok" workspace_id="w0" tab_id="w0:t2"
2026-07-31T17:43:42.687037Z  INFO herdr::logging: session saved event="persist.save" subsystem="persist" outcome="ok" path=/Users/alex/.config/herdr/session.json workspaces=2
2026-07-31T17:44:46.704941Z  INFO herdr::logging: tab focused event="tab.focus" subsystem="tab" outcome="ok" workspace_id="w0" tab_id="w0:t1"
2026-07-31T17:44:51.725957Z  INFO herdr::logging: session saved event="persist.save" subsystem="persist" outcome="ok" path=/Users/alex/.config/herdr/session.json workspaces=2
2026-07-31T17:44:59.425410Z  INFO herdr::logging: checking for updates event="update.check.start" subsystem="update" outcome="started"
2026-07-31T17:47:08.180906Z  INFO herdr::logging: tab focused event="tab.focus" subsystem="tab" outcome="ok" workspace_id="w0" tab_id="w0:t2"
2026-07-31T17:47:12.607959Z  INFO herdr::app::actions: copied selection to clipboard
2026-07-31T17:47:13.203572Z  INFO herdr::logging: session saved event="persist.save" subsystem="persist" outcome="ok" path=/Users/alex/.config/herdr/session.json workspaces=2
2026-07-31T17:48:02.693727Z  INFO herdr::logging: tab focused event="tab.focus" subsystem="tab" outcome="ok" workspace_id="w0" tab_id="w0:t1"
2026-07-31T17:48:07.715722Z  INFO herdr::logging: session saved event="persist.save" subsystem="persist" outcome="ok" path=/Users/alex/.config/herdr/session.json workspaces=2
2026-07-31T17:49:21.763176Z  INFO herdr::logging: tab focused event="tab.focus" subsystem="tab" outcome="ok" workspace_id="w0" tab_id="w0:t2"
2026-07-31T17:49:26.781262Z  INFO herdr::logging: session saved event="persist.save" subsystem="persist" outcome="ok" path=/Users/alex/.config/herdr/session.json workspaces=2
2026-07-31T17:50:08.663143Z  INFO herdr::logging: tab focused event="tab.focus" subsystem="tab" outcome="ok" workspace_id="w0" tab_id="w0:t1"
2026-07-31T17:50:13.684356Z  INFO herdr::logging: session saved event="persist.save" subsystem="persist" outcome="ok" path=/Users/alex/.config/herdr/session.json workspaces=2
2026-07-31T17:59:40.054499Z  INFO herdr::logging: tab focused event="tab.focus" subsystem="tab" outcome="ok" workspace_id="w0" tab_id="w0:t2"
2026-07-31T17:59:41.565834Z  INFO herdr::logging: tab focused event="tab.focus" subsystem="tab" outcome="ok" workspace_id="w0" tab_id="w0:t1"
2026-07-31T17:59:46.586810Z  INFO herdr::logging: session saved event="persist.save" subsystem="persist" outcome="ok" path=/Users/alex/.config/herdr/session.json workspaces=2
2026-07-31T18:02:50.904185Z  INFO herdr::logging: tab focused event="tab.focus" subsystem="tab" outcome="ok" workspace_id="w0" tab_id="w0:t2"
2026-07-31T18:02:55.925907Z  INFO herdr::logging: session saved event="persist.save" subsystem="persist" outcome="ok" path=/Users/alex/.config/herdr/session.json workspaces=2
2026-07-31T18:06:27.755285Z  INFO herdr::logging: tab focused event="tab.focus" subsystem="tab" outcome="ok" workspace_id="w0" tab_id="w0:t1"
2026-07-31T18:06:32.780731Z  INFO herdr::logging: session saved event="persist.save" subsystem="persist" outcome="ok" path=/Users/alex/.config/herdr/session.json workspaces=2
2026-07-31T18:06:47.242643Z  INFO herdr::logging: tab focused event="tab.focus" subsystem="tab" outcome="ok" workspace_id="w0" tab_id="w0:t2"
2026-07-31T18:06:48.532430Z  INFO herdr::logging: tab focused event="tab.focus" subsystem="tab" outcome="ok" workspace_id="w0" tab_id="w0:t1"
2026-07-31T18:06:49.912601Z  INFO herdr::logging: tab focused event="tab.focus" subsystem="tab" outcome="ok" workspace_id="w0" tab_id="w0:t2"
2026-07-31T18:06:54.921658Z  INFO herdr::logging: session saved event="persist.save" subsystem="persist" outcome="ok" path=/Users/alex/.config/herdr/session.json workspaces=2
2026-07-31T18:07:56.600857Z  INFO herdr::logging: tab focused event="tab.focus" subsystem="tab" outcome="ok" workspace_id="w0" tab_id="w0:t1"
2026-07-31T18:08:01.632896Z  INFO herdr::logging: session saved event="persist.save" subsystem="persist" outcome="ok" path=/Users/alex/.config/herdr/session.json workspaces=2
2026-07-31T18:08:17.604264Z  INFO herdr::logging: tab focused event="tab.focus" subsystem="tab" outcome="ok" workspace_id="w0" tab_id="w0:t2"
2026-07-31T18:08:22.627998Z  INFO herdr::logging: session saved event="persist.save" subsystem="persist" outcome="ok" path=/Users/alex/.config/herdr/session.json workspaces=2
2026-07-31T18:08:26.837386Z  INFO herdr::logging: tab focused event="tab.focus" subsystem="tab" outcome="ok" workspace_id="w0" tab_id="w0:t1"
2026-07-31T18:08:29.765508Z  INFO herdr::logging: tab focused event="tab.focus" subsystem="tab" outcome="ok" workspace_id="w0" tab_id="w0:t2"
2026-07-31T18:08:34.791042Z  INFO herdr::logging: session saved event="persist.save" subsystem="persist" outcome="ok" path=/Users/alex/.config/herdr/session.json workspaces=2
2026-07-31T18:08:35.243447Z  INFO herdr::app::actions: copied selection to clipboard
2026-07-31T18:08:38.327088Z  INFO herdr::app::actions: copied selection to clipboard
2026-07-31T18:08:40.170945Z  INFO herdr::logging: tab focused event="tab.focus" subsystem="tab" outcome="ok" workspace_id="w0" tab_id="w0:t1"
2026-07-31T18:08:45.187941Z  INFO herdr::logging: session saved event="persist.save" subsystem="persist" outcome="ok" path=/Users/alex/.config/herdr/session.json workspaces=2
2026-07-31T18:08:52.197895Z  INFO herdr::logging: tab focused event="tab.focus" subsystem="tab" outcome="ok" workspace_id="w0" tab_id="w0:t2"
2026-07-31T18:08:54.612978Z  INFO herdr::logging: tab focused event="tab.focus" subsystem="tab" outcome="ok" workspace_id="w0" tab_id="w0:t1"
2026-07-31T18:08:56.551736Z  INFO herdr::logging: tab focused event="tab.focus" subsystem="tab" outcome="ok" workspace_id="w0" tab_id="w0:t2"
2026-07-31T18:09:01.560477Z  INFO herdr::logging: session saved event="persist.save" subsystem="persist" outcome="ok" path=/Users/alex/.config/herdr/session.json workspaces=2
2026-07-31T18:09:28.525455Z  INFO herdr::logging: tab focused event="tab.focus" subsystem="tab" outcome="ok" workspace_id="w0" tab_id="w0:t1"
2026-07-31T18:09:33.549583Z  INFO herdr::logging: session saved event="persist.save" subsystem="persist" outcome="ok" path=/Users/alex/.config/herdr/session.json workspaces=2
2026-07-31T18:10:02.140483Z  INFO herdr::logging: tab focused event="tab.focus" subsystem="tab" outcome="ok" workspace_id="w0" tab_id="w0:t2"
2026-07-31T18:10:07.167850Z  INFO herdr::logging: session saved event="persist.save" subsystem="persist" outcome="ok" path=/Users/alex/.config/herdr/session.json workspaces=2
2026-07-31T18:10:15.814872Z  INFO herdr::logging: tab focused event="tab.focus" subsystem="tab" outcome="ok" workspace_id="w0" tab_id="w0:t1"
2026-07-31T18:10:20.830876Z  INFO herdr::logging: session saved event="persist.save" subsystem="persist" outcome="ok" path=/Users/alex/.config/herdr/session.json workspaces=2
2026-07-31T18:11:39.673655Z  INFO herdr::logging: tab focused event="tab.focus" subsystem="tab" outcome="ok" workspace_id="w0" tab_id="w0:t2"
2026-07-31T18:11:44.707667Z  INFO herdr::logging: session saved event="persist.save" subsystem="persist" outcome="ok" path=/Users/alex/.config/herdr/session.json workspaces=2
2026-07-31T18:12:11.479880Z  INFO herdr::logging: tab focused event="tab.focus" subsystem="tab" outcome="ok" workspace_id="w0" tab_id="w0:t1"
2026-07-31T18:12:16.504427Z  INFO herdr::logging: session saved event="persist.save" subsystem="persist" outcome="ok" path=/Users/alex/.config/herdr/session.json workspaces=2
2026-07-31T18:12:16.641982Z  INFO herdr::logging: tab focused event="tab.focus" subsystem="tab" outcome="ok" workspace_id="w0" tab_id="w0:t2"
2026-07-31T18:12:21.662463Z  INFO herdr::logging: session saved event="persist.save" subsystem="persist" outcome="ok" path=/Users/alex/.config/herdr/session.json workspaces=2
2026-07-31T18:13:20.719187Z  INFO herdr::app::actions: copied selection to clipboard
2026-07-31T18:14:59.425555Z  INFO herdr::logging: checking for updates event="update.check.start" subsystem="update" outcome="started"
2026-07-31T18:16:45.847902Z  INFO herdr::logging: tab focused event="tab.focus" subsystem="tab" outcome="ok" workspace_id="w0" tab_id="w0:t1"
2026-07-31T18:16:50.878085Z  INFO herdr::logging: session saved event="persist.save" subsystem="persist" outcome="ok" path=/Users/alex/.config/herdr/session.json workspaces=2
2026-07-31T18:16:53.898298Z  INFO herdr::logging: tab focused event="tab.focus" subsystem="tab" outcome="ok" workspace_id="w0" tab_id="w0:t2"
2026-07-31T18:16:55.220290Z  INFO herdr::logging: tab focused event="tab.focus" subsystem="tab" outcome="ok" workspace_id="w0" tab_id="w0:t1"
2026-07-31T18:17:00.239279Z  INFO herdr::logging: session saved event="persist.save" subsystem="persist" outcome="ok" path=/Users/alex/.config/herdr/session.json workspaces=2
2026-07-31T18:21:42.300248Z  INFO herdr::logging: tab focused event="tab.focus" subsystem="tab" outcome="ok" workspace_id="w0" tab_id="w0:t2"
2026-07-31T18:21:47.328382Z  INFO herdr::logging: session saved event="persist.save" subsystem="persist" outcome="ok" path=/Users/alex/.config/herdr/session.json workspaces=2
2026-07-31T18:22:20.594506Z  INFO herdr::logging: tab focused event="tab.focus" subsystem="tab" outcome="ok" workspace_id="w0" tab_id="w0:t1"
2026-07-31T18:22:25.622054Z  INFO herdr::logging: session saved event="persist.save" subsystem="persist" outcome="ok" path=/Users/alex/.config/herdr/session.json workspaces=2
2026-07-31T18:22:52.468593Z  INFO herdr::logging: tab focused event="tab.focus" subsystem="tab" outcome="ok" workspace_id="w0" tab_id="w0:t2"
2026-07-31T18:22:57.495299Z  INFO herdr::logging: session saved event="persist.save" subsystem="persist" outcome="ok" path=/Users/alex/.config/herdr/session.json workspaces=2
2026-07-31T18:22:58.373602Z  INFO herdr::logging: tab focused event="tab.focus" subsystem="tab" outcome="ok" workspace_id="w0" tab_id="w0:t1"
2026-07-31T18:23:03.397704Z  INFO herdr::logging: session saved event="persist.save" subsystem="persist" outcome="ok" path=/Users/alex/.config/herdr/session.json workspaces=2
2026-07-31T18:23:30.764169Z  INFO herdr::logging: tab focused event="tab.focus" subsystem="tab" outcome="ok" workspace_id="w0" tab_id="w0:t2"
2026-07-31T18:23:35.790345Z  INFO herdr::logging: session saved event="persist.save" subsystem="persist" outcome="ok" path=/Users/alex/.config/herdr/session.json workspaces=2
2026-07-31T18:24:10.647324Z  INFO herdr::logging: tab focused event="tab.focus" subsystem="tab" outcome="ok" workspace_id="w0" tab_id="w0:t1"
2026-07-31T18:24:15.674954Z  INFO herdr::logging: session saved event="persist.save" subsystem="persist" outcome="ok" path=/Users/alex/.config/herdr/session.json workspaces=2
2026-07-31T18:27:26.274157Z  INFO herdr::logging: tab focused event="tab.focus" subsystem="tab" outcome="ok" workspace_id="w0" tab_id="w0:t2"
2026-07-31T18:27:31.306046Z  INFO herdr::logging: session saved event="persist.save" subsystem="persist" outcome="ok" path=/Users/alex/.config/herdr/session.json workspaces=2
2026-07-31T18:28:13.822056Z  INFO herdr::logging: tab focused event="tab.focus" subsystem="tab" outcome="ok" workspace_id="w0" tab_id="w0:t1"
2026-07-31T18:28:18.847158Z  INFO herdr::logging: session saved event="persist.save" subsystem="persist" outcome="ok" path=/Users/alex/.config/herdr/session.json workspaces=2
2026-07-31T18:28:37.825818Z  INFO herdr::logging: session saved event="persist.save" subsystem="persist" outcome="ok" path=/Users/alex/.config/herdr/session.json workspaces=2
2026-07-31T18:42:09.091103Z  INFO herdr::logging: tab focused event="tab.focus" subsystem="tab" outcome="ok" workspace_id="w0" tab_id="w0:t2"
2026-07-31T18:42:14.124686Z  INFO herdr::logging: session saved event="persist.save" subsystem="persist" outcome="ok" path=/Users/alex/.config/herdr/session.json workspaces=2
2026-07-31T18:42:53.191569Z  INFO herdr::logging: tab focused event="tab.focus" subsystem="tab" outcome="ok" workspace_id="w0" tab_id="w0:t1"
2026-07-31T18:42:58.219981Z  INFO herdr::logging: session saved event="persist.save" subsystem="persist" outcome="ok" path=/Users/alex/.config/herdr/session.json workspaces=2
2026-07-31T18:43:03.366813Z  INFO herdr::logging: tab focused event="tab.focus" subsystem="tab" outcome="ok" workspace_id="w0" tab_id="w0:t2"
2026-07-31T18:43:08.380038Z  INFO herdr::logging: session saved event="persist.save" subsystem="persist" outcome="ok" path=/Users/alex/.config/herdr/session.json workspaces=2
2026-07-31T18:43:11.428184Z  INFO herdr::logging: tab focused event="tab.focus" subsystem="tab" outcome="ok" workspace_id="w0" tab_id="w0:t1"
2026-07-31T18:43:16.444601Z  INFO herdr::logging: session saved event="persist.save" subsystem="persist" outcome="ok" path=/Users/alex/.config/herdr/session.json workspaces=2
2026-07-31T18:43:57.474963Z  INFO herdr::logging: tab focused event="tab.focus" subsystem="tab" outcome="ok" workspace_id="w0" tab_id="w0:t2"
2026-07-31T18:43:59.047793Z  INFO herdr::logging: tab focused event="tab.focus" subsystem="tab" outcome="ok" workspace_id="w0" tab_id="w0:t1"
2026-07-31T18:44:04.066744Z  INFO herdr::logging: session saved event="persist.save" subsystem="persist" outcome="ok" path=/Users/alex/.config/herdr/session.json workspaces=2
2026-07-31T18:44:38.531224Z  INFO herdr::logging: tab focused event="tab.focus" subsystem="tab" outcome="ok" workspace_id="w0" tab_id="w0:t2"
2026-07-31T18:44:43.560200Z  INFO herdr::logging: session saved event="persist.save" subsystem="persist" outcome="ok" path=/Users/alex/.config/herdr/session.json workspaces=2
2026-07-31T18:44:59.437708Z  INFO herdr::logging: checking for updates event="update.check.start" subsystem="update" outcome="started"
2026-07-31T18:45:20.536369Z  INFO herdr::app::actions: copied selection to clipboard
2026-07-31T18:47:04.112348Z  INFO herdr::logging: tab focused event="tab.focus" subsystem="tab" outcome="ok" workspace_id="w0" tab_id="w0:t1"
2026-07-31T18:47:09.137577Z  INFO herdr::logging: session saved event="persist.save" subsystem="persist" outcome="ok" path=/Users/alex/.config/herdr/session.json workspaces=2
2026-07-31T18:47:50.163117Z  INFO herdr::logging: tab focused event="tab.focus" subsystem="tab" outcome="ok" workspace_id="w0" tab_id="w0:t2"
2026-07-31T18:47:55.196017Z  INFO herdr::logging: session saved event="persist.save" subsystem="persist" outcome="ok" path=/Users/alex/.config/herdr/session.json workspaces=2
2026-07-31T18:47:58.652232Z  INFO herdr::app::actions: copied selection to clipboard
2026-07-31T18:47:59.954278Z  INFO herdr::logging: tab focused event="tab.focus" subsystem="tab" outcome="ok" workspace_id="w0" tab_id="w0:t1"
2026-07-31T18:48:04.973544Z  INFO herdr::logging: session saved event="persist.save" subsystem="persist" outcome="ok" path=/Users/alex/.config/herdr/session.json workspaces=2
2026-07-31T18:48:19.855877Z  INFO herdr::logging: tab focused event="tab.focus" subsystem="tab" outcome="ok" workspace_id="w0" tab_id="w0:t2"
2026-07-31T18:48:24.872558Z  INFO herdr::logging: session saved event="persist.save" subsystem="persist" outcome="ok" path=/Users/alex/.config/herdr/session.json workspaces=2
2026-07-31T18:48:33.582132Z  INFO herdr::app::actions: copied selection to clipboard
2026-07-31T18:48:34.409439Z  INFO herdr::logging: tab focused event="tab.focus" subsystem="tab" outcome="ok" workspace_id="w0" tab_id="w0:t1"
2026-07-31T18:48:39.423694Z  INFO herdr::logging: session saved event="persist.save" subsystem="persist" outcome="ok" path=/Users/alex/.config/herdr/session.json workspaces=2
2026-07-31T18:50:19.162744Z  INFO herdr::logging: tab focused event="tab.focus" subsystem="tab" outcome="ok" workspace_id="w0" tab_id="w0:t2"
2026-07-31T18:50:24.187942Z  INFO herdr::logging: session saved event="persist.save" subsystem="persist" outcome="ok" path=/Users/alex/.config/herdr/session.json workspaces=2
2026-07-31T18:50:24.375189Z  INFO herdr::app::actions: copied selection to clipboard
2026-07-31T18:50:26.211354Z  INFO herdr::logging: tab focused event="tab.focus" subsystem="tab" outcome="ok" workspace_id="w0" tab_id="w0:t1"
2026-07-31T18:50:30.289439Z  INFO herdr::logging: tab focused event="tab.focus" subsystem="tab" outcome="ok" workspace_id="w0" tab_id="w0:t2"
2026-07-31T18:50:33.204311Z  INFO herdr::app::actions: copied selection to clipboard
2026-07-31T18:50:33.954214Z  INFO herdr::logging: tab focused event="tab.focus" subsystem="tab" outcome="ok" workspace_id="w0" tab_id="w0:t1"
2026-07-31T18:50:38.970637Z  INFO herdr::logging: session saved event="persist.save" subsystem="persist" outcome="ok" path=/Users/alex/.config/herdr/session.json workspaces=2
2026-07-31T18:50:45.495434Z  INFO herdr::logging: tab focused event="tab.focus" subsystem="tab" outcome="ok" workspace_id="w0" tab_id="w0:t2"
2026-07-31T18:50:48.776824Z  INFO herdr::logging: tab focused event="tab.focus" subsystem="tab" outcome="ok" workspace_id="w0" tab_id="w0:t1"
2026-07-31T18:50:51.048917Z  INFO herdr::logging: tab focused event="tab.focus" subsystem="tab" outcome="ok" workspace_id="w0" tab_id="w0:t2"
2026-07-31T18:50:51.789478Z  INFO herdr::logging: tab focused event="tab.focus" subsystem="tab" outcome="ok" workspace_id="w0" tab_id="w0:t1"
2026-07-31T18:50:56.809871Z  INFO herdr::logging: session saved event="persist.save" subsystem="persist" outcome="ok" path=/Users/alex/.config/herdr/session.json workspaces=2
2026-07-31T18:51:18.988693Z  INFO herdr::logging: tab focused event="tab.focus" subsystem="tab" outcome="ok" workspace_id="w0" tab_id="w0:t2"
2026-07-31T18:51:22.757916Z  INFO herdr::app::actions: copied selection to clipboard
2026-07-31T18:51:24.011473Z  INFO herdr::logging: session saved event="persist.save" subsystem="persist" outcome="ok" path=/Users/alex/.config/herdr/session.json workspaces=2
2026-07-31T18:51:25.127488Z  INFO herdr::logging: tab focused event="tab.focus" subsystem="tab" outcome="ok" workspace_id="w0" tab_id="w0:t1"
2026-07-31T18:51:30.145240Z  INFO herdr::logging: session saved event="persist.save" subsystem="persist" outcome="ok" path=/Users/alex/.config/herdr/session.json workspaces=2
2026-07-31T18:51:30.809641Z  INFO herdr::logging: tab focused event="tab.focus" subsystem="tab" outcome="ok" workspace_id="w0" tab_id="w0:t2"
2026-07-31T18:51:35.831191Z  INFO herdr::logging: session saved event="persist.save" subsystem="persist" outcome="ok" path=/Users/alex/.config/herdr/session.json workspaces=2
2026-07-31T18:51:40.450206Z  INFO herdr::logging: tab focused event="tab.focus" subsystem="tab" outcome="ok" workspace_id="w0" tab_id="w0:t1"
2026-07-31T18:51:45.463619Z  INFO herdr::logging: session saved event="persist.save" subsystem="persist" outcome="ok" path=/Users/alex/.config/herdr/session.json workspaces=2
2026-07-31T18:51:55.635121Z  INFO herdr::logging: tab focused event="tab.focus" subsystem="tab" outcome="ok" workspace_id="w0" tab_id="w0:t2"
2026-07-31T18:52:00.657220Z  INFO herdr::logging: session saved event="persist.save" subsystem="persist" outcome="ok" path=/Users/alex/.config/herdr/session.json workspaces=2
2026-07-31T18:52:01.351120Z  INFO herdr::app::actions: copied selection to clipboard
2026-07-31T18:52:05.183901Z  INFO herdr::logging: tab focused event="tab.focus" subsystem="tab" outcome="ok" workspace_id="w0" tab_id="w0:t1"
2026-07-31T18:52:10.203591Z  INFO herdr::logging: session saved event="persist.save" subsystem="persist" outcome="ok" path=/Users/alex/.config/herdr/session.json workspaces=2
2026-07-31T18:52:12.179508Z  INFO herdr::logging: tab focused event="tab.focus" subsystem="tab" outcome="ok" workspace_id="w0" tab_id="w0:t2"
2026-07-31T18:52:15.355516Z  INFO herdr::logging: tab focused event="tab.focus" subsystem="tab" outcome="ok" workspace_id="w0" tab_id="w0:t1"
2026-07-31T18:52:20.371373Z  INFO herdr::logging: session saved event="persist.save" subsystem="persist" outcome="ok" path=/Users/alex/.config/herdr/session.json workspaces=2
2026-07-31T18:52:30.204949Z  INFO herdr::logging: tab focused event="tab.focus" subsystem="tab" outcome="ok" workspace_id="w0" tab_id="w0:t2"
2026-07-31T18:52:35.225126Z  INFO herdr::logging: session saved event="persist.save" subsystem="persist" outcome="ok" path=/Users/alex/.config/herdr/session.json workspaces=2
2026-07-31T18:52:47.931806Z  INFO herdr::app::actions: copied selection to clipboard
2026-07-31T18:52:50.199881Z  INFO herdr::logging: tab focused event="tab.focus" subsystem="tab" outcome="ok" workspace_id="w0" tab_id="w0:t1"
2026-07-31T18:52:55.219046Z  INFO herdr::logging: session saved event="persist.save" subsystem="persist" outcome="ok" path=/Users/alex/.config/herdr/session.json workspaces=2
2026-07-31T18:53:41.084416Z  INFO herdr::logging: tab focused event="tab.focus" subsystem="tab" outcome="ok" workspace_id="w0" tab_id="w0:t2"
2026-07-31T18:53:46.108090Z  INFO herdr::logging: session saved event="persist.save" subsystem="persist" outcome="ok" path=/Users/alex/.config/herdr/session.json workspaces=2
2026-07-31T18:54:21.543377Z  INFO herdr::app::actions: copied selection to clipboard
2026-07-31T18:54:22.330565Z  INFO herdr::logging: tab focused event="tab.focus" subsystem="tab" outcome="ok" workspace_id="w0" tab_id="w0:t1"
2026-07-31T18:54:27.355835Z  INFO herdr::logging: session saved event="persist.save" subsystem="persist" outcome="ok" path=/Users/alex/.config/herdr/session.json workspaces=2
2026-07-31T18:55:11.642521Z  INFO herdr::logging: tab focused event="tab.focus" subsystem="tab" outcome="ok" workspace_id="w0" tab_id="w0:t2"
2026-07-31T18:55:16.217738Z  INFO herdr::app::actions: copied selection to clipboard
2026-07-31T18:55:16.663974Z  INFO herdr::logging: session saved event="persist.save" subsystem="persist" outcome="ok" path=/Users/alex/.config/herdr/session.json workspaces=2
2026-07-31T18:55:17.138302Z  INFO herdr::logging: tab focused event="tab.focus" subsystem="tab" outcome="ok" workspace_id="w0" tab_id="w0:t1"
2026-07-31T18:55:21.211632Z  INFO herdr::logging: tab focused event="tab.focus" subsystem="tab" outcome="ok" workspace_id="w0" tab_id="w0:t2"
2026-07-31T18:55:26.223094Z  INFO herdr::logging: session saved event="persist.save" subsystem="persist" outcome="ok" path=/Users/alex/.config/herdr/session.json workspaces=2
2026-07-31T18:55:33.592796Z  INFO herdr::app::actions: copied selection to clipboard
2026-07-31T18:55:39.852449Z  INFO herdr::logging: tab focused event="tab.focus" subsystem="tab" outcome="ok" workspace_id="w0" tab_id="w0:t1"
2026-07-31T18:55:44.869970Z  INFO herdr::logging: session saved event="persist.save" subsystem="persist" outcome="ok" path=/Users/alex/.config/herdr/session.json workspaces=2
2026-07-31T18:55:57.198144Z  INFO herdr::logging: tab focused event="tab.focus" subsystem="tab" outcome="ok" workspace_id="w0" tab_id="w0:t2"
2026-07-31T18:56:02.217949Z  INFO herdr::logging: session saved event="persist.save" subsystem="persist" outcome="ok" path=/Users/alex/.config/herdr/session.json workspaces=2
2026-07-31T18:56:03.688036Z  INFO herdr::app::actions: copied selection to clipboard
2026-07-31T18:56:04.502641Z  INFO herdr::logging: tab focused event="tab.focus" subsystem="tab" outcome="ok" workspace_id="w0" tab_id="w0:t1"
2026-07-31T18:56:09.522837Z  INFO herdr::logging: session saved event="persist.save" subsystem="persist" outcome="ok" path=/Users/alex/.config/herdr/session.json workspaces=2
2026-07-31T18:56:19.665826Z  INFO herdr::logging: tab focused event="tab.focus" subsystem="tab" outcome="ok" workspace_id="w0" tab_id="w0:t2"
2026-07-31T18:56:24.682838Z  INFO herdr::logging: session saved event="persist.save" subsystem="persist" outcome="ok" path=/Users/alex/.config/herdr/session.json workspaces=2
2026-07-31T18:56:34.441770Z  INFO herdr::logging: tab focused event="tab.focus" subsystem="tab" outcome="ok" workspace_id="w0" tab_id="w0:t1"
2026-07-31T18:56:39.458524Z  INFO herdr::logging: session saved event="persist.save" subsystem="persist" outcome="ok" path=/Users/alex/.config/herdr/session.json workspaces=2
2026-07-31T18:56:58.222755Z  INFO herdr::logging: tab focused event="tab.focus" subsystem="tab" outcome="ok" workspace_id="w0" tab_id="w0:t2"
2026-07-31T18:57:00.368893Z  INFO herdr::logging: tab focused event="tab.focus" subsystem="tab" outcome="ok" workspace_id="w0" tab_id="w0:t1"
2026-07-31T18:57:05.386949Z  INFO herdr::logging: session saved event="persist.save" subsystem="persist" outcome="ok" path=/Users/alex/.config/herdr/session.json workspaces=2
2026-07-31T18:57:17.858233Z  INFO herdr::logging: tab focused event="tab.focus" subsystem="tab" outcome="ok" workspace_id="w0" tab_id="w0:t2"
2026-07-31T18:57:22.865343Z  INFO herdr::logging: session saved event="persist.save" subsystem="persist" outcome="ok" path=/Users/alex/.config/herdr/session.json workspaces=2
2026-07-31T18:57:26.184317Z  INFO herdr::logging: tab focused event="tab.focus" subsystem="tab" outcome="ok" workspace_id="w0" tab_id="w0:t1"
2026-07-31T18:57:28.152541Z  INFO herdr::logging: tab focused event="tab.focus" subsystem="tab" outcome="ok" workspace_id="w0" tab_id="w0:t2"
2026-07-31T18:57:33.170091Z  INFO herdr::logging: session saved event="persist.save" subsystem="persist" outcome="ok" path=/Users/alex/.config/herdr/session.json workspaces=2
2026-07-31T18:57:36.574434Z  INFO herdr::app::actions: copied selection to clipboard
2026-07-31T18:57:37.913505Z  INFO herdr::logging: tab focused event="tab.focus" subsystem="tab" outcome="ok" workspace_id="w0" tab_id="w0:t1"
2026-07-31T18:57:42.930590Z  INFO herdr::logging: session saved event="persist.save" subsystem="persist" outcome="ok" path=/Users/alex/.config/herdr/session.json workspaces=2
2026-07-31T18:58:23.058988Z  INFO herdr::logging: tab focused event="tab.focus" subsystem="tab" outcome="ok" workspace_id="w0" tab_id="w0:t2"
2026-07-31T18:58:27.682789Z  INFO herdr::app::actions: copied selection to clipboard
2026-07-31T18:58:28.085660Z  INFO herdr::logging: session saved event="persist.save" subsystem="persist" outcome="ok" path=/Users/alex/.config/herdr/session.json workspaces=2
2026-07-31T18:58:28.483702Z  INFO herdr::logging: tab focused event="tab.focus" subsystem="tab" outcome="ok" workspace_id="w0" tab_id="w0:t1"
2026-07-31T18:58:33.499981Z  INFO herdr::logging: session saved event="persist.save" subsystem="persist" outcome="ok" path=/Users/alex/.config/herdr/session.json workspaces=2
2026-07-31T18:58:44.909047Z  INFO herdr::logging: tab focused event="tab.focus" subsystem="tab" outcome="ok" workspace_id="w0" tab_id="w0:t2"
2026-07-31T18:58:49.927954Z  INFO herdr::logging: session saved event="persist.save" subsystem="persist" outcome="ok" path=/Users/alex/.config/herdr/session.json workspaces=2
2026-07-31T19:05:27.858038Z  INFO herdr::logging: tab focused event="tab.focus" subsystem="tab" outcome="ok" workspace_id="w0" tab_id="w0:t1"
2026-07-31T19:05:32.882821Z  INFO herdr::logging: session saved event="persist.save" subsystem="persist" outcome="ok" path=/Users/alex/.config/herdr/session.json workspaces=2
2026-07-31T19:05:37.061705Z  INFO herdr::logging: tab focused event="tab.focus" subsystem="tab" outcome="ok" workspace_id="w0" tab_id="w0:t2"
2026-07-31T19:05:42.079062Z  INFO herdr::logging: session saved event="persist.save" subsystem="persist" outcome="ok" path=/Users/alex/.config/herdr/session.json workspaces=2
2026-07-31T19:06:05.890931Z  INFO herdr::logging: tab focused event="tab.focus" subsystem="tab" outcome="ok" workspace_id="w0" tab_id="w0:t1"
2026-07-31T19:06:10.910252Z  INFO herdr::logging: session saved event="persist.save" subsystem="persist" outcome="ok" path=/Users/alex/.config/herdr/session.json workspaces=2
2026-07-31T19:06:19.190617Z  INFO herdr::logging: tab focused event="tab.focus" subsystem="tab" outcome="ok" workspace_id="w0" tab_id="w0:t2"
2026-07-31T19:06:19.952989Z  INFO herdr::logging: tab focused event="tab.focus" subsystem="tab" outcome="ok" workspace_id="w0" tab_id="w0:t1"
2026-07-31T19:06:21.368505Z  INFO herdr::logging: tab focused event="tab.focus" subsystem="tab" outcome="ok" workspace_id="w0" tab_id="w0:t2"
2026-07-31T19:06:23.861869Z  INFO herdr::logging: tab focused event="tab.focus" subsystem="tab" outcome="ok" workspace_id="w0" tab_id="w0:t1"
2026-07-31T19:06:28.880773Z  INFO herdr::logging: session saved event="persist.save" subsystem="persist" outcome="ok" path=/Users/alex/.config/herdr/session.json workspaces=2
2026-07-31T19:07:22.373201Z  INFO herdr::logging: tab focused event="tab.focus" subsystem="tab" outcome="ok" workspace_id="w0" tab_id="w0:t2"
2026-07-31T19:07:27.397197Z  INFO herdr::logging: session saved event="persist.save" subsystem="persist" outcome="ok" path=/Users/alex/.config/herdr/session.json workspaces=2
2026-07-31T19:07:51.381484Z  INFO herdr::logging: tab focused event="tab.focus" subsystem="tab" outcome="ok" workspace_id="w0" tab_id="w0:t1"
2026-07-31T19:07:56.404201Z  INFO herdr::logging: session saved event="persist.save" subsystem="persist" outcome="ok" path=/Users/alex/.config/herdr/session.json workspaces=2
2026-07-31T19:08:47.129855Z  INFO herdr::logging: tab focused event="tab.focus" subsystem="tab" outcome="ok" workspace_id="w0" tab_id="w0:t2"
2026-07-31T19:08:52.153143Z  INFO herdr::logging: session saved event="persist.save" subsystem="persist" outcome="ok" path=/Users/alex/.config/herdr/session.json workspaces=2
2026-07-31T19:09:12.799399Z  INFO herdr::app::actions: copied selection to clipboard
2026-07-31T19:09:38.514905Z  INFO herdr::logging: tab focused event="tab.focus" subsystem="tab" outcome="ok" workspace_id="w0" tab_id="w0:t1"
2026-07-31T19:09:43.535379Z  INFO herdr::logging: session saved event="persist.save" subsystem="persist" outcome="ok" path=/Users/alex/.config/herdr/session.json workspaces=2
2026-07-31T19:11:57.245275Z  INFO herdr::logging: tab focused event="tab.focus" subsystem="tab" outcome="ok" workspace_id="w0" tab_id="w0:t2"
2026-07-31T19:11:59.995579Z  INFO herdr::logging: tab focused event="tab.focus" subsystem="tab" outcome="ok" workspace_id="w0" tab_id="w0:t1"
2026-07-31T19:12:05.017490Z  INFO herdr::logging: session saved event="persist.save" subsystem="persist" outcome="ok" path=/Users/alex/.config/herdr/session.json workspaces=2
2026-07-31T19:12:15.621458Z  INFO herdr::logging: tab focused event="tab.focus" subsystem="tab" outcome="ok" workspace_id="w0" tab_id="w0:t2"
2026-07-31T19:12:20.635312Z  INFO herdr::logging: session saved event="persist.save" subsystem="persist" outcome="ok" path=/Users/alex/.config/herdr/session.json workspaces=2
2026-07-31T19:13:25.460904Z  INFO herdr::app::actions: copied selection to clipboard
2026-07-31T19:13:26.961506Z  INFO herdr::logging: tab focused event="tab.focus" subsystem="tab" outcome="ok" workspace_id="w0" tab_id="w0:t1"
2026-07-31T19:13:31.982468Z  INFO herdr::logging: session saved event="persist.save" subsystem="persist" outcome="ok" path=/Users/alex/.config/herdr/session.json workspaces=2
2026-07-31T19:13:36.977834Z  INFO herdr::logging: tab focused event="tab.focus" subsystem="tab" outcome="ok" workspace_id="w0" tab_id="w0:t2"
2026-07-31T19:13:41.993832Z  INFO herdr::logging: session saved event="persist.save" subsystem="persist" outcome="ok" path=/Users/alex/.config/herdr/session.json workspaces=2
2026-07-31T19:14:34.631310Z  INFO herdr::logging: tab focused event="tab.focus" subsystem="tab" outcome="ok" workspace_id="w0" tab_id="w0:t1"
2026-07-31T19:14:39.655244Z  INFO herdr::logging: session saved event="persist.save" subsystem="persist" outcome="ok" path=/Users/alex/.config/herdr/session.json workspaces=2
2026-07-31T19:14:59.441950Z  INFO herdr::logging: checking for updates event="update.check.start" subsystem="update" outcome="started"
2026-07-31T19:15:26.925843Z  INFO herdr::logging: tab focused event="tab.focus" subsystem="tab" outcome="ok" workspace_id="w0" tab_id="w0:t2"
2026-07-31T19:15:31.946402Z  INFO herdr::logging: session saved event="persist.save" subsystem="persist" outcome="ok" path=/Users/alex/.config/herdr/session.json workspaces=2
2026-07-31T19:15:47.537014Z  INFO herdr::logging: tab focused event="tab.focus" subsystem="tab" outcome="ok" workspace_id="w0" tab_id="w0:t1"
2026-07-31T19:15:52.554573Z  INFO herdr::logging: session saved event="persist.save" subsystem="persist" outcome="ok" path=/Users/alex/.config/herdr/session.json workspaces=2
2026-07-31T19:16:09.414478Z  INFO herdr::logging: tab focused event="tab.focus" subsystem="tab" outcome="ok" workspace_id="w0" tab_id="w0:t2"
2026-07-31T19:16:14.432769Z  INFO herdr::logging: session saved event="persist.save" subsystem="persist" outcome="ok" path=/Users/alex/.config/herdr/session.json workspaces=2
2026-07-31T19:16:18.794192Z  INFO herdr::logging: tab focused event="tab.focus" subsystem="tab" outcome="ok" workspace_id="w0" tab_id="w0:t1"
2026-07-31T19:16:23.811619Z  INFO herdr::logging: session saved event="persist.save" subsystem="persist" outcome="ok" path=/Users/alex/.config/herdr/session.json workspaces=2
2026-07-31T19:43:55.352643Z  INFO herdr::logging: spawning pane terminal event="pane.spawn.start" subsystem="pane" outcome="started" pane_id=56 rows=46 cols=147 scrollback_limit_bytes=10000000
2026-07-31T19:43:55.362367Z  INFO herdr::logging: pane child spawned event="pane.spawned" subsystem="pane" outcome="ok" pane_id=56 pid=50836
2026-07-31T19:43:55.363018Z  INFO herdr::logging: tab focused event="tab.focus" subsystem="tab" outcome="ok" workspace_id="w0" tab_id="w0:t3"
2026-07-31T19:44:00.380466Z  INFO herdr::logging: session saved event="persist.save" subsystem="persist" outcome="ok" path=/Users/alex/.config/herdr/session.json workspaces=2
2026-07-31T19:44:17.480371Z  INFO herdr::logging: pane child exited event="pane.exit" subsystem="pane" outcome="completed" pane_id=56 status="ExitStatus { code: 1, signal: None }"
2026-07-31T19:44:17.500686Z  INFO herdr::pane: pane session terminated pane=56 pid=50836 signal=Hangup
2026-07-31T19:44:17.502691Z  WARN herdr::app::actions: PaneDied for unknown pane pane=56
2026-07-31T19:44:18.954911Z  INFO herdr::logging: tab focused event="tab.focus" subsystem="tab" outcome="ok" workspace_id="w0" tab_id="w0:t1"
2026-07-31T19:44:26.657840Z  INFO herdr::logging: session saved event="persist.save" subsystem="persist" outcome="ok" path=/Users/alex/.config/herdr/session.json workspaces=2
2026-07-31T19:44:27.500831Z  INFO herdr::logging: tab focused event="tab.focus" subsystem="tab" outcome="ok" workspace_id="w0" tab_id="w0:t1"
2026-07-31T19:44:32.507522Z  INFO herdr::logging: session saved event="persist.save" subsystem="persist" outcome="ok" path=/Users/alex/.config/herdr/session.json workspaces=2
2026-07-31T19:44:59.435488Z  INFO herdr::logging: checking for updates event="update.check.start" subsystem="update" outcome="started"
2026-07-31T19:45:26.787052Z  INFO herdr::logging: tab focused event="tab.focus" subsystem="tab" outcome="ok" workspace_id="w0" tab_id="w0:t1"
2026-07-31T19:45:30.272745Z  INFO herdr::logging: tab focused event="tab.focus" subsystem="tab" outcome="ok" workspace_id="w0" tab_id="w0:t1"
2026-07-31T19:45:35.279458Z  INFO herdr::logging: session saved event="persist.save" subsystem="persist" outcome="ok" path=/Users/alex/.config/herdr/session.json workspaces=2
2026-07-31T19:47:05.937058Z  INFO herdr::logging: tab focused event="tab.focus" subsystem="tab" outcome="ok" workspace_id="w0" tab_id="w0:t1"
2026-07-31T19:47:10.945207Z  INFO herdr::logging: session saved event="persist.save" subsystem="persist" outcome="ok" path=/Users/alex/.config/herdr/session.json workspaces=2
2026-07-31T19:47:35.679474Z  INFO herdr::logging: tab focused event="tab.focus" subsystem="tab" outcome="ok" workspace_id="w0" tab_id="w0:t2"
2026-07-31T19:47:36.329848Z  INFO herdr::logging: tab focused event="tab.focus" subsystem="tab" outcome="ok" workspace_id="w0" tab_id="w0:t1"
2026-07-31T19:47:41.348065Z  INFO herdr::logging: session saved event="persist.save" subsystem="persist" outcome="ok" path=/Users/alex/.config/herdr/session.json workspaces=2
2026-07-31T19:47:45.786363Z  INFO herdr::logging: tab focused event="tab.focus" subsystem="tab" outcome="ok" workspace_id="w0" tab_id="w0:t2"
2026-07-31T19:47:49.364388Z  INFO herdr::logging: tab focused event="tab.focus" subsystem="tab" outcome="ok" workspace_id="w0" tab_id="w0:t1"
2026-07-31T19:47:54.379525Z  INFO herdr::logging: session saved event="persist.save" subsystem="persist" outcome="ok" path=/Users/alex/.config/herdr/session.json workspaces=2
2026-07-31T19:48:01.278196Z  INFO herdr::logging: session saved event="persist.save" subsystem="persist" outcome="ok" path=/Users/alex/.config/herdr/session.json workspaces=2
2026-07-31T19:48:22.308481Z  INFO herdr::logging: tab focused event="tab.focus" subsystem="tab" outcome="ok" workspace_id="w0" tab_id="w0:t2"
2026-07-31T19:48:23.207526Z  INFO herdr::logging: tab focused event="tab.focus" subsystem="tab" outcome="ok" workspace_id="w0" tab_id="w0:t1"
2026-07-31T19:48:28.224098Z  INFO herdr::logging: session saved event="persist.save" subsystem="persist" outcome="ok" path=/Users/alex/.config/herdr/session.json workspaces=2
2026-07-31T19:49:09.477001Z  INFO herdr::logging: tab focused event="tab.focus" subsystem="tab" outcome="ok" workspace_id="w0" tab_id="w0:t2"
2026-07-31T19:49:13.340853Z  INFO herdr::logging: tab focused event="tab.focus" subsystem="tab" outcome="ok" workspace_id="w0" tab_id="w0:t1"
2026-07-31T19:49:15.034322Z  INFO herdr::logging: tab focused event="tab.focus" subsystem="tab" outcome="ok" workspace_id="w0" tab_id="w0:t2"
2026-07-31T19:49:20.046225Z  INFO herdr::logging: session saved event="persist.save" subsystem="persist" outcome="ok" path=/Users/alex/.config/herdr/session.json workspaces=2
2026-07-31T19:49:40.963221Z  INFO herdr::logging: tab focused event="tab.focus" subsystem="tab" outcome="ok" workspace_id="w0" tab_id="w0:t1"
2026-07-31T19:49:45.977932Z  INFO herdr::logging: session saved event="persist.save" subsystem="persist" outcome="ok" path=/Users/alex/.config/herdr/session.json workspaces=2
2026-07-31T19:50:21.106294Z  INFO herdr::logging: tab focused event="tab.focus" subsystem="tab" outcome="ok" workspace_id="w0" tab_id="w0:t2"
2026-07-31T19:50:26.123085Z  INFO herdr::logging: session saved event="persist.save" subsystem="persist" outcome="ok" path=/Users/alex/.config/herdr/session.json workspaces=2
2026-07-31T19:50:28.410045Z  INFO herdr::app::actions: copied selection to clipboard
2026-07-31T19:50:29.626105Z  INFO herdr::logging: tab focused event="tab.focus" subsystem="tab" outcome="ok" workspace_id="w0" tab_id="w0:t1"
2026-07-31T19:50:34.646202Z  INFO herdr::logging: session saved event="persist.save" subsystem="persist" outcome="ok" path=/Users/alex/.config/herdr/session.json workspaces=2
2026-07-31T19:51:07.987021Z  INFO herdr::logging: tab focused event="tab.focus" subsystem="tab" outcome="ok" workspace_id="w0" tab_id="w0:t2"
2026-07-31T19:51:08.700294Z  INFO herdr::logging: tab focused event="tab.focus" subsystem="tab" outcome="ok" workspace_id="w0" tab_id="w0:t1"
2026-07-31T19:51:13.716419Z  INFO herdr::logging: session saved event="persist.save" subsystem="persist" outcome="ok" path=/Users/alex/.config/herdr/session.json workspaces=2
2026-07-31T19:52:33.578960Z  INFO herdr::logging: tab focused event="tab.focus" subsystem="tab" outcome="ok" workspace_id="w0" tab_id="w0:t2"
2026-07-31T19:52:36.645974Z  INFO herdr::logging: tab focused event="tab.focus" subsystem="tab" outcome="ok" workspace_id="w0" tab_id="w0:t1"
2026-07-31T19:52:41.661827Z  INFO herdr::logging: session saved event="persist.save" subsystem="persist" outcome="ok" path=/Users/alex/.config/herdr/session.json workspaces=2
2026-07-31T19:53:45.552856Z  INFO herdr::logging: tab focused event="tab.focus" subsystem="tab" outcome="ok" workspace_id="w0" tab_id="w0:t2"
2026-07-31T19:53:50.572029Z  INFO herdr::logging: session saved event="persist.save" subsystem="persist" outcome="ok" path=/Users/alex/.config/herdr/session.json workspaces=2
2026-07-31T19:54:47.420696Z  INFO herdr::logging: tab focused event="tab.focus" subsystem="tab" outcome="ok" workspace_id="w0" tab_id="w0:t1"
2026-07-31T19:54:54.177640Z  INFO herdr::logging: session saved event="persist.save" subsystem="persist" outcome="ok" path=/Users/alex/.config/herdr/session.json workspaces=2
2026-07-31T19:59:29.504835Z  INFO herdr::logging: tab focused event="tab.focus" subsystem="tab" outcome="ok" workspace_id="w0" tab_id="w0:t1"
2026-07-31T19:59:34.526347Z  INFO herdr::logging: session saved event="persist.save" subsystem="persist" outcome="ok" path=/Users/alex/.config/herdr/session.json workspaces=2
2026-07-31T19:59:56.035308Z  INFO herdr::logging: tab focused event="tab.focus" subsystem="tab" outcome="ok" workspace_id="w0" tab_id="w0:t1"
2026-07-31T20:00:01.046989Z  INFO herdr::logging: session saved event="persist.save" subsystem="persist" outcome="ok" path=/Users/alex/.config/herdr/session.json workspaces=2
2026-07-31T20:01:26.586928Z  INFO herdr::logging: tab focused event="tab.focus" subsystem="tab" outcome="ok" workspace_id="w0" tab_id="w0:t2"
2026-07-31T20:01:31.604540Z  INFO herdr::logging: session saved event="persist.save" subsystem="persist" outcome="ok" path=/Users/alex/.config/herdr/session.json workspaces=2
2026-07-31T20:24:51.775488Z  INFO herdr::logging: tab focused event="tab.focus" subsystem="tab" outcome="ok" workspace_id="w0" tab_id="w0:t1"
2026-07-31T20:24:56.793645Z  INFO herdr::logging: session saved event="persist.save" subsystem="persist" outcome="ok" path=/Users/alex/.config/herdr/session.json workspaces=2
2026-07-31T20:25:04.754719Z  INFO herdr::logging: session saved event="persist.save" subsystem="persist" outcome="ok" path=/Users/alex/.config/herdr/session.json workspaces=2
2026-07-31T20:25:44.852502Z  INFO herdr::logging: tab focused event="tab.focus" subsystem="tab" outcome="ok" workspace_id="w0" tab_id="w0:t2"
2026-07-31T20:25:49.877195Z  INFO herdr::logging: session saved event="persist.save" subsystem="persist" outcome="ok" path=/Users/alex/.config/herdr/session.json workspaces=2
2026-07-31T20:26:49.603984Z  INFO herdr::logging: tab focused event="tab.focus" subsystem="tab" outcome="ok" workspace_id="w0" tab_id="w0:t1"
2026-07-31T20:26:52.904345Z  INFO herdr::logging: tab focused event="tab.focus" subsystem="tab" outcome="ok" workspace_id="w0" tab_id="w0:t2"
2026-07-31T20:26:54.338647Z  INFO herdr::logging: tab focused event="tab.focus" subsystem="tab" outcome="ok" workspace_id="w0" tab_id="w0:t1"
2026-07-31T20:26:59.351848Z  INFO herdr::logging: session saved event="persist.save" subsystem="persist" outcome="ok" path=/Users/alex/.config/herdr/session.json workspaces=2
2026-07-31T20:27:59.847350Z  INFO herdr::logging: tab focused event="tab.focus" subsystem="tab" outcome="ok" workspace_id="w0" tab_id="w0:t2"
2026-07-31T20:28:04.869753Z  INFO herdr::logging: session saved event="persist.save" subsystem="persist" outcome="ok" path=/Users/alex/.config/herdr/session.json workspaces=2
2026-07-31T20:28:09.019699Z  INFO herdr::logging: tab focused event="tab.focus" subsystem="tab" outcome="ok" workspace_id="w0" tab_id="w0:t1"
2026-07-31T20:28:11.974623Z  INFO herdr::logging: tab focused event="tab.focus" subsystem="tab" outcome="ok" workspace_id="w0" tab_id="w0:t2"
2026-07-31T20:28:16.988608Z  INFO herdr::logging: session saved event="persist.save" subsystem="persist" outcome="ok" path=/Users/alex/.config/herdr/session.json workspaces=2
2026-07-31T20:28:17.511502Z  INFO herdr::logging: tab focused event="tab.focus" subsystem="tab" outcome="ok" workspace_id="w0" tab_id="w0:t1"
2026-07-31T20:28:22.529418Z  INFO herdr::logging: session saved event="persist.save" subsystem="persist" outcome="ok" path=/Users/alex/.config/herdr/session.json workspaces=2
2026-07-31T20:29:11.273974Z  INFO herdr::logging: tab focused event="tab.focus" subsystem="tab" outcome="ok" workspace_id="w0" tab_id="w0:t2"
2026-07-31T20:29:16.288779Z  INFO herdr::logging: session saved event="persist.save" subsystem="persist" outcome="ok" path=/Users/alex/.config/herdr/session.json workspaces=2
2026-07-31T20:30:25.599500Z  INFO herdr::logging: tab focused event="tab.focus" subsystem="tab" outcome="ok" workspace_id="w0" tab_id="w0:t1"
2026-07-31T20:30:30.614082Z  INFO herdr::logging: session saved event="persist.save" subsystem="persist" outcome="ok" path=/Users/alex/.config/herdr/session.json workspaces=2
2026-07-31T20:30:33.830705Z  INFO herdr::logging: tab focused event="tab.focus" subsystem="tab" outcome="ok" workspace_id="w0" tab_id="w0:t2"
2026-07-31T20:30:38.042378Z  INFO herdr::logging: tab focused event="tab.focus" subsystem="tab" outcome="ok" workspace_id="w0" tab_id="w0:t1"
2026-07-31T20:30:40.892134Z  INFO herdr::logging: tab focused event="tab.focus" subsystem="tab" outcome="ok" workspace_id="w0" tab_id="w0:t2"
2026-07-31T20:30:45.914236Z  INFO herdr::logging: session saved event="persist.save" subsystem="persist" outcome="ok" path=/Users/alex/.config/herdr/session.json workspaces=2
2026-07-31T20:30:52.612471Z  INFO herdr::logging: tab focused event="tab.focus" subsystem="tab" outcome="ok" workspace_id="w0" tab_id="w0:t1"
2026-07-31T20:30:57.625388Z  INFO herdr::logging: session saved event="persist.save" subsystem="persist" outcome="ok" path=/Users/alex/.config/herdr/session.json workspaces=2
2026-07-31T20:31:44.986139Z  INFO herdr::logging: tab focused event="tab.focus" subsystem="tab" outcome="ok" workspace_id="w0" tab_id="w0:t2"
2026-07-31T20:31:50.007932Z  INFO herdr::logging: session saved event="persist.save" subsystem="persist" outcome="ok" path=/Users/alex/.config/herdr/session.json workspaces=2
2026-07-31T20:32:23.134606Z  INFO herdr::logging: tab focused event="tab.focus" subsystem="tab" outcome="ok" workspace_id="w0" tab_id="w0:t1"
2026-07-31T20:32:28.156302Z  INFO herdr::logging: session saved event="persist.save" subsystem="persist" outcome="ok" path=/Users/alex/.config/herdr/session.json workspaces=2
2026-07-31T20:33:12.317924Z  INFO herdr::logging: tab focused event="tab.focus" subsystem="tab" outcome="ok" workspace_id="w0" tab_id="w0:t2"
2026-07-31T20:33:17.064573Z  INFO herdr::logging: tab focused event="tab.focus" subsystem="tab" outcome="ok" workspace_id="w0" tab_id="w0:t1"
2026-07-31T20:33:22.084421Z  INFO herdr::logging: session saved event="persist.save" subsystem="persist" outcome="ok" path=/Users/alex/.config/herdr/session.json workspaces=2
2026-07-31T20:33:38.626804Z  INFO herdr::logging: tab focused event="tab.focus" subsystem="tab" outcome="ok" workspace_id="w0" tab_id="w0:t2"
2026-07-31T20:33:43.644582Z  INFO herdr::logging: session saved event="persist.save" subsystem="persist" outcome="ok" path=/Users/alex/.config/herdr/session.json workspaces=2
2026-07-31T20:33:47.106641Z  INFO herdr::logging: tab focused event="tab.focus" subsystem="tab" outcome="ok" workspace_id="w0" tab_id="w0:t1"
2026-07-31T20:33:52.120196Z  INFO herdr::logging: session saved event="persist.save" subsystem="persist" outcome="ok" path=/Users/alex/.config/herdr/session.json workspaces=2
2026-07-31T20:35:14.868117Z  INFO herdr::logging: tab focused event="tab.focus" subsystem="tab" outcome="ok" workspace_id="w0" tab_id="w0:t2"
2026-07-31T20:35:16.759971Z  INFO herdr::logging: tab focused event="tab.focus" subsystem="tab" outcome="ok" workspace_id="w0" tab_id="w0:t1"
2026-07-31T20:35:21.780359Z  INFO herdr::logging: session saved event="persist.save" subsystem="persist" outcome="ok" path=/Users/alex/.config/herdr/session.json workspaces=2
2026-07-31T20:35:35.423639Z  INFO herdr::logging: checking for updates event="update.check.start" subsystem="update" outcome="started"
2026-07-31T20:37:24.750495Z  INFO herdr::logging: tab focused event="tab.focus" subsystem="tab" outcome="ok" workspace_id="w0" tab_id="w0:t2"
2026-07-31T20:37:29.775028Z  INFO herdr::logging: session saved event="persist.save" subsystem="persist" outcome="ok" path=/Users/alex/.config/herdr/session.json workspaces=2
2026-07-31T20:37:39.292178Z  INFO herdr::logging: tab focused event="tab.focus" subsystem="tab" outcome="ok" workspace_id="w0" tab_id="w0:t1"
2026-07-31T20:37:41.050390Z  INFO herdr::logging: tab focused event="tab.focus" subsystem="tab" outcome="ok" workspace_id="w0" tab_id="w0:t2"
2026-07-31T20:37:44.942774Z  INFO herdr::logging: tab focused event="tab.focus" subsystem="tab" outcome="ok" workspace_id="w0" tab_id="w0:t1"
2026-07-31T20:37:49.955754Z  INFO herdr::logging: session saved event="persist.save" subsystem="persist" outcome="ok" path=/Users/alex/.config/herdr/session.json workspaces=2
2026-07-31T20:37:57.929294Z  INFO herdr::logging: tab focused event="tab.focus" subsystem="tab" outcome="ok" workspace_id="w0" tab_id="w0:t2"
2026-07-31T20:38:02.948060Z  INFO herdr::logging: session saved event="persist.save" subsystem="persist" outcome="ok" path=/Users/alex/.config/herdr/session.json workspaces=2
2026-07-31T20:38:08.070162Z  INFO herdr::logging: tab focused event="tab.focus" subsystem="tab" outcome="ok" workspace_id="w0" tab_id="w0:t1"
2026-07-31T20:38:13.087241Z  INFO herdr::logging: session saved event="persist.save" subsystem="persist" outcome="ok" path=/Users/alex/.config/herdr/session.json workspaces=2
2026-07-31T20:39:05.293405Z  INFO herdr::logging: tab focused event="tab.focus" subsystem="tab" outcome="ok" workspace_id="w0" tab_id="w0:t2"
2026-07-31T20:39:10.316573Z  INFO herdr::logging: session saved event="persist.save" subsystem="persist" outcome="ok" path=/Users/alex/.config/herdr/session.json workspaces=2
2026-07-31T20:39:24.753680Z  INFO herdr::logging: tab focused event="tab.focus" subsystem="tab" outcome="ok" workspace_id="w0" tab_id="w0:t1"
2026-07-31T20:39:29.768384Z  INFO herdr::logging: session saved event="persist.save" subsystem="persist" outcome="ok" path=/Users/alex/.config/herdr/session.json workspaces=2
2026-07-31T20:39:45.919388Z  INFO herdr::logging: tab focused event="tab.focus" subsystem="tab" outcome="ok" workspace_id="w0" tab_id="w0:t2"
2026-07-31T20:39:50.940336Z  INFO herdr::logging: session saved event="persist.save" subsystem="persist" outcome="ok" path=/Users/alex/.config/herdr/session.json workspaces=2
2026-07-31T20:41:36.881713Z  INFO herdr::logging: tab focused event="tab.focus" subsystem="tab" outcome="ok" workspace_id="w0" tab_id="w0:t1"
2026-07-31T20:41:41.905887Z  INFO herdr::logging: session saved event="persist.save" subsystem="persist" outcome="ok" path=/Users/alex/.config/herdr/session.json workspaces=2
2026-07-31T21:02:08.715163Z  INFO herdr::logging: tab focused event="tab.focus" subsystem="tab" outcome="ok" workspace_id="w0" tab_id="w0:t2"
2026-07-31T21:02:13.737558Z  INFO herdr::logging: session saved event="persist.save" subsystem="persist" outcome="ok" path=/Users/alex/.config/herdr/session.json workspaces=2
2026-07-31T21:05:35.394834Z  INFO herdr::logging: checking for updates event="update.check.start" subsystem="update" outcome="started"
2026-07-31T21:08:21.479297Z  INFO herdr::logging: tab focused event="tab.focus" subsystem="tab" outcome="ok" workspace_id="w0" tab_id="w0:t1"
2026-07-31T21:08:26.499223Z  INFO herdr::logging: session saved event="persist.save" subsystem="persist" outcome="ok" path=/Users/alex/.config/herdr/session.json workspaces=2
2026-07-31T21:08:55.915253Z  INFO herdr::logging: tab focused event="tab.focus" subsystem="tab" outcome="ok" workspace_id="w0" tab_id="w0:t1"
2026-07-31T21:09:00.928010Z  INFO herdr::logging: session saved event="persist.save" subsystem="persist" outcome="ok" path=/Users/alex/.config/herdr/session.json workspaces=2
2026-07-31T21:09:02.790911Z  INFO herdr::logging: tab focused event="tab.focus" subsystem="tab" outcome="ok" workspace_id="w0" tab_id="w0:t2"
2026-07-31T21:09:07.798385Z  INFO herdr::app::actions: copied selection to clipboard
2026-07-31T21:09:07.803900Z  INFO herdr::logging: session saved event="persist.save" subsystem="persist" outcome="ok" path=/Users/alex/.config/herdr/session.json workspaces=2
2026-07-31T21:09:09.258881Z  INFO herdr::logging: tab focused event="tab.focus" subsystem="tab" outcome="ok" workspace_id="w0" tab_id="w0:t1"
2026-07-31T21:09:14.272598Z  INFO herdr::logging: session saved event="persist.save" subsystem="persist" outcome="ok" path=/Users/alex/.config/herdr/session.json workspaces=2
2026-07-31T21:09:14.819200Z  INFO herdr::server::headless: client resize client_id=2 cols=151 rows=48 cell_width_px=0 cell_height_px=0
2026-07-31T21:09:15.847650Z  INFO herdr::server::headless: client resize client_id=2 cols=151 rows=47 cell_width_px=0 cell_height_px=0
2026-07-31T21:10:03.926328Z  INFO herdr::logging: tab focused event="tab.focus" subsystem="tab" outcome="ok" workspace_id="w0" tab_id="w0:t1"
2026-07-31T21:10:08.938517Z  INFO herdr::logging: session saved event="persist.save" subsystem="persist" outcome="ok" path=/Users/alex/.config/herdr/session.json workspaces=2
2026-07-31T21:10:19.343024Z  INFO herdr::logging: tab focused event="tab.focus" subsystem="tab" outcome="ok" workspace_id="w0" tab_id="w0:t1"
2026-07-31T21:10:21.305496Z  INFO herdr::logging: tab focused event="tab.focus" subsystem="tab" outcome="ok" workspace_id="w0" tab_id="w0:t1"
2026-07-31T21:10:24.055445Z  INFO herdr::logging: tab focused event="tab.focus" subsystem="tab" outcome="ok" workspace_id="w0" tab_id="w0:t1"
2026-07-31T21:10:29.066140Z  INFO herdr::logging: session saved event="persist.save" subsystem="persist" outcome="ok" path=/Users/alex/.config/herdr/session.json workspaces=2
2026-07-31T21:11:23.725228Z  INFO herdr::logging: tab focused event="tab.focus" subsystem="tab" outcome="ok" workspace_id="w0" tab_id="w0:t1"
2026-07-31T21:11:28.740023Z  INFO herdr::logging: session saved event="persist.save" subsystem="persist" outcome="ok" path=/Users/alex/.config/herdr/session.json workspaces=2
2026-07-31T21:11:31.738931Z  INFO herdr::logging: tab focused event="tab.focus" subsystem="tab" outcome="ok" workspace_id="w0" tab_id="w0:t2"
2026-07-31T21:11:36.757322Z  INFO herdr::logging: session saved event="persist.save" subsystem="persist" outcome="ok" path=/Users/alex/.config/herdr/session.json workspaces=2
2026-07-31T21:11:55.780579Z  INFO herdr::logging: tab focused event="tab.focus" subsystem="tab" outcome="ok" workspace_id="w0" tab_id="w0:t1"
2026-07-31T21:12:03.742010Z  INFO herdr::logging: session saved event="persist.save" subsystem="persist" outcome="ok" path=/Users/alex/.config/herdr/session.json workspaces=2
2026-07-31T21:12:34.770167Z  INFO herdr::logging: tab focused event="tab.focus" subsystem="tab" outcome="ok" workspace_id="w0" tab_id="w0:t2"
2026-07-31T21:12:39.788928Z  INFO herdr::logging: session saved event="persist.save" subsystem="persist" outcome="ok" path=/Users/alex/.config/herdr/session.json workspaces=2
2026-07-31T21:12:49.885720Z  INFO herdr::app::actions: copied selection to clipboard
2026-07-31T21:12:51.305261Z  INFO herdr::logging: tab focused event="tab.focus" subsystem="tab" outcome="ok" workspace_id="w0" tab_id="w0:t1"
2026-07-31T21:12:56.317835Z  INFO herdr::logging: session saved event="persist.save" subsystem="persist" outcome="ok" path=/Users/alex/.config/herdr/session.json workspaces=2
2026-07-31T21:13:41.362323Z  INFO herdr::logging: tab focused event="tab.focus" subsystem="tab" outcome="ok" workspace_id="w0" tab_id="w0:t2"
2026-07-31T21:13:46.389268Z  INFO herdr::logging: session saved event="persist.save" subsystem="persist" outcome="ok" path=/Users/alex/.config/herdr/session.json workspaces=2
2026-07-31T21:13:51.759419Z  INFO herdr::app::actions: copied selection to clipboard
2026-07-31T21:13:53.344029Z  INFO herdr::logging: tab focused event="tab.focus" subsystem="tab" outcome="ok" workspace_id="w0" tab_id="w0:t1"
2026-07-31T21:13:58.362080Z  INFO herdr::logging: session saved event="persist.save" subsystem="persist" outcome="ok" path=/Users/alex/.config/herdr/session.json workspaces=2
2026-07-31T21:14:19.993957Z  INFO herdr::logging: tab focused event="tab.focus" subsystem="tab" outcome="ok" workspace_id="w0" tab_id="w0:t2"
2026-07-31T21:14:25.016990Z  INFO herdr::logging: session saved event="persist.save" subsystem="persist" outcome="ok" path=/Users/alex/.config/herdr/session.json workspaces=2
2026-07-31T21:14:32.767001Z  INFO herdr::app::actions: copied selection to clipboard
2026-07-31T21:14:33.535910Z  INFO herdr::logging: tab focused event="tab.focus" subsystem="tab" outcome="ok" workspace_id="w0" tab_id="w0:t1"
2026-07-31T21:14:38.549358Z  INFO herdr::logging: session saved event="persist.save" subsystem="persist" outcome="ok" path=/Users/alex/.config/herdr/session.json workspaces=2
2026-07-31T21:14:40.785901Z  INFO herdr::logging: tab focused event="tab.focus" subsystem="tab" outcome="ok" workspace_id="w0" tab_id="w0:t2"
2026-07-31T21:14:42.195734Z  INFO herdr::logging: tab focused event="tab.focus" subsystem="tab" outcome="ok" workspace_id="w0" tab_id="w0:t1"
2026-07-31T21:14:47.210268Z  INFO herdr::logging: session saved event="persist.save" subsystem="persist" outcome="ok" path=/Users/alex/.config/herdr/session.json workspaces=2
2026-07-31T21:15:12.208439Z  INFO herdr::logging: tab focused event="tab.focus" subsystem="tab" outcome="ok" workspace_id="w0" tab_id="w0:t2"
2026-07-31T21:15:17.186156Z  INFO herdr::logging: tab focused event="tab.focus" subsystem="tab" outcome="ok" workspace_id="w0" tab_id="w0:t1"
2026-07-31T21:15:22.206259Z  INFO herdr::logging: session saved event="persist.save" subsystem="persist" outcome="ok" path=/Users/alex/.config/herdr/session.json workspaces=2
2026-07-31T21:16:14.208562Z  INFO herdr::logging: tab focused event="tab.focus" subsystem="tab" outcome="ok" workspace_id="w0" tab_id="w0:t2"
2026-07-31T21:16:19.235813Z  INFO herdr::logging: session saved event="persist.save" subsystem="persist" outcome="ok" path=/Users/alex/.config/herdr/session.json workspaces=2
2026-07-31T21:16:19.919501Z  INFO herdr::app::actions: copied selection to clipboard
2026-07-31T21:16:20.974189Z  INFO herdr::logging: tab focused event="tab.focus" subsystem="tab" outcome="ok" workspace_id="w0" tab_id="w0:t1"
2026-07-31T21:16:25.992803Z  INFO herdr::logging: session saved event="persist.save" subsystem="persist" outcome="ok" path=/Users/alex/.config/herdr/session.json workspaces=2
2026-07-31T21:16:33.351397Z  INFO herdr::logging: tab focused event="tab.focus" subsystem="tab" outcome="ok" workspace_id="w0" tab_id="w0:t2"
2026-07-31T21:16:38.366098Z  INFO herdr::logging: session saved event="persist.save" subsystem="persist" outcome="ok" path=/Users/alex/.config/herdr/session.json workspaces=2
2026-07-31T21:16:44.431353Z  INFO herdr::app::actions: copied selection to clipboard
2026-07-31T21:16:45.800097Z  INFO herdr::logging: tab focused event="tab.focus" subsystem="tab" outcome="ok" workspace_id="w0" tab_id="w0:t1"
2026-07-31T21:16:50.815527Z  INFO herdr::logging: session saved event="persist.save" subsystem="persist" outcome="ok" path=/Users/alex/.config/herdr/session.json workspaces=2
2026-07-31T21:16:58.317318Z  INFO herdr::logging: tab focused event="tab.focus" subsystem="tab" outcome="ok" workspace_id="w0" tab_id="w0:t2"
2026-07-31T21:17:02.129681Z  INFO herdr::logging: tab focused event="tab.focus" subsystem="tab" outcome="ok" workspace_id="w0" tab_id="w0:t1"
2026-07-31T21:17:07.145152Z  INFO herdr::logging: session saved event="persist.save" subsystem="persist" outcome="ok" path=/Users/alex/.config/herdr/session.json workspaces=2
2026-07-31T21:17:30.633501Z  INFO herdr::logging: tab focused event="tab.focus" subsystem="tab" outcome="ok" workspace_id="w0" tab_id="w0:t2"
2026-07-31T21:17:35.653299Z  INFO herdr::logging: session saved event="persist.save" subsystem="persist" outcome="ok" path=/Users/alex/.config/herdr/session.json workspaces=2
2026-07-31T21:17:36.145879Z  INFO herdr::app::actions: copied selection to clipboard
2026-07-31T21:17:37.144367Z  INFO herdr::logging: tab focused event="tab.focus" subsystem="tab" outcome="ok" workspace_id="w0" tab_id="w0:t1"
2026-07-31T21:17:40.724640Z  INFO herdr::logging: tab focused event="tab.focus" subsystem="tab" outcome="ok" workspace_id="w0" tab_id="w0:t2"
2026-07-31T21:17:44.663116Z  INFO herdr::app::actions: copied selection to clipboard
2026-07-31T21:17:45.256925Z  INFO herdr::logging: tab focused event="tab.focus" subsystem="tab" outcome="ok" workspace_id="w0" tab_id="w0:t1"
2026-07-31T21:17:50.271522Z  INFO herdr::logging: session saved event="persist.save" subsystem="persist" outcome="ok" path=/Users/alex/.config/herdr/session.json workspaces=2
2026-07-31T21:17:53.632069Z  INFO herdr::logging: tab focused event="tab.focus" subsystem="tab" outcome="ok" workspace_id="w0" tab_id="w0:t2"
2026-07-31T21:17:57.357856Z  INFO herdr::logging: tab focused event="tab.focus" subsystem="tab" outcome="ok" workspace_id="w0" tab_id="w0:t1"
2026-07-31T21:18:02.373122Z  INFO herdr::logging: session saved event="persist.save" subsystem="persist" outcome="ok" path=/Users/alex/.config/herdr/session.json workspaces=2
2026-07-31T21:18:04.442833Z  INFO herdr::logging: tab focused event="tab.focus" subsystem="tab" outcome="ok" workspace_id="w0" tab_id="w0:t2"
2026-07-31T21:18:08.415421Z  INFO herdr::logging: tab focused event="tab.focus" subsystem="tab" outcome="ok" workspace_id="w0" tab_id="w0:t1"
2026-07-31T21:18:13.430599Z  INFO herdr::logging: session saved event="persist.save" subsystem="persist" outcome="ok" path=/Users/alex/.config/herdr/session.json workspaces=2
2026-07-31T21:18:14.969606Z  INFO herdr::logging: tab focused event="tab.focus" subsystem="tab" outcome="ok" workspace_id="w0" tab_id="w0:t2"
2026-07-31T21:18:19.981760Z  INFO herdr::logging: session saved event="persist.save" subsystem="persist" outcome="ok" path=/Users/alex/.config/herdr/session.json workspaces=2
2026-07-31T21:18:20.509876Z  INFO herdr::app::actions: copied selection to clipboard
2026-07-31T21:18:20.953021Z  INFO herdr::logging: tab focused event="tab.focus" subsystem="tab" outcome="ok" workspace_id="w0" tab_id="w0:t1"
2026-07-31T21:18:25.966841Z  INFO herdr::logging: session saved event="persist.save" subsystem="persist" outcome="ok" path=/Users/alex/.config/herdr/session.json workspaces=2
2026-07-31T21:18:33.850075Z  INFO herdr::logging: tab focused event="tab.focus" subsystem="tab" outcome="ok" workspace_id="w0" tab_id="w0:t2"
2026-07-31T21:18:37.361892Z  INFO herdr::logging: tab focused event="tab.focus" subsystem="tab" outcome="ok" workspace_id="w0" tab_id="w0:t1"
2026-07-31T21:18:42.382894Z  INFO herdr::logging: session saved event="persist.save" subsystem="persist" outcome="ok" path=/Users/alex/.config/herdr/session.json workspaces=2
2026-07-31T21:18:43.353076Z  INFO herdr::logging: tab focused event="tab.focus" subsystem="tab" outcome="ok" workspace_id="w0" tab_id="w0:t2"
2026-07-31T21:18:48.366764Z  INFO herdr::logging: session saved event="persist.save" subsystem="persist" outcome="ok" path=/Users/alex/.config/herdr/session.json workspaces=2
2026-07-31T21:18:57.127637Z  INFO herdr::logging: tab focused event="tab.focus" subsystem="tab" outcome="ok" workspace_id="w0" tab_id="w0:t1"
2026-07-31T21:19:02.141046Z  INFO herdr::logging: session saved event="persist.save" subsystem="persist" outcome="ok" path=/Users/alex/.config/herdr/session.json workspaces=2
2026-07-31T21:19:32.836792Z  INFO herdr::logging: tab focused event="tab.focus" subsystem="tab" outcome="ok" workspace_id="w0" tab_id="w0:t2"
2026-07-31T21:19:33.644616Z  INFO herdr::logging: tab focused event="tab.focus" subsystem="tab" outcome="ok" workspace_id="w0" tab_id="w0:t1"
2026-07-31T21:19:38.663214Z  INFO herdr::logging: session saved event="persist.save" subsystem="persist" outcome="ok" path=/Users/alex/.config/herdr/session.json workspaces=2
2026-07-31T21:19:49.201967Z  INFO herdr::logging: tab focused event="tab.focus" subsystem="tab" outcome="ok" workspace_id="w0" tab_id="w0:t2"
2026-07-31T21:19:51.096249Z  INFO herdr::logging: tab focused event="tab.focus" subsystem="tab" outcome="ok" workspace_id="w0" tab_id="w0:t1"
2026-07-31T21:19:56.107729Z  INFO herdr::logging: session saved event="persist.save" subsystem="persist" outcome="ok" path=/Users/alex/.config/herdr/session.json workspaces=2
2026-07-31T21:20:12.322695Z  INFO herdr::logging: tab focused event="tab.focus" subsystem="tab" outcome="ok" workspace_id="w0" tab_id="w0:t2"
2026-07-31T21:20:17.343459Z  INFO herdr::logging: session saved event="persist.save" subsystem="persist" outcome="ok" path=/Users/alex/.config/herdr/session.json workspaces=2
2026-07-31T21:20:54.194239Z  INFO herdr::logging: tab focused event="tab.focus" subsystem="tab" outcome="ok" workspace_id="w0" tab_id="w0:t1"
2026-07-31T21:20:59.214480Z  INFO herdr::logging: session saved event="persist.save" subsystem="persist" outcome="ok" path=/Users/alex/.config/herdr/session.json workspaces=2
2026-07-31T21:21:00.720346Z  INFO herdr::logging: tab focused event="tab.focus" subsystem="tab" outcome="ok" workspace_id="w0" tab_id="w0:t2"
2026-07-31T21:21:04.193374Z  INFO herdr::logging: tab focused event="tab.focus" subsystem="tab" outcome="ok" workspace_id="w0" tab_id="w0:t1"
2026-07-31T21:21:09.207921Z  INFO herdr::logging: session saved event="persist.save" subsystem="persist" outcome="ok" path=/Users/alex/.config/herdr/session.json workspaces=2
2026-07-31T21:21:22.408060Z  INFO herdr::logging: tab focused event="tab.focus" subsystem="tab" outcome="ok" workspace_id="w0" tab_id="w0:t2"
2026-07-31T21:21:26.581837Z  INFO herdr::app::actions: copied selection to clipboard
2026-07-31T21:21:27.429966Z  INFO herdr::logging: session saved event="persist.save" subsystem="persist" outcome="ok" path=/Users/alex/.config/herdr/session.json workspaces=2
2026-07-31T21:21:28.320330Z  INFO herdr::logging: tab focused event="tab.focus" subsystem="tab" outcome="ok" workspace_id="w0" tab_id="w0:t1"
2026-07-31T21:21:32.770082Z  INFO herdr::logging: tab focused event="tab.focus" subsystem="tab" outcome="ok" workspace_id="w0" tab_id="w0:t2"
2026-07-31T21:21:37.790388Z  INFO herdr::logging: session saved event="persist.save" subsystem="persist" outcome="ok" path=/Users/alex/.config/herdr/session.json workspaces=2
2026-07-31T21:21:38.201749Z  INFO herdr::logging: tab focused event="tab.focus" subsystem="tab" outcome="ok" workspace_id="w0" tab_id="w0:t1"
2026-07-31T21:21:43.215351Z  INFO herdr::logging: session saved event="persist.save" subsystem="persist" outcome="ok" path=/Users/alex/.config/herdr/session.json workspaces=2
2026-07-31T21:21:58.434939Z  INFO herdr::logging: tab focused event="tab.focus" subsystem="tab" outcome="ok" workspace_id="w0" tab_id="w0:t2"
2026-07-31T21:22:03.455355Z  INFO herdr::logging: session saved event="persist.save" subsystem="persist" outcome="ok" path=/Users/alex/.config/herdr/session.json workspaces=2
2026-07-31T21:22:13.032134Z  INFO herdr::app::actions: copied selection to clipboard
2026-07-31T21:22:13.566230Z  INFO herdr::logging: tab focused event="tab.focus" subsystem="tab" outcome="ok" workspace_id="w0" tab_id="w0:t1"
2026-07-31T21:22:17.633942Z  INFO herdr::logging: tab focused event="tab.focus" subsystem="tab" outcome="ok" workspace_id="w0" tab_id="w0:t2"
2026-07-31T21:22:22.647141Z  INFO herdr::logging: session saved event="persist.save" subsystem="persist" outcome="ok" path=/Users/alex/.config/herdr/session.json workspaces=2
2026-07-31T21:22:51.468029Z  INFO herdr::app::actions: copied selection to clipboard
2026-07-31T21:22:52.297391Z  INFO herdr::logging: tab focused event="tab.focus" subsystem="tab" outcome="ok" workspace_id="w0" tab_id="w0:t1"
2026-07-31T21:22:57.316586Z  INFO herdr::logging: session saved event="persist.save" subsystem="persist" outcome="ok" path=/Users/alex/.config/herdr/session.json workspaces=2
2026-07-31T21:22:59.875403Z  INFO herdr::logging: tab focused event="tab.focus" subsystem="tab" outcome="ok" workspace_id="w0" tab_id="w0:t2"
2026-07-31T21:23:04.891020Z  INFO herdr::logging: session saved event="persist.save" subsystem="persist" outcome="ok" path=/Users/alex/.config/herdr/session.json workspaces=2
2026-07-31T21:23:07.895121Z  INFO herdr::logging: tab focused event="tab.focus" subsystem="tab" outcome="ok" workspace_id="w0" tab_id="w0:t1"
2026-07-31T21:23:09.327063Z  INFO herdr::logging: tab focused event="tab.focus" subsystem="tab" outcome="ok" workspace_id="w0" tab_id="w0:t2"
2026-07-31T21:23:14.339548Z  INFO herdr::logging: session saved event="persist.save" subsystem="persist" outcome="ok" path=/Users/alex/.config/herdr/session.json workspaces=2
2026-07-31T21:23:16.801090Z  INFO herdr::app::actions: copied selection to clipboard
2026-07-31T21:23:17.416435Z  INFO herdr::logging: tab focused event="tab.focus" subsystem="tab" outcome="ok" workspace_id="w0" tab_id="w0:t1"
2026-07-31T21:23:22.433589Z  INFO herdr::logging: session saved event="persist.save" subsystem="persist" outcome="ok" path=/Users/alex/.config/herdr/session.json workspaces=2
2026-07-31T21:23:50.816465Z  INFO herdr::logging: tab focused event="tab.focus" subsystem="tab" outcome="ok" workspace_id="w0" tab_id="w0:t2"
2026-07-31T21:23:55.833714Z  INFO herdr::logging: session saved event="persist.save" subsystem="persist" outcome="ok" path=/Users/alex/.config/herdr/session.json workspaces=2
2026-07-31T21:24:56.158151Z  INFO herdr::logging: tab focused event="tab.focus" subsystem="tab" outcome="ok" workspace_id="w0" tab_id="w0:t1"
2026-07-31T21:25:00.729240Z  INFO herdr::logging: tab focused event="tab.focus" subsystem="tab" outcome="ok" workspace_id="w0" tab_id="w0:t2"
2026-07-31T21:25:02.425878Z  INFO herdr::logging: tab focused event="tab.focus" subsystem="tab" outcome="ok" workspace_id="w0" tab_id="w0:t1"
2026-07-31T21:25:07.445155Z  INFO herdr::logging: session saved event="persist.save" subsystem="persist" outcome="ok" path=/Users/alex/.config/herdr/session.json workspaces=2
2026-07-31T21:25:21.993929Z  INFO herdr::logging: tab focused event="tab.focus" subsystem="tab" outcome="ok" workspace_id="w0" tab_id="w0:t2"
2026-07-31T21:25:24.578078Z  INFO herdr::app::actions: copied selection to clipboard
2026-07-31T21:25:25.329804Z  INFO herdr::logging: tab focused event="tab.focus" subsystem="tab" outcome="ok" workspace_id="w0" tab_id="w0:t1"
2026-07-31T21:25:30.344994Z  INFO herdr::logging: session saved event="persist.save" subsystem="persist" outcome="ok" path=/Users/alex/.config/herdr/session.json workspaces=2
2026-07-31T21:25:31.682406Z  INFO herdr::logging: tab focused event="tab.focus" subsystem="tab" outcome="ok" workspace_id="w0" tab_id="w0:t2"
2026-07-31T21:25:36.699867Z  INFO herdr::logging: session saved event="persist.save" subsystem="persist" outcome="ok" path=/Users/alex/.config/herdr/session.json workspaces=2
2026-07-31T21:25:47.278472Z  INFO herdr::logging: tab focused event="tab.focus" subsystem="tab" outcome="ok" workspace_id="w0" tab_id="w0:t1"
2026-07-31T21:25:49.188917Z  INFO herdr::logging: tab focused event="tab.focus" subsystem="tab" outcome="ok" workspace_id="w0" tab_id="w0:t2"
2026-07-31T21:25:54.206479Z  INFO herdr::logging: session saved event="persist.save" subsystem="persist" outcome="ok" path=/Users/alex/.config/herdr/session.json workspaces=2
2026-07-31T21:26:19.190433Z  INFO herdr::logging: tab focused event="tab.focus" subsystem="tab" outcome="ok" workspace_id="w0" tab_id="w0:t1"
2026-07-31T21:26:24.210063Z  INFO herdr::logging: session saved event="persist.save" subsystem="persist" outcome="ok" path=/Users/alex/.config/herdr/session.json workspaces=2
2026-07-31T21:26:38.341610Z  INFO herdr::logging: tab focused event="tab.focus" subsystem="tab" outcome="ok" workspace_id="w0" tab_id="w0:t2"
2026-07-31T21:26:39.440886Z  INFO herdr::logging: tab focused event="tab.focus" subsystem="tab" outcome="ok" workspace_id="w0" tab_id="w0:t1"
2026-07-31T21:26:44.454291Z  INFO herdr::logging: session saved event="persist.save" subsystem="persist" outcome="ok" path=/Users/alex/.config/herdr/session.json workspaces=2
2026-07-31T21:26:53.204382Z  INFO herdr::logging: tab focused event="tab.focus" subsystem="tab" outcome="ok" workspace_id="w0" tab_id="w0:t2"
2026-07-31T21:26:58.212357Z  INFO herdr::logging: session saved event="persist.save" subsystem="persist" outcome="ok" path=/Users/alex/.config/herdr/session.json workspaces=2
2026-07-31T21:27:50.659968Z  INFO herdr::logging: tab focused event="tab.focus" subsystem="tab" outcome="ok" workspace_id="w0" tab_id="w0:t1"
2026-07-31T21:27:55.682628Z  INFO herdr::logging: session saved event="persist.save" subsystem="persist" outcome="ok" path=/Users/alex/.config/herdr/session.json workspaces=2
2026-07-31T21:35:35.391447Z  INFO herdr::logging: checking for updates event="update.check.start" subsystem="update" outcome="started"
2026-07-31T22:27:23.216382Z  INFO herdr::logging: session saved event="persist.save" subsystem="persist" outcome="ok" path=/Users/alex/.config/herdr/session.json workspaces=2
2026-07-31T22:29:06.712046Z  INFO herdr::logging: tab focused event="tab.focus" subsystem="tab" outcome="ok" workspace_id="w0" tab_id="w0:t2"
2026-07-31T22:29:08.705723Z  INFO herdr::logging: tab focused event="tab.focus" subsystem="tab" outcome="ok" workspace_id="w0" tab_id="w0:t1"
2026-07-31T22:29:13.728308Z  INFO herdr::logging: session saved event="persist.save" subsystem="persist" outcome="ok" path=/Users/alex/.config/herdr/session.json workspaces=2
2026-07-31T22:33:36.855469Z  INFO herdr::logging: tab focused event="tab.focus" subsystem="tab" outcome="ok" workspace_id="w0" tab_id="w0:t2"
2026-07-31T22:33:38.050711Z  INFO herdr::logging: tab focused event="tab.focus" subsystem="tab" outcome="ok" workspace_id="w0" tab_id="w0:t1"
2026-07-31T22:33:43.067688Z  INFO herdr::logging: session saved event="persist.save" subsystem="persist" outcome="ok" path=/Users/alex/.config/herdr/session.json workspaces=2
2026-07-31T22:33:58.050598Z  INFO herdr::logging: tab focused event="tab.focus" subsystem="tab" outcome="ok" workspace_id="w0" tab_id="w0:t2"
2026-07-31T22:34:03.072145Z  INFO herdr::logging: session saved event="persist.save" subsystem="persist" outcome="ok" path=/Users/alex/.config/herdr/session.json workspaces=2
2026-07-31T22:34:13.591781Z  INFO herdr::logging: tab focused event="tab.focus" subsystem="tab" outcome="ok" workspace_id="w0" tab_id="w0:t1"
2026-07-31T22:34:18.611829Z  INFO herdr::logging: session saved event="persist.save" subsystem="persist" outcome="ok" path=/Users/alex/.config/herdr/session.json workspaces=2
2026-07-31T22:51:23.440347Z  INFO herdr::logging: checking for updates event="update.check.start" subsystem="update" outcome="started"
2026-07-31T23:00:26.534155Z  INFO herdr::logging: tab focused event="tab.focus" subsystem="tab" outcome="ok" workspace_id="w0" tab_id="w0:t2"
2026-07-31T23:00:31.554169Z  INFO herdr::logging: session saved event="persist.save" subsystem="persist" outcome="ok" path=/Users/alex/.config/herdr/session.json workspaces=2
2026-07-31T23:00:37.262155Z  INFO herdr::logging: tab focused event="tab.focus" subsystem="tab" outcome="ok" workspace_id="w0" tab_id="w0:t1"
2026-07-31T23:00:42.266257Z  INFO herdr::logging: session saved event="persist.save" subsystem="persist" outcome="ok" path=/Users/alex/.config/herdr/session.json workspaces=2
2026-07-31T23:04:05.394694Z  INFO herdr::logging: tab focused event="tab.focus" subsystem="tab" outcome="ok" workspace_id="w0" tab_id="w0:t1"
2026-07-31T23:04:10.411569Z  INFO herdr::logging: session saved event="persist.save" subsystem="persist" outcome="ok" path=/Users/alex/.config/herdr/session.json workspaces=2
2026-07-31T23:04:31.431667Z  INFO herdr::logging: tab focused event="tab.focus" subsystem="tab" outcome="ok" workspace_id="w0" tab_id="w0:t1"
2026-07-31T23:04:36.446058Z  INFO herdr::logging: session saved event="persist.save" subsystem="persist" outcome="ok" path=/Users/alex/.config/herdr/session.json workspaces=2
2026-07-31T23:05:28.247334Z  INFO herdr::logging: tab focused event="tab.focus" subsystem="tab" outcome="ok" workspace_id="w0" tab_id="w0:t1"
2026-07-31T23:05:33.263929Z  INFO herdr::logging: session saved event="persist.save" subsystem="persist" outcome="ok" path=/Users/alex/.config/herdr/session.json workspaces=2
2026-07-31T23:10:14.989258Z  INFO herdr::logging: tab focused event="tab.focus" subsystem="tab" outcome="ok" workspace_id="w0" tab_id="w0:t1"
2026-07-31T23:10:20.004912Z  INFO herdr::logging: session saved event="persist.save" subsystem="persist" outcome="ok" path=/Users/alex/.config/herdr/session.json workspaces=2
2026-07-31T23:16:03.247650Z  INFO herdr::logging: tab focused event="tab.focus" subsystem="tab" outcome="ok" workspace_id="w0" tab_id="w0:t2"
2026-07-31T23:16:08.266816Z  INFO herdr::logging: session saved event="persist.save" subsystem="persist" outcome="ok" path=/Users/alex/.config/herdr/session.json workspaces=2
2026-07-31T23:18:04.510850Z  INFO herdr::logging: tab focused event="tab.focus" subsystem="tab" outcome="ok" workspace_id="w0" tab_id="w0:t1"
2026-07-31T23:18:09.527148Z  INFO herdr::logging: session saved event="persist.save" subsystem="persist" outcome="ok" path=/Users/alex/.config/herdr/session.json workspaces=2
2026-07-31T23:21:23.449313Z  INFO herdr::logging: checking for updates event="update.check.start" subsystem="update" outcome="started"
2026-07-31T23:28:56.722234Z  INFO herdr::logging: tab focused event="tab.focus" subsystem="tab" outcome="ok" workspace_id="w0" tab_id="w0:t2"
2026-07-31T23:29:01.743053Z  INFO herdr::logging: session saved event="persist.save" subsystem="persist" outcome="ok" path=/Users/alex/.config/herdr/session.json workspaces=2
2026-07-31T23:29:05.101142Z  INFO herdr::logging: tab focused event="tab.focus" subsystem="tab" outcome="ok" workspace_id="w0" tab_id="w0:t1"
2026-07-31T23:29:10.109423Z  INFO herdr::logging: session saved event="persist.save" subsystem="persist" outcome="ok" path=/Users/alex/.config/herdr/session.json workspaces=2
2026-07-31T23:29:30.000090Z  INFO herdr::logging: session saved event="persist.save" subsystem="persist" outcome="ok" path=/Users/alex/.config/herdr/session.json workspaces=2
2026-07-31T23:33:09.540353Z  INFO herdr::logging: tab focused event="tab.focus" subsystem="tab" outcome="ok" workspace_id="w0" tab_id="w0:t2"
2026-07-31T23:33:14.553487Z  INFO herdr::logging: session saved event="persist.save" subsystem="persist" outcome="ok" path=/Users/alex/.config/herdr/session.json workspaces=2
2026-07-31T23:34:42.901782Z  INFO herdr::app::actions: copied selection to clipboard
2026-07-31T23:34:44.326872Z  INFO herdr::logging: tab focused event="tab.focus" subsystem="tab" outcome="ok" workspace_id="w0" tab_id="w0:t1"
2026-07-31T23:34:49.342357Z  INFO herdr::logging: session saved event="persist.save" subsystem="persist" outcome="ok" path=/Users/alex/.config/herdr/session.json workspaces=2
2026-07-31T23:34:55.328540Z  INFO herdr::logging: tab focused event="tab.focus" subsystem="tab" outcome="ok" workspace_id="w0" tab_id="w0:t2"
2026-07-31T23:34:59.120317Z  INFO herdr::logging: tab focused event="tab.focus" subsystem="tab" outcome="ok" workspace_id="w0" tab_id="w0:t1"
2026-07-31T23:35:04.131936Z  INFO herdr::logging: session saved event="persist.save" subsystem="persist" outcome="ok" path=/Users/alex/.config/herdr/session.json workspaces=2
2026-07-31T23:36:13.331409Z  INFO herdr::logging: tab focused event="tab.focus" subsystem="tab" outcome="ok" workspace_id="w0" tab_id="w0:t2"
2026-07-31T23:36:18.344332Z  INFO herdr::logging: session saved event="persist.save" subsystem="persist" outcome="ok" path=/Users/alex/.config/herdr/session.json workspaces=2
2026-07-31T23:36:20.855361Z  INFO herdr::app::actions: copied selection to clipboard
2026-07-31T23:37:09.570374Z  INFO herdr::logging: tab focused event="tab.focus" subsystem="tab" outcome="ok" workspace_id="w0" tab_id="w0:t1"
2026-07-31T23:37:14.582510Z  INFO herdr::logging: session saved event="persist.save" subsystem="persist" outcome="ok" path=/Users/alex/.config/herdr/session.json workspaces=2
2026-07-31T23:51:23.483043Z  INFO herdr::logging: checking for updates event="update.check.start" subsystem="update" outcome="started"
2026-07-31T23:58:53.349099Z  INFO herdr::logging: tab focused event="tab.focus" subsystem="tab" outcome="ok" workspace_id="w0" tab_id="w0:t2"
2026-07-31T23:58:58.368225Z  INFO herdr::logging: session saved event="persist.save" subsystem="persist" outcome="ok" path=/Users/alex/.config/herdr/session.json workspaces=2
2026-08-01T00:00:05.720464Z  INFO herdr::logging: tab focused event="tab.focus" subsystem="tab" outcome="ok" workspace_id="w0" tab_id="w0:t1"
2026-08-01T00:00:10.734378Z  INFO herdr::logging: session saved event="persist.save" subsystem="persist" outcome="ok" path=/Users/alex/.config/herdr/session.json workspaces=2
2026-08-01T00:01:05.145269Z  INFO herdr::logging: tab focused event="tab.focus" subsystem="tab" outcome="ok" workspace_id="w0" tab_id="w0:t2"
2026-08-01T00:01:10.164814Z  INFO herdr::logging: session saved event="persist.save" subsystem="persist" outcome="ok" path=/Users/alex/.config/herdr/session.json workspaces=2
2026-08-01T00:01:10.635112Z  INFO herdr::app::actions: copied selection to clipboard
2026-08-01T00:01:11.712236Z  INFO herdr::logging: tab focused event="tab.focus" subsystem="tab" outcome="ok" workspace_id="w0" tab_id="w0:t1"
2026-08-01T00:01:16.728860Z  INFO herdr::logging: session saved event="persist.save" subsystem="persist" outcome="ok" path=/Users/alex/.config/herdr/session.json workspaces=2
2026-08-01T00:01:17.794512Z  INFO herdr::logging: tab focused event="tab.focus" subsystem="tab" outcome="ok" workspace_id="w0" tab_id="w0:t2"
2026-08-01T00:01:22.711787Z  INFO herdr::logging: tab focused event="tab.focus" subsystem="tab" outcome="ok" workspace_id="w0" tab_id="w0:t1"
2026-08-01T00:01:26.375107Z  INFO herdr::logging: tab focused event="tab.focus" subsystem="tab" outcome="ok" workspace_id="w0" tab_id="w0:t2"
2026-08-01T00:01:31.389764Z  INFO herdr::logging: session saved event="persist.save" subsystem="persist" outcome="ok" path=/Users/alex/.config/herdr/session.json workspaces=2
2026-08-01T00:01:32.946953Z  INFO herdr::logging: tab focused event="tab.focus" subsystem="tab" outcome="ok" workspace_id="w0" tab_id="w0:t1"
2026-08-01T00:01:37.959759Z  INFO herdr::logging: session saved event="persist.save" subsystem="persist" outcome="ok" path=/Users/alex/.config/herdr/session.json workspaces=2
2026-08-01T00:06:17.035816Z  INFO herdr::logging: tab focused event="tab.focus" subsystem="tab" outcome="ok" workspace_id="w0" tab_id="w0:t2"
2026-08-01T00:06:21.559311Z  INFO herdr::logging: tab focused event="tab.focus" subsystem="tab" outcome="ok" workspace_id="w0" tab_id="w0:t1"
2026-08-01T00:06:23.218709Z  INFO herdr::logging: tab focused event="tab.focus" subsystem="tab" outcome="ok" workspace_id="w0" tab_id="w0:t2"
2026-08-01T00:06:28.238966Z  INFO herdr::logging: session saved event="persist.save" subsystem="persist" outcome="ok" path=/Users/alex/.config/herdr/session.json workspaces=2
2026-08-01T00:07:21.142746Z  INFO herdr::logging: tab focused event="tab.focus" subsystem="tab" outcome="ok" workspace_id="w0" tab_id="w0:t1"
2026-08-01T00:07:26.156140Z  INFO herdr::logging: session saved event="persist.save" subsystem="persist" outcome="ok" path=/Users/alex/.config/herdr/session.json workspaces=2
2026-08-01T01:06:27.062028Z  INFO herdr::logging: checking for updates event="update.check.start" subsystem="update" outcome="started"
2026-08-01T01:36:27.091668Z  INFO herdr::logging: checking for updates event="update.check.start" subsystem="update" outcome="started"
2026-08-01T02:06:27.100089Z  INFO herdr::logging: checking for updates event="update.check.start" subsystem="update" outcome="started"
2026-08-01T02:47:53.459393Z  INFO herdr::logging: workspace focused event="workspace.focus" subsystem="workspace" outcome="ok" workspace_id="wX"
2026-08-01T02:47:53.459865Z  INFO herdr::logging: tab focused event="tab.focus" subsystem="tab" outcome="ok" workspace_id="wX" tab_id="wX:t2"
2026-08-01T02:47:55.549057Z  INFO herdr::logging: tab focused event="tab.focus" subsystem="tab" outcome="ok" workspace_id="wX" tab_id="wX:t1"
2026-08-01T02:48:00.559686Z  INFO herdr::logging: session saved event="persist.save" subsystem="persist" outcome="ok" path=/Users/alex/.config/herdr/session.json workspaces=2
2026-08-01T02:49:28.453842Z  INFO herdr::logging: checking for updates event="update.check.start" subsystem="update" outcome="started"
